/* 날씨 그림 — tools/make_weather_icons.py 가 만든다. 고치지 말 것. */
#include <lvgl.h>

static const uint8_t wx_sun_L_map[] = {
  0x00, 0x00, 0x00, 0x00, 0x00, 0x00, 0x00, 0x00, 0x00, 0x00, 0x00, 0x00, 0x00, 0x00, 0x00, 0x00, 0x00, 0x00, 0x00, 0x00, 0x00, 0x00, 0x00, 0x00,
  0x00, 0x00, 0x00, 0x00, 0x00, 0x00, 0x00, 0x00, 0x00, 0x00, 0x00, 0x00, 0x00, 0x00, 0x00, 0x00, 0x00, 0x00, 0x00, 0x00, 0x00, 0x00, 0x00, 0x00,
  0x00, 0x00, 0x00, 0x00, 0x00, 0x00, 0x00, 0x00, 0x00, 0x00, 0x00, 0x00, 0x00, 0x00, 0x00, 0x00, 0x00, 0x00, 0x00, 0x00, 0x00, 0x00, 0x00, 0x00,
  0x00, 0x00, 0x00, 0xe0, 0xff, 0x02, 0xe0, 0xff, 0x02, 0x00, 0x00, 0x00, 0x00, 0x00, 0x00, 0x00, 0x00, 0x00, 0x00, 0x00, 0x00, 0x00, 0x00, 0x00,
  0x00, 0x00, 0x00, 0x00, 0x00, 0x00, 0x00, 0x00, 0x00, 0x00, 0x00, 0x00, 0x00, 0x00, 0x00, 0x00, 0x00, 0x00, 0x00, 0x00, 0x00, 0x00, 0x00, 0x00,
  0x00, 0x00, 0x00, 0x00, 0x00, 0x00, 0x00, 0x00, 0x00, 0x00, 0x00, 0x00, 0x00, 0x00, 0x00, 0x00, 0x00, 0x00, 0x00, 0x00, 0x00, 0x00, 0x00, 0x00,
  0x00, 0x00, 0x00, 0x00, 0x00, 0x00, 0x00, 0x00, 0x00, 0x00, 0x00, 0x00, 0x00, 0x00, 0x00, 0x00, 0x00, 0x00, 0x00, 0x00, 0x00, 0x00, 0x00, 0x00,
  0x00, 0x00, 0x00, 0x00, 0x00, 0x00, 0x00, 0x00, 0x00, 0x00, 0x00, 0x00, 0x00, 0x00, 0x00, 0x00, 0x00, 0x00, 0x00, 0x00, 0x00, 0x00, 0x00, 0x00,
  0x00, 0x00, 0x00, 0x00, 0x00, 0x00, 0x00, 0x00, 0x00, 0x00, 0x00, 0x00, 0x00, 0x00, 0x00, 0x00, 0x00, 0x00, 0x00, 0x00, 0x00, 0x00, 0x00, 0x00,
  0x00, 0x00, 0x00, 0x00, 0x00, 0x00, 0x00, 0x00, 0x00, 0x00, 0x00, 0x00, 0xe0, 0xff, 0x01, 0x00, 0x00, 0x00, 0x00, 0x00, 0x00, 0xe0, 0xff, 0x01,
  0x00, 0x00, 0x00, 0x00, 0x00, 0x00, 0x00, 0x00, 0x00, 0x00, 0x00, 0x00, 0x00, 0x00, 0x00, 0x00, 0x00, 0x00, 0x00, 0x00, 0x00, 0x00, 0x00, 0x00,
  0x00, 0x00, 0x00, 0x00, 0x00, 0x00, 0x00, 0x00, 0x00, 0x00, 0x00, 0x00, 0x00, 0x00, 0x00, 0x00, 0x00, 0x00, 0x00, 0x00, 0x00, 0x00, 0x00, 0x00,
  0x00, 0x00, 0x00, 0x00, 0x00, 0x00, 0x00, 0x00, 0x00, 0x00, 0x00, 0x00, 0x00, 0x00, 0x00, 0x00, 0x00, 0x00, 0x00, 0x00, 0x00, 0x00, 0x00, 0x00,
  0x00, 0x00, 0x00, 0x00, 0x00, 0x00, 0x00, 0x00, 0x00, 0x00, 0x00, 0x00, 0x00, 0x00, 0x00, 0x00, 0x00, 0x00, 0x00, 0x00, 0x00, 0x00, 0x00, 0x00,
  0x00, 0x00, 0x00, 0x00, 0x00, 0x00, 0x00, 0x00, 0x00, 0x00, 0x00, 0x00, 0x00, 0x00, 0x00, 0x00, 0x00, 0x00, 0x00, 0x00, 0x00, 0x00, 0x00, 0x00,
  0x00, 0x00, 0x00, 0x00, 0x00, 0x00, 0x00, 0x00, 0x00, 0x00, 0x00, 0x00, 0x00, 0x00, 0x00, 0x00, 0x00, 0x00, 0x00, 0x00, 0x00, 0xe0, 0xff, 0x01,
  0x00, 0x00, 0x00, 0x82, 0xfd, 0x2c, 0x82, 0xfd, 0x2c, 0x00, 0x00, 0x00, 0xe0, 0xff, 0x01, 0x00, 0x00, 0x00, 0x00, 0x00, 0x00, 0x00, 0x00, 0x00,
  0x00, 0x00, 0x00, 0x00, 0x00, 0x00, 0x00, 0x00, 0x00, 0x00, 0x00, 0x00, 0x00, 0x00, 0x00, 0x00, 0x00, 0x00, 0x00, 0x00, 0x00, 0x00, 0x00, 0x00,
  0x00, 0x00, 0x00, 0x00, 0x00, 0x00, 0x00, 0x00, 0x00, 0x00, 0x00, 0x00, 0x00, 0x00, 0x00, 0x00, 0x00, 0x00, 0x00, 0x00, 0x00, 0x00, 0x00, 0x00,
  0x00, 0x00, 0x00, 0x00, 0x00, 0x00, 0x00, 0x00, 0x00, 0x00, 0x00, 0x00, 0x00, 0x00, 0x00, 0x00, 0x00, 0x00, 0x00, 0x00, 0x00, 0x00, 0x00, 0x00,
  0x00, 0x00, 0x00, 0x00, 0x00, 0x00, 0x00, 0x00, 0x00, 0x00, 0x00, 0x00, 0x00, 0x00, 0x00, 0x00, 0x00, 0x00, 0x00, 0x00, 0x00, 0x00, 0x00, 0x00,
  0x00, 0x00, 0x00, 0x00, 0x00, 0x00, 0x00, 0x00, 0x00, 0x00, 0x00, 0x00, 0x00, 0x00, 0x00, 0x00, 0x00, 0x00, 0x00, 0x00, 0x00, 0x00, 0x00, 0x00,
  0x00, 0x00, 0x00, 0x00, 0x00, 0x00, 0x40, 0xfd, 0x03, 0x00, 0x00, 0x00, 0xc2, 0xfd, 0x43, 0xe2, 0xfd, 0xfc, 0xe2, 0xfd, 0xfc, 0xc2, 0xfd, 0x46,
  0x00, 0x00, 0x00, 0x40, 0xfd, 0x03, 0x00, 0x00, 0x00, 0x00, 0x00, 0x00, 0x00, 0x00, 0x00, 0x00, 0x00, 0x00, 0x00, 0x00, 0x00, 0x00, 0x00, 0x00,
  0x00, 0x00, 0x00, 0x00, 0x00, 0x00, 0x00, 0x00, 0x00, 0x00, 0x00, 0x00, 0x00, 0x00, 0x00, 0x00, 0x00, 0x00, 0x00, 0x00, 0x00, 0x00, 0x00, 0x00,
  0x00, 0x00, 0x00, 0x00, 0x00, 0x00, 0x00, 0x00, 0x00, 0x00, 0x00, 0x00, 0x00, 0x00, 0x00, 0x00, 0x00, 0x00, 0x00, 0x00, 0x00, 0x00, 0x00, 0x00,
  0x00, 0x00, 0x00, 0x00, 0x00, 0x00, 0x00, 0x00, 0x00, 0x00, 0x00, 0x00, 0x00, 0x00, 0x00, 0x00, 0x00, 0x00, 0x00, 0x00, 0x00, 0x00, 0x00, 0x00,
  0x00, 0x00, 0x00, 0x00, 0x00, 0x00, 0x00, 0x00, 0x00, 0x00, 0x00, 0x00, 0x00, 0x00, 0x00, 0x00, 0x00, 0x00, 0x00, 0x00, 0x00, 0x00, 0x00, 0x00,
  0x00, 0x00, 0x00, 0x00, 0x00, 0x00, 0x00, 0x00, 0x00, 0x00, 0x00, 0x00, 0x00, 0x00, 0x00, 0x00, 0x00, 0x00, 0xe0, 0xfd, 0x04, 0x00, 0x00, 0x00,
  0xa2, 0xfd, 0x86, 0x22, 0xfe, 0xff, 0x22, 0xfe, 0xff, 0xa2, 0xfd, 0x78, 0x00, 0x00, 0x00, 0xe0, 0xfd, 0x04, 0x00, 0x00, 0x00, 0x00, 0x00, 0x00,
  0x00, 0x00, 0x00, 0x00, 0x00, 0x00, 0x00, 0x00, 0x00, 0x00, 0x00, 0x00, 0x00, 0x00, 0x00, 0x00, 0x00, 0x00, 0x00, 0x00, 0x00, 0x00, 0x00, 0x00,
  0x00, 0x00, 0x00, 0x00, 0x00, 0x00, 0x00, 0x00, 0x00, 0x00, 0x00, 0x00, 0x00, 0x00, 0x00, 0x00, 0x00, 0x00, 0x00, 0x00, 0x00, 0x00, 0x00, 0x00,
  0x00, 0x00, 0x00, 0x00, 0x00, 0x00, 0x00, 0x00, 0x00, 0x00, 0x00, 0x00, 0x00, 0x00, 0x00, 0x00, 0x00, 0x00, 0x00, 0x00, 0x00, 0x00, 0x00, 0x00,
  0x00, 0x00, 0x00, 0x00, 0x00, 0x00, 0x00, 0x00, 0x00, 0x00, 0x00, 0x00, 0x00, 0x00, 0x00, 0x00, 0x00, 0x00, 0x00, 0x00, 0x00, 0x00, 0x00, 0x00,
  0x00, 0x00, 0x00, 0x00, 0x00, 0x00, 0x00, 0x00, 0x00, 0x00, 0x00, 0x00, 0x00, 0x00, 0x00, 0x00, 0x00, 0x00, 0x00, 0x00, 0x00, 0x00, 0x00, 0x00,
  0x00, 0x00, 0x00, 0x00, 0x00, 0x00, 0xe0, 0xfd, 0x04, 0x00, 0x00, 0x00, 0xa2, 0xfd, 0x7d, 0x22, 0xfe, 0xfe, 0xc2, 0xfd, 0xef, 0xa2, 0xfd, 0x19,
  0x00, 0x00, 0x00, 0xe0, 0xff, 0x01, 0x00, 0x00, 0x00, 0x00, 0x00, 0x00, 0x00, 0x00, 0x00, 0x00, 0x00, 0x00, 0x00, 0x00, 0x00, 0x00, 0x00, 0x00,
  0x00, 0x00, 0x00, 0x00, 0x00, 0x00, 0x00, 0x00, 0x00, 0x00, 0x00, 0x00, 0x00, 0x00, 0x00, 0x00, 0x00, 0x00, 0x00, 0x00, 0x00, 0x00, 0x00, 0x00,
  0x00, 0x00, 0x00, 0x00, 0x00, 0x00, 0x00, 0x00, 0x00, 0x00, 0x00, 0x00, 0x00, 0x00, 0x00, 0x00, 0x00, 0x00, 0x00, 0x00, 0x00, 0x00, 0x00, 0x00,
  0x00, 0x00, 0x00, 0x00, 0x00, 0x00, 0x00, 0x00, 0x00, 0x00, 0x00, 0x00, 0x00, 0x00, 0x00, 0x00, 0x00, 0x00, 0x00, 0x00, 0x00, 0x00, 0x00, 0x00,
  0x00, 0x00, 0x00, 0x00, 0x00, 0x00, 0xe0, 0xff, 0x01, 0x00, 0x00, 0x00, 0x00, 0x00, 0x00, 0x00, 0x00, 0x00, 0x00, 0x00, 0x00, 0x00, 0x00, 0x00,
  0x00, 0x00, 0x00, 0x00, 0x00, 0x00, 0x00, 0x00, 0x00, 0x00, 0x00, 0x00, 0x00, 0x00, 0x00, 0x00, 0x00, 0x00, 0xe0, 0xfd, 0x04, 0x00, 0x00, 0x00,
  0xc2, 0xfd, 0x7e, 0x42, 0xfe, 0xff, 0xa2, 0xfd, 0xe9, 0x61, 0xed, 0x10, 0x00, 0x00, 0x00, 0xe0, 0xff, 0x01, 0x00, 0x00, 0x00, 0x00, 0x00, 0x00,
  0x00, 0x00, 0x00, 0x00, 0x00, 0x00, 0x00, 0x00, 0x00, 0x00, 0x00, 0x00, 0x00, 0x00, 0x00, 0x00, 0x00, 0x00, 0x00, 0x00, 0x00, 0x00, 0x00, 0x00,
  0x00, 0x00, 0x00, 0xe0, 0xff, 0x01, 0x00, 0x00, 0x00, 0x00, 0x00, 0x00, 0x00, 0x00, 0x00, 0x00, 0x00, 0x00, 0x00, 0x00, 0x00, 0x00, 0x00, 0x00,
  0x00, 0x00, 0x00, 0x00, 0x00, 0x00, 0x00, 0x00, 0x00, 0x00, 0x00, 0x00, 0x00, 0x00, 0x00, 0x00, 0x00, 0x00, 0x00, 0x00, 0x00, 0x00, 0x00, 0x00,
  0x00, 0x00, 0x00, 0x00, 0x00, 0x00, 0x00, 0x00, 0x00, 0x00, 0x00, 0x00, 0x00, 0x00, 0x00, 0xe0, 0xfb, 0x02, 0x00, 0x00, 0x00, 0xe0, 0xfb, 0x02,
  0x00, 0x00, 0x00, 0x00, 0x00, 0x00, 0x00, 0x00, 0x00, 0x00, 0x00, 0x00, 0x00, 0x00, 0x00, 0x00, 0x00, 0x00, 0x00, 0x00, 0x00, 0x00, 0x00, 0x00,
  0x00, 0x00, 0x00, 0x00, 0x00, 0x00, 0xe0, 0xfd, 0x04, 0x00, 0x00, 0x00, 0xa2, 0xfd, 0x7d, 0x42, 0xfe, 0xff, 0xa2, 0xfd, 0xe9, 0xc2, 0xe5, 0x0b,
  0x00, 0x00, 0x00, 0xe0, 0xff, 0x01, 0x00, 0x00, 0x00, 0x00, 0x00, 0x00, 0x00, 0x00, 0x00, 0x00, 0x00, 0x00, 0x00, 0x00, 0x00, 0x00, 0x00, 0x00,
  0x00, 0x00, 0x00, 0x00, 0x00, 0x00, 0x00, 0x00, 0x00, 0x00, 0x00, 0x00, 0xe0, 0xfb, 0x02, 0x00, 0x00, 0x00, 0xe0, 0xfb, 0x02, 0x00, 0x00, 0x00,
  0x00, 0x00, 0x00, 0x00, 0x00, 0x00, 0x00, 0x00, 0x00, 0x00, 0x00, 0x00, 0x00, 0x00, 0x00, 0x00, 0x00, 0x00, 0x00, 0x00, 0x00, 0x00, 0x00, 0x00,
  0x00, 0x00, 0x00, 0x00, 0x00, 0x00, 0x00, 0x00, 0x00, 0x00, 0x00, 0x00, 0x00, 0x00, 0x00, 0x00, 0x00, 0x00, 0x00, 0x00, 0x00, 0x00, 0x00, 0x00,
  0x00, 0x00, 0x00, 0x00, 0x00, 0x00, 0x82, 0xfd, 0x0d, 0x00, 0x00, 0x00, 0xe0, 0xff, 0x02, 0x00, 0x00, 0x00, 0x00, 0x00, 0x00, 0x00, 0x00, 0x00,
  0x00, 0x00, 0x00, 0x00, 0x00, 0x00, 0x00, 0x00, 0x00, 0x00, 0x00, 0x00, 0x00, 0x00, 0x00, 0x00, 0x00, 0x00, 0xe0, 0xfd, 0x04, 0x00, 0x00, 0x00,
  0xc2, 0xfd, 0x82, 0x22, 0xfe, 0xfb, 0xe2, 0xfd, 0xf6, 0xa2, 0xfd, 0x48, 0x00, 0x00, 0x00, 0x40, 0xfd, 0x03, 0x00, 0x00, 0x00, 0x00, 0x00, 0x00,
  0x00, 0x00, 0x00, 0x00, 0x00, 0x00, 0x00, 0x00, 0x00, 0x00, 0x00, 0x00, 0x00, 0x00, 0x00, 0x00, 0x00, 0x00, 0x00, 0x00, 0x00, 0xe0, 0xff, 0x02,
  0x00, 0x00, 0x00, 0x82, 0xfd, 0x0d, 0x00, 0x00, 0x00, 0x00, 0x00, 0x00, 0x00, 0x00, 0x00, 0x00, 0x00, 0x00, 0x00, 0x00, 0x00, 0x00, 0x00, 0x00,
  0x00, 0x00, 0x00, 0x00, 0x00, 0x00, 0x00, 0x00, 0x00, 0x00, 0x00, 0x00, 0x00, 0x00, 0x00, 0x00, 0x00, 0x00, 0x00, 0x00, 0x00, 0x00, 0x00, 0x00,
  0x00, 0x00, 0x00, 0x00, 0x00, 0x00, 0x00, 0x00, 0x00, 0xe0, 0xff, 0x02, 0xe0, 0xff, 0x01, 0xa2, 0xfd, 0x81, 0x42, 0xfe, 0xe8, 0xa2, 0xfd, 0x82,
  0x00, 0x00, 0x00, 0xe0, 0xfd, 0x04, 0x00, 0x00, 0x00, 0x00, 0x00, 0x00, 0x00, 0x00, 0x00, 0x00, 0x00, 0x00, 0x00, 0x00, 0x00, 0x00, 0x00, 0x00,
  0x00, 0x00, 0x00, 0x00, 0x00, 0x00, 0xe0, 0xfd, 0x04, 0x00, 0x00, 0x00, 0xc2, 0xfd, 0x73, 0x62, 0xfe, 0xff, 0x62, 0xfe, 0xff, 0xa2, 0xfd, 0x79,
  0x00, 0x00, 0x00, 0xe0, 0xfd, 0x04, 0x00, 0x00, 0x00, 0x00, 0x00, 0x00, 0x00, 0x00, 0x00, 0x00, 0x00, 0x00, 0x00, 0x00, 0x00, 0x00, 0x00, 0x00,
  0x00, 0x00, 0x00, 0x00, 0x00, 0x00, 0xe0, 0xfd, 0x04, 0x00, 0x00, 0x00, 0xa2, 0xfd, 0x82, 0x42, 0xfe, 0xe8, 0xa2, 0xfd, 0x81, 0xe0, 0xff, 0x01,
  0xe0, 0xff, 0x02, 0x00, 0x00, 0x00, 0x00, 0x00, 0x00, 0x00, 0x00, 0x00, 0x00, 0x00, 0x00, 0x00, 0x00, 0x00, 0x00, 0x00, 0x00, 0x00, 0x00, 0x00,
  0x00, 0x00, 0x00, 0x00, 0x00, 0x00, 0x00, 0x00, 0x00, 0x00, 0x00, 0x00, 0x00, 0x00, 0x00, 0x00, 0x00, 0x00, 0xe0, 0xff, 0x01, 0x00, 0x00, 0x00,
  0x42, 0xed, 0x0f, 0xc2, 0xfd, 0xfd, 0x02, 0xfe, 0xff, 0x02, 0xfe, 0xff, 0xc2, 0xfd, 0x65, 0x00, 0x00, 0x00, 0x60, 0xfe, 0x05, 0x00, 0x00, 0x00,
  0x00, 0x00, 0x00, 0x00, 0x00, 0x00, 0x00, 0x00, 0x00, 0x00, 0x00, 0x00, 0x00, 0x00, 0x00, 0x00, 0x00, 0x00, 0xe0, 0xff, 0x01, 0xe0, 0xff, 0x01,
  0x01, 0xfe, 0x11, 0xc2, 0xfd, 0xa0, 0xc2, 0xfd, 0xa0, 0xe1, 0xfd, 0x10, 0xe0, 0xff, 0x01, 0xe0, 0xff, 0x01, 0x00, 0x00, 0x00, 0x00, 0x00, 0x00,
  0x00, 0x00, 0x00, 0x00, 0x00, 0x00, 0x00, 0x00, 0x00, 0x00, 0x00, 0x00, 0x00, 0x00, 0x00, 0x60, 0xfe, 0x05, 0x00, 0x00, 0x00, 0xc2, 0xfd, 0x65,
  0x02, 0xfe, 0xff, 0x02, 0xfe, 0xff, 0xc2, 0xfd, 0xfd, 0x42, 0xed, 0x0f, 0x00, 0x00, 0x00, 0xe0, 0xff, 0x01, 0x00, 0x00, 0x00, 0x00, 0x00, 0x00,
  0x00, 0x00, 0x00, 0x00, 0x00, 0x00, 0x00, 0x00, 0x00, 0x00, 0x00, 0x00, 0x00, 0x00, 0x00, 0x00, 0x00, 0x00, 0x00, 0x00, 0x00, 0x00, 0x00, 0x00,
  0x00, 0x00, 0x00, 0x00, 0x00, 0x00, 0x00, 0x00, 0x00, 0xe0, 0xff, 0x02, 0xe0, 0xfb, 0x02, 0xa2, 0xfd, 0x83, 0x02, 0xfe, 0xff, 0xc2, 0xfd, 0xfa,
  0x02, 0xfe, 0xff, 0xc2, 0xfd, 0x65, 0x00, 0x00, 0x00, 0xe0, 0xfb, 0x02, 0x00, 0x00, 0x00, 0x00, 0x00, 0x00, 0x00, 0x00, 0x00, 0x00, 0x00, 0x00,
  0x00, 0x00, 0x00, 0x00, 0x00, 0x00, 0xe0, 0xff, 0x01, 0x40, 0xfd, 0x03, 0xe0, 0xff, 0x01, 0x00, 0x00, 0x00, 0x00, 0x00, 0x00, 0xe0, 0xff, 0x01,
  0x40, 0xfd, 0x03, 0xe0, 0xff, 0x01, 0x00, 0x00, 0x00, 0x00, 0x00, 0x00, 0x00, 0x00, 0x00, 0x00, 0x00, 0x00, 0x00, 0x00, 0x00, 0x00, 0x00, 0x00,
  0xe0, 0xfb, 0x02, 0x00, 0x00, 0x00, 0xc2, 0xfd, 0x65, 0x02, 0xfe, 0xff, 0xc2, 0xfd, 0xfa, 0x02, 0xfe, 0xff, 0xa2, 0xfd, 0x83, 0xe0, 0xfb, 0x02,
  0xe0, 0xff, 0x02, 0x00, 0x00, 0x00, 0x00, 0x00, 0x00, 0x00, 0x00, 0x00, 0x00, 0x00, 0x00, 0x00, 0x00, 0x00, 0x00, 0x00, 0x00, 0x00, 0x00, 0x00,
  0x00, 0x00, 0x00, 0x00, 0x00, 0x00, 0x00, 0x00, 0x00, 0x00, 0x00, 0x00, 0x00, 0x00, 0x00, 0x00, 0x00, 0x00, 0x00, 0x00, 0x00, 0x00, 0x00, 0x00,
  0xe0, 0xff, 0x02, 0x00, 0x00, 0x00, 0xc2, 0xfd, 0x65, 0x02, 0xfe, 0xff, 0xc2, 0xfd, 0xfb, 0xe2, 0xfd, 0xff, 0xc2, 0xfd, 0x70, 0xe0, 0xfb, 0x02,
  0xe0, 0xfb, 0x02, 0x00, 0x00, 0x00, 0x00, 0x00, 0x00, 0x00, 0x00, 0x00, 0x40, 0xfd, 0x03, 0x40, 0xfd, 0x03, 0x00, 0x00, 0x00, 0x00, 0x00, 0x00,
  0x00, 0x00, 0x00, 0x00, 0x00, 0x00, 0x00, 0x00, 0x00, 0x00, 0x00, 0x00, 0x00, 0x00, 0x00, 0x00, 0x00, 0x00, 0x40, 0xfd, 0x03, 0x40, 0xfd, 0x03,
  0x00, 0x00, 0x00, 0x00, 0x00, 0x00, 0x00, 0x00, 0x00, 0xe0, 0xfb, 0x02, 0xe0, 0xfb, 0x02, 0xc2, 0xfd, 0x70, 0xe2, 0xfd, 0xff, 0xc2, 0xfd, 0xfb,
  0x02, 0xfe, 0xff, 0xc2, 0xfd, 0x65, 0x00, 0x00, 0x00, 0xe0, 0xff, 0x02, 0x00, 0x00, 0x00, 0x00, 0x00, 0x00, 0x00, 0x00, 0x00, 0x00, 0x00, 0x00,
  0x00, 0x00, 0x00, 0x00, 0x00, 0x00, 0x00, 0x00, 0x00, 0x00, 0x00, 0x00, 0x00, 0x00, 0x00, 0x00, 0x00, 0x00, 0x00, 0x00, 0x00, 0x00, 0x00, 0x00,
  0x00, 0x00, 0x00, 0x00, 0x00, 0x00, 0x00, 0x00, 0x00, 0x00, 0x00, 0x00, 0x00, 0x00, 0x00, 0xe0, 0xfd, 0x04, 0x00, 0x00, 0x00, 0xc2, 0xfd, 0x65,
  0xe2, 0xfd, 0xff, 0xc2, 0xfd, 0xf7, 0x42, 0xfe, 0xff, 0xa2, 0xfd, 0x64, 0x00, 0x00, 0x00, 0x40, 0xfd, 0x03, 0xe0, 0xff, 0x01, 0xe0, 0xfb, 0x02,
  0x00, 0x00, 0x00, 0x00, 0x00, 0x00, 0xc1, 0xf5, 0x13, 0xc2, 0xfd, 0x3e, 0xc2, 0xfd, 0x70, 0xe2, 0xfd, 0x7f, 0xe2, 0xfd, 0x7f, 0xc2, 0xfd, 0x70,
  0xc2, 0xfd, 0x3e, 0xc1, 0xf5, 0x13, 0x00, 0x00, 0x00, 0x00, 0x00, 0x00, 0xe0, 0xfb, 0x02, 0xe0, 0xff, 0x01, 0x40, 0xfd, 0x03, 0x00, 0x00, 0x00,
  0xa2, 0xfd, 0x64, 0x42, 0xfe, 0xff, 0xc2, 0xfd, 0xf7, 0xe2, 0xfd, 0xff, 0xc2, 0xfd, 0x65, 0x00, 0x00, 0x00, 0xe0, 0xfd, 0x04, 0x00, 0x00, 0x00,
  0x00, 0x00, 0x00, 0x00, 0x00, 0x00, 0x00, 0x00, 0x00, 0x00, 0x00, 0x00, 0x00, 0x00, 0x00, 0x00, 0x00, 0x00, 0x00, 0x00, 0x00, 0x00, 0x00, 0x00,
  0x00, 0x00, 0x00, 0x00, 0x00, 0x00, 0x00, 0x00, 0x00, 0x00, 0x00, 0x00, 0x00, 0x00, 0x00, 0x00, 0x00, 0x00, 0x00, 0x00, 0x00, 0x00, 0x00, 0x00,
  0x00, 0x00, 0x00, 0x00, 0x00, 0x00, 0x60, 0xfe, 0x05, 0x00, 0x00, 0x00, 0xc2, 0xfd, 0x70, 0x42, 0xfe, 0xff, 0x42, 0xfe, 0xff, 0xc2, 0xfd, 0x63,
  0x00, 0x00, 0x00, 0x40, 0xfd, 0x06, 0x00, 0x00, 0x00, 0x00, 0x00, 0x00, 0xe2, 0xfd, 0x45, 0xe2, 0xfd, 0xa2, 0xe2, 0xfd, 0xec, 0xe2, 0xfd, 0xff,
  0x22, 0xfe, 0xff, 0x22, 0xfe, 0xff, 0x22, 0xfe, 0xff, 0x22, 0xfe, 0xff, 0xe2, 0xfd, 0xff, 0xe2, 0xfd, 0xec, 0xe2, 0xfd, 0xa2, 0xe2, 0xfd, 0x45,
  0x00, 0x00, 0x00, 0x00, 0x00, 0x00, 0x40, 0xfd, 0x06, 0x00, 0x00, 0x00, 0xc2, 0xfd, 0x63, 0x42, 0xfe, 0xff, 0x42, 0xfe, 0xff, 0xc2, 0xfd, 0x70,
  0x00, 0x00, 0x00, 0x60, 0xfe, 0x05, 0x00, 0x00, 0x00, 0x00, 0x00, 0x00, 0x00, 0x00, 0x00, 0x00, 0x00, 0x00, 0x00, 0x00, 0x00, 0x00, 0x00, 0x00,
  0x00, 0x00, 0x00, 0x00, 0x00, 0x00, 0x00, 0x00, 0x00, 0x00, 0x00, 0x00, 0x00, 0x00, 0x00, 0x00, 0x00, 0x00, 0x00, 0x00, 0x00, 0x00, 0x00, 0x00,
  0x00, 0x00, 0x00, 0x00, 0x00, 0x00, 0x00, 0x00, 0x00, 0x00, 0x00, 0x00, 0x00, 0x00, 0x00, 0x00, 0x00, 0x00, 0x00, 0xf8, 0x01, 0x40, 0xfd, 0x03,
  0x00, 0x00, 0x00, 0xc2, 0xfd, 0x63, 0xa2, 0xfd, 0x63, 0xe0, 0xff, 0x01, 0xe0, 0xfd, 0x04, 0x00, 0x00, 0x00, 0x61, 0xf5, 0x13, 0xe2, 0xfd, 0xa7,
  0x02, 0xfe, 0xff, 0x22, 0xfe, 0xff, 0xc1, 0xfd, 0xff, 0xa1, 0xfd, 0xfd, 0xa1, 0xfd, 0xfb, 0xa1, 0xfd, 0xfb, 0xa1, 0xfd, 0xfb, 0xa1, 0xfd, 0xfb,
  0xa2, 0xfd, 0xfd, 0xc2, 0xfd, 0xff, 0x22, 0xfe, 0xff, 0x02, 0xfe, 0xff, 0xe2, 0xfd, 0xa7, 0x61, 0xf5, 0x13, 0x00, 0x00, 0x00, 0xe0, 0xfd, 0x04,
  0xe0, 0xff, 0x01, 0xa2, 0xfd, 0x63, 0xc2, 0xfd, 0x63, 0x00, 0x00, 0x00, 0x40, 0xfd, 0x03, 0x00, 0xf8, 0x01, 0x00, 0x00, 0x00, 0x00, 0x00, 0x00,
  0x00, 0x00, 0x00, 0x00, 0x00, 0x00, 0x00, 0x00, 0x00, 0x00, 0x00, 0x00, 0x00, 0x00, 0x00, 0x00, 0x00, 0x00, 0x00, 0x00, 0x00, 0x00, 0x00, 0x00,
  0x00, 0x00, 0x00, 0x00, 0x00, 0x00, 0x00, 0x00, 0x00, 0x00, 0x00, 0x00, 0x00, 0x00, 0x00, 0x00, 0x00, 0x00, 0x00, 0x00, 0x00, 0x00, 0x00, 0x00,
  0x00, 0x00, 0x00, 0x00, 0x00, 0x00, 0x00, 0x00, 0x00, 0x00, 0x00, 0x00, 0x00, 0x00, 0x00, 0x00, 0x00, 0x00, 0x00, 0x00, 0x00, 0x40, 0xad, 0x03,
  0x00, 0x00, 0x00, 0x82, 0xfd, 0x35, 0xe2, 0xfd, 0xda, 0x22, 0xfe, 0xff, 0xa2, 0xfd, 0xfd, 0xa1, 0xfd, 0xfc, 0xe4, 0xfd, 0xfe, 0x27, 0xfe, 0xff,
  0x69, 0xfe, 0xff, 0x6a, 0xfe, 0xff, 0x69, 0xfe, 0xff, 0x27, 0xfe, 0xff, 0xe3, 0xfd, 0xff, 0xa1, 0xfd, 0xfe, 0xa2, 0xfd, 0xfc, 0xa2, 0xfd, 0xfd,
  0x22, 0xfe, 0xff, 0xe2, 0xfd, 0xda, 0x82, 0xfd, 0x35, 0x00, 0x00, 0x00, 0x40, 0xad, 0x03, 0x00, 0x00, 0x00, 0x00, 0x00, 0x00, 0x00, 0x00, 0x00,
  0x00, 0x00, 0x00, 0x00, 0x00, 0x00, 0x00, 0x00, 0x00, 0x00, 0x00, 0x00, 0x00, 0x00, 0x00, 0x00, 0x00, 0x00, 0x00, 0x00, 0x00, 0x00, 0x00, 0x00,
  0x00, 0x00, 0x00, 0x00, 0x00, 0x00, 0x00, 0x00, 0x00, 0x00, 0x00, 0x00, 0x00, 0x00, 0x00, 0x00, 0x00, 0x00, 0x00, 0x00, 0x00, 0x00, 0x00, 0x00,
  0x00, 0x00, 0x00, 0x00, 0x00, 0x00, 0x00, 0x00, 0x00, 0x00, 0x00, 0x00, 0x00, 0x00, 0x00, 0x00, 0x00, 0x00, 0x00, 0x00, 0x00, 0x00, 0x00, 0x00,
  0x00, 0x00, 0x00, 0xe0, 0xff, 0x03, 0x40, 0xfd, 0x06, 0x00, 0x00, 0x00, 0xa2, 0xfd, 0x34, 0xe2, 0xfd, 0xee, 0x02, 0xfe, 0xff, 0xa1, 0xfd, 0xfb,
  0xe4, 0xfd, 0xff, 0x6a, 0xfe, 0xff, 0xad, 0xfe, 0xff, 0xcd, 0xfe, 0xff, 0xcd, 0xfe, 0xff, 0xcd, 0xfe, 0xff, 0xcd, 0xfe, 0xff, 0xcd, 0xfe, 0xff,
  0xac, 0xfe, 0xff, 0x48, 0xfe, 0xff, 0xc2, 0xfd, 0xff, 0xa1, 0xfd, 0xff, 0xa2, 0xfd, 0xfb, 0x02, 0xfe, 0xff, 0xe2, 0xfd, 0xee, 0xa2, 0xfd, 0x34,
  0x00, 0x00, 0x00, 0x40, 0xfd, 0x06, 0xe0, 0xff, 0x03, 0x00, 0x00, 0x00, 0x00, 0x00, 0x00, 0x00, 0x00, 0x00, 0x00, 0x00, 0x00, 0x00, 0x00, 0x00,
  0x00, 0x00, 0x00, 0x00, 0x00, 0x00, 0x00, 0x00, 0x00, 0x00, 0x00, 0x00, 0x00, 0x00, 0x00, 0x00, 0x00, 0x00, 0x00, 0x00, 0x00, 0x00, 0x00, 0x00,
  0x00, 0x00, 0x00, 0x00, 0x00, 0x00, 0x00, 0x00, 0x00, 0x00, 0x00, 0x00, 0x00, 0x00, 0x00, 0x00, 0x00, 0x00, 0x00, 0x00, 0x00, 0x00, 0x00, 0x00,
  0x00, 0x00, 0x00, 0x00, 0x00, 0x00, 0x00, 0x00, 0x00, 0x00, 0x00, 0x00, 0x00, 0x00, 0x00, 0xe0, 0xff, 0x01, 0xe0, 0xfb, 0x02, 0xc1, 0xf5, 0x12,
  0xc2, 0xfd, 0xde, 0x02, 0xfe, 0xff, 0xa1, 0xfd, 0xfb, 0x06, 0xfe, 0xff, 0xac, 0xfe, 0xff, 0xcd, 0xfe, 0xff, 0xac, 0xfe, 0xff, 0xac, 0xfe, 0xff,
  0xac, 0xfe, 0xff, 0xac, 0xfe, 0xff, 0xac, 0xfe, 0xff, 0xac, 0xfe, 0xff, 0xac, 0xfe, 0xff, 0xcd, 0xfe, 0xff, 0x8b, 0xfe, 0xff, 0xe4, 0xfd, 0xff,
  0xa1, 0xfd, 0xff, 0xa2, 0xfd, 0xfb, 0x02, 0xfe, 0xff, 0xc2, 0xfd, 0xde, 0xc1, 0xf5, 0x12, 0xe0, 0xfb, 0x02, 0xe0, 0xff, 0x01, 0x00, 0x00, 0x00,
  0x00, 0x00, 0x00, 0x00, 0x00, 0x00, 0x00, 0x00, 0x00, 0x00, 0x00, 0x00, 0x00, 0x00, 0x00, 0x00, 0x00, 0x00, 0x00, 0x00, 0x00, 0x00, 0x00, 0x00,
  0x00, 0x00, 0x00, 0x00, 0x00, 0x00, 0x00, 0x00, 0x00, 0x00, 0x00, 0x00, 0x00, 0x00, 0x00, 0x00, 0x00, 0x00, 0x00, 0x00, 0x00, 0x00, 0x00, 0x00,
  0x00, 0x00, 0x00, 0x00, 0x00, 0x00, 0x00, 0x00, 0x00, 0x00, 0x00, 0x00, 0x00, 0x00, 0x00, 0x00, 0x00, 0x00, 0x00, 0x00, 0x00, 0x00, 0x00, 0x00,
  0x00, 0x00, 0x00, 0x40, 0xfd, 0x03, 0x00, 0x00, 0x00, 0xa2, 0xfd, 0xaa, 0x22, 0xfe, 0xff, 0xa1, 0xfd, 0xfb, 0xe4, 0xfd, 0xff, 0xad, 0xfe, 0xff,
  0xac, 0xfe, 0xff, 0xac, 0xfe, 0xff, 0xac, 0xfe, 0xff, 0xac, 0xfe, 0xff, 0xac, 0xfe, 0xff, 0xac, 0xfe, 0xff, 0xac, 0xfe, 0xff, 0xac, 0xfe, 0xff,
  0xac, 0xfe, 0xff, 0xac, 0xfe, 0xff, 0xcd, 0xfe, 0xff, 0x8b, 0xfe, 0xff, 0xc2, 0xfd, 0xff, 0xc2, 0xfd, 0xff, 0xa2, 0xfd, 0xfb, 0x22, 0xfe, 0xff,
  0xa2, 0xfd, 0xaa, 0x00, 0x00, 0x00, 0x40, 0xfd, 0x03, 0x00, 0x00, 0x00, 0x00, 0x00, 0x00, 0x00, 0x00, 0x00, 0x00, 0x00, 0x00, 0x00, 0x00, 0x00,
  0x00, 0x00, 0x00, 0x00, 0x00, 0x00, 0x00, 0x00, 0x00, 0x00, 0x00, 0x00, 0x00, 0x00, 0x00, 0x00, 0x00, 0x00, 0x00, 0x00, 0x00, 0x00, 0x00, 0x00,
  0x00, 0x00, 0x00, 0x00, 0x00, 0x00, 0x00, 0x00, 0x00, 0x00, 0x00, 0x00, 0x00, 0x00, 0x00, 0x00, 0x00, 0x00, 0x00, 0x00, 0x00, 0x00, 0x00, 0x00,
  0x00, 0x00, 0x00, 0x00, 0x00, 0x00, 0x00, 0x00, 0x00, 0x00, 0x00, 0x00, 0x40, 0xfd, 0x03, 0x00, 0x00, 0x00, 0xa2, 0xfd, 0x40, 0x02, 0xfe, 0xff,
  0xa2, 0xfd, 0xfc, 0xc2, 0xfd, 0xff, 0x8b, 0xfe, 0xff, 0xcd, 0xfe, 0xff, 0xac, 0xfe, 0xff, 0xac, 0xfe, 0xff, 0xac, 0xfe, 0xff, 0xac, 0xfe, 0xff,
  0xac, 0xfe, 0xff, 0xac, 0xfe, 0xff, 0xac, 0xfe, 0xff, 0xac, 0xfe, 0xff, 0xac, 0xfe, 0xff, 0xac, 0xfe, 0xff, 0xac, 0xfe, 0xff, 0xcd, 0xfe, 0xff,
  0x49, 0xfe, 0xff, 0xa1, 0xfd, 0xff, 0xc2, 0xfd, 0xff, 0xa2, 0xfd, 0xfc, 0x02, 0xfe, 0xff, 0xa2, 0xfd, 0x40, 0x00, 0x00, 0x00, 0x40, 0xfd, 0x03,
  0x00, 0x00, 0x00, 0x00, 0x00, 0x00, 0x00, 0x00, 0x00, 0x00, 0x00, 0x00, 0x00, 0x00, 0x00, 0x00, 0x00, 0x00, 0x00, 0x00, 0x00, 0x00, 0x00, 0x00,
  0x00, 0x00, 0x00, 0x00, 0x00, 0x00, 0x00, 0x00, 0x00, 0x00, 0x00, 0x00, 0x00, 0x00, 0x00, 0x00, 0x00, 0x00, 0x00, 0x00, 0x00, 0x00, 0x00, 0x00,
  0x00, 0x00, 0x00, 0x00, 0x00, 0x00, 0x00, 0x00, 0x00, 0x00, 0x00, 0x00, 0x00, 0x00, 0x00, 0x00, 0x00, 0x00, 0x00, 0x00, 0x00, 0x00, 0x00, 0x00,
  0x40, 0xfd, 0x03, 0x00, 0x00, 0x00, 0xa2, 0xfd, 0xa7, 0x22, 0xfe, 0xfe, 0xa1, 0xfd, 0xfb, 0x06, 0xfe, 0xff, 0xcd, 0xfe, 0xff, 0xac, 0xfe, 0xff,
  0xac, 0xfe, 0xff, 0xac, 0xfe, 0xff, 0xac, 0xfe, 0xff, 0xac, 0xfe, 0xff, 0xac, 0xfe, 0xff, 0xac, 0xfe, 0xff, 0xac, 0xfe, 0xff, 0xac, 0xfe, 0xff,
  0xac, 0xfe, 0xff, 0xac, 0xfe, 0xff, 0xac, 0xfe, 0xff, 0xac, 0xfe, 0xff, 0xac, 0xfe, 0xff, 0xe3, 0xfd, 0xff, 0xa2, 0xfd, 0xff, 0xa2, 0xfd, 0xfb,
  0x22, 0xfe, 0xfe, 0xa2, 0xfd, 0xa7, 0x00, 0x00, 0x00, 0x40, 0xfd, 0x03, 0x00, 0x00, 0x00, 0x00, 0x00, 0x00, 0x00, 0x00, 0x00, 0x00, 0x00, 0x00,
  0x00, 0x00, 0x00, 0x00, 0x00, 0x00, 0x00, 0x00, 0x00, 0x00, 0x00, 0x00, 0x00, 0x00, 0x00, 0x00, 0x00, 0x00, 0x00, 0x00, 0x00, 0x00, 0x00, 0x00,
  0x00, 0x00, 0x00, 0x00, 0x00, 0x00, 0x00, 0x00, 0x00, 0x40, 0xfd, 0x03, 0xe0, 0xfd, 0x04, 0x40, 0xfd, 0x03, 0x40, 0xfd, 0x03, 0x40, 0xfd, 0x03,
  0x40, 0xfd, 0x03, 0xe0, 0xfd, 0x04, 0xe0, 0xff, 0x01, 0xe0, 0xff, 0x01, 0x00, 0x00, 0x00, 0x81, 0xf5, 0x14, 0xc2, 0xfd, 0xef, 0xc2, 0xfd, 0xff,
  0xa1, 0xfd, 0xfe, 0x69, 0xfe, 0xff, 0xcd, 0xfe, 0xff, 0xac, 0xfe, 0xff, 0xac, 0xfe, 0xff, 0xac, 0xfe, 0xff, 0xac, 0xfe, 0xff, 0xac, 0xfe, 0xff,
  0xac, 0xfe, 0xff, 0xac, 0xfe, 0xff, 0xac, 0xfe, 0xff, 0xac, 0xfe, 0xff, 0xac, 0xfe, 0xff, 0xac, 0xfe, 0xff, 0xac, 0xfe, 0xff, 0xac, 0xfe, 0xff,
  0xcd, 0xfe, 0xff, 0x27, 0xfe, 0xff, 0xa1, 0xfd, 0xff, 0xc2, 0xfd, 0xfe, 0xc2, 0xfd, 0xff, 0xc2, 0xfd, 0xef, 0x81, 0xf5, 0x14, 0x00, 0x00, 0x00,
  0xe0, 0xff, 0x01, 0xe0, 0xff, 0x01, 0xe0, 0xfd, 0x04, 0x40, 0xfd, 0x03, 0xe0, 0xff, 0x01, 0xe0, 0xff, 0x01, 0xe0, 0xfb, 0x02, 0xe0, 0xfd, 0x04,
  0x40, 0xfd, 0x03, 0x00, 0x00, 0x00, 0x00, 0x00, 0x00, 0x00, 0x00, 0x00, 0x00, 0x00, 0x00, 0x00, 0x00, 0x00, 0x00, 0xf8, 0x01, 0x00, 0x00, 0x00,
  0x00, 0x00, 0x00, 0x00, 0x00, 0x00, 0x00, 0x00, 0x00, 0x00, 0x00, 0x00, 0x00, 0x00, 0x00, 0x00, 0x00, 0x00, 0x00, 0x00, 0x00, 0x40, 0xfd, 0x03,
  0x00, 0x00, 0x00, 0xc2, 0xfd, 0x3b, 0xe2, 0xfd, 0xfe, 0xc2, 0xfd, 0xfd, 0xc2, 0xfd, 0xff, 0x8b, 0xfe, 0xff, 0xad, 0xfe, 0xff, 0xac, 0xfe, 0xff,
  0xac, 0xfe, 0xff, 0xac, 0xfe, 0xff, 0xac, 0xfe, 0xff, 0xac, 0xfe, 0xff, 0xac, 0xfe, 0xff, 0xac, 0xfe, 0xff, 0xac, 0xfe, 0xff, 0xac, 0xfe, 0xff,
  0xac, 0xfe, 0xff, 0xac, 0xfe, 0xff, 0xac, 0xfe, 0xff, 0xac, 0xfe, 0xff, 0xcd, 0xfe, 0xff, 0x69, 0xfe, 0xff, 0xa1, 0xfd, 0xff, 0xc2, 0xfd, 0xff,
  0xa2, 0xfd, 0xfd, 0xe2, 0xfd, 0xfe, 0xc2, 0xfd, 0x3b, 0x00, 0x00, 0x00, 0x40, 0xfd, 0x03, 0x00, 0x00, 0x00, 0x00, 0x00, 0x00, 0x00, 0x00, 0x00,
  0x00, 0x00, 0x00, 0x00, 0x00, 0x00, 0x00, 0x00, 0x00, 0x00, 0x00, 0x00, 0x00, 0x00, 0x00, 0x00, 0xf8, 0x01, 0x00, 0x00, 0x00, 0x00, 0x00, 0x00,
  0x00, 0x00, 0x00, 0xe0, 0xff, 0x01, 0x00, 0x00, 0x00, 0xa2, 0xfd, 0x45, 0xe2, 0xfd, 0x73, 0xc2, 0xfd, 0x41, 0xc2, 0xfd, 0x42, 0xc2, 0xfd, 0x41,
  0xa2, 0xfd, 0x54, 0xe2, 0xfd, 0x72, 0xc2, 0xfd, 0x0f, 0x40, 0xfd, 0x03, 0x00, 0x00, 0x00, 0xa2, 0xfd, 0x71, 0x22, 0xfe, 0xff, 0xa2, 0xfd, 0xfb,
  0xc3, 0xfd, 0xff, 0xac, 0xfe, 0xff, 0xac, 0xfe, 0xff, 0xac, 0xfe, 0xff, 0xac, 0xfe, 0xff, 0xac, 0xfe, 0xff, 0xac, 0xfe, 0xff, 0xac, 0xfe, 0xff,
  0xac, 0xfe, 0xff, 0xac, 0xfe, 0xff, 0xac, 0xfe, 0xff, 0xac, 0xfe, 0xff, 0xac, 0xfe, 0xff, 0xac, 0xfe, 0xff, 0xac, 0xfe, 0xff, 0xac, 0xfe, 0xff,
  0xcd, 0xfe, 0xff, 0x6a, 0xfe, 0xff, 0xa1, 0xfd, 0xff, 0xc2, 0xfd, 0xff, 0xa2, 0xfd, 0xfb, 0x22, 0xfe, 0xff, 0xa2, 0xfd, 0x71, 0x00, 0x00, 0x00,
  0x40, 0xfd, 0x03, 0xa2, 0xfd, 0x0e, 0x02, 0xfe, 0x72, 0xa2, 0xfd, 0x47, 0xa1, 0xf5, 0x11, 0xc1, 0xfd, 0x12, 0xa2, 0xfd, 0x1c, 0x02, 0xfe, 0x73,
  0xa2, 0xfd, 0x45, 0x00, 0x00, 0x00, 0xe0, 0xff, 0x01, 0x00, 0x00, 0x00, 0xe0, 0xff, 0x02, 0x00, 0x00, 0x00, 0xc2, 0xfd, 0x2c, 0xe2, 0xfd, 0xfe,
  0x02, 0xfe, 0xff, 0xe2, 0xfd, 0xff, 0xe2, 0xfd, 0xff, 0xe2, 0xfd, 0xff, 0xe2, 0xfd, 0xff, 0x62, 0xfe, 0xff, 0xa2, 0xfd, 0xa3, 0x00, 0x00, 0x00,
  0x00, 0x00, 0x00, 0xc2, 0xfd, 0x82, 0x22, 0xfe, 0xff, 0xa2, 0xfd, 0xfb, 0xc2, 0xfd, 0xff, 0xac, 0xfe, 0xff, 0xac, 0xfe, 0xff, 0xac, 0xfe, 0xff,
  0xac, 0xfe, 0xff, 0xac, 0xfe, 0xff, 0xac, 0xfe, 0xff, 0xac, 0xfe, 0xff, 0xac, 0xfe, 0xff, 0xac, 0xfe, 0xff, 0xac, 0xfe, 0xff, 0xac, 0xfe, 0xff,
  0xac, 0xfe, 0xff, 0xac, 0xfe, 0xff, 0xac, 0xfe, 0xff, 0xac, 0xfe, 0xff, 0xcd, 0xfe, 0xff, 0x6a, 0xfe, 0xff, 0xa1, 0xfd, 0xff, 0xc2, 0xfd, 0xff,
  0xa2, 0xfd, 0xfb, 0x22, 0xfe, 0xff, 0xc2, 0xfd, 0x82, 0x00, 0x00, 0x00, 0x00, 0x00, 0x00, 0xa2, 0xfd, 0xa3, 0x62, 0xfe, 0xff, 0xa2, 0xfd, 0xfe,
  0xc2, 0xfd, 0xea, 0xc2, 0xfd, 0xea, 0xc2, 0xfd, 0xf1, 0x02, 0xfe, 0xff, 0xe2, 0xfd, 0xfe, 0xc2, 0xfd, 0x2c, 0x00, 0x00, 0x00, 0xe0, 0xff, 0x02,
  0xe0, 0xff, 0x02, 0x00, 0x00, 0x00, 0xc2, 0xfd, 0x2c, 0xe2, 0xfd, 0xfe, 0x02, 0xfe, 0xff, 0xe2, 0xfd, 0xff, 0xe2, 0xfd, 0xff, 0xe2, 0xfd, 0xff,
  0xe2, 0xfd, 0xff, 0x62, 0xfe, 0xff, 0xa2, 0xfd, 0xa3, 0x00, 0x00, 0x00, 0x00, 0x00, 0x00, 0xc2, 0xfd, 0x82, 0x22, 0xfe, 0xff, 0xa2, 0xfd, 0xfb,
  0xa1, 0xfd, 0xff, 0x6a, 0xfe, 0xff, 0xcd, 0xfe, 0xff, 0xac, 0xfe, 0xff, 0xac, 0xfe, 0xff, 0xac, 0xfe, 0xff, 0xac, 0xfe, 0xff, 0xac, 0xfe, 0xff,
  0xac, 0xfe, 0xff, 0xac, 0xfe, 0xff, 0xac, 0xfe, 0xff, 0xac, 0xfe, 0xff, 0xac, 0xfe, 0xff, 0xac, 0xfe, 0xff, 0xac, 0xfe, 0xff, 0xac, 0xfe, 0xff,
  0xcd, 0xfe, 0xff, 0x27, 0xfe, 0xff, 0xa1, 0xfd, 0xff, 0xc2, 0xfd, 0xff, 0xa2, 0xfd, 0xfb, 0x22, 0xfe, 0xff, 0xc2, 0xfd, 0x82, 0x00, 0x00, 0x00,
  0x00, 0x00, 0x00, 0xa2, 0xfd, 0xa3, 0x62, 0xfe, 0xff, 0x02, 0xfe, 0xff, 0x42, 0xfe, 0xff, 0x42, 0xfe, 0xff, 0x22, 0xfe, 0xff, 0x22, 0xfe, 0xff,
  0xe2, 0xfd, 0xfe, 0xc2, 0xfd, 0x2c, 0x00, 0x00, 0x00, 0xe0, 0xff, 0x02, 0x00, 0x00, 0x00, 0xe0, 0xff, 0x01, 0x00, 0x00, 0x00, 0xa2, 0xfd, 0x45,
  0xe2, 0xfd, 0x73, 0xc2, 0xfd, 0x41, 0xc2, 0xfd, 0x42, 0xc2, 0xfd, 0x41, 0xa2, 0xfd, 0x54, 0xe2, 0xfd, 0x72, 0xc2, 0xfd, 0x0f, 0x40, 0xfd, 0x03,
  0x00, 0x00, 0x00, 0xa2, 0xfd, 0x71, 0x22, 0xfe, 0xff, 0xc2, 0xfd, 0xfb, 0xa1, 0xfd, 0xff, 0x27, 0xfe, 0xff, 0xcd, 0xfe, 0xff, 0xac, 0xfe, 0xff,
  0xac, 0xfe, 0xff, 0xac, 0xfe, 0xff, 0xac, 0xfe, 0xff, 0xac, 0xfe, 0xff, 0xac, 0xfe, 0xff, 0xac, 0xfe, 0xff, 0xac, 0xfe, 0xff, 0xac, 0xfe, 0xff,
  0xac, 0xfe, 0xff, 0xac, 0xfe, 0xff, 0xac, 0xfe, 0xff, 0xac, 0xfe, 0xff, 0xad, 0xfe, 0xff, 0xe4, 0xfd, 0xff, 0xa1, 0xfd, 0xff, 0xc2, 0xfd, 0xff,
  0xa2, 0xfd, 0xfb, 0x22, 0xfe, 0xff, 0xa2, 0xfd, 0x71, 0x00, 0x00, 0x00, 0x40, 0xfd, 0x03, 0xc2, 0xfd, 0x0f, 0xe2, 0xfd, 0x70, 0xe2, 0xfd, 0x7e,
  0xc2, 0xfd, 0x7e, 0xc2, 0xfd, 0x7e, 0xa2, 0xfd, 0x7d, 0x02, 0xfe, 0x80, 0xa2, 0xfd, 0x42, 0x00, 0x00, 0x00, 0xe0, 0xff, 0x01, 0x00, 0x00, 0x00,
  0x00, 0x00, 0x00, 0x00, 0x00, 0x00, 0x00, 0xf8, 0x01, 0x00, 0x00, 0x00, 0x00, 0x00, 0x00, 0x00, 0x00, 0x00, 0x00, 0x00, 0x00, 0x00, 0x00, 0x00,
  0x00, 0x00, 0x00, 0x00, 0x00, 0x00, 0x00, 0x00, 0x00, 0x40, 0xfd, 0x03, 0x00, 0x00, 0x00, 0xc2, 0xfd, 0x3b, 0xe2, 0xfd, 0xfe, 0xc2, 0xfd, 0xfd,
  0xa2, 0xfd, 0xff, 0xc3, 0xfd, 0xff, 0xac, 0xfe, 0xff, 0xac, 0xfe, 0xff, 0xac, 0xfe, 0xff, 0xac, 0xfe, 0xff, 0xac, 0xfe, 0xff, 0xac, 0xfe, 0xff,
  0xac, 0xfe, 0xff, 0xac, 0xfe, 0xff, 0xac, 0xfe, 0xff, 0xac, 0xfe, 0xff, 0xac, 0xfe, 0xff, 0xac, 0xfe, 0xff, 0xac, 0xfe, 0xff, 0xcd, 0xfe, 0xff,
  0x6a, 0xfe, 0xff, 0xa1, 0xfd, 0xff, 0xc2, 0xfd, 0xff, 0xc2, 0xfd, 0xff, 0xa2, 0xfd, 0xfd, 0xe2, 0xfd, 0xfe, 0xc2, 0xfd, 0x3b, 0x00, 0x00, 0x00,
  0x40, 0xfd, 0x03, 0x00, 0x00, 0x00, 0x00, 0x00, 0x00, 0x00, 0x00, 0x00, 0x00, 0x00, 0x00, 0x00, 0x00, 0x00, 0x00, 0x00, 0x00, 0x00, 0x00, 0x00,
  0x00, 0x00, 0x00, 0x00, 0xf8, 0x01, 0x00, 0x00, 0x00, 0x00, 0x00, 0x00, 0x00, 0x00, 0x00, 0x00, 0x00, 0x00, 0x00, 0x00, 0x00, 0x40, 0xfd, 0x03,
  0xe0, 0xfd, 0x04, 0x40, 0xfd, 0x03, 0x40, 0xfd, 0x03, 0x40, 0xfd, 0x03, 0x40, 0xfd, 0x03, 0xe0, 0xfd, 0x04, 0xe0, 0xff, 0x01, 0xe0, 0xff, 0x01,
  0x00, 0x00, 0x00, 0x81, 0xf5, 0x14, 0xc2, 0xfd, 0xef, 0xc2, 0xfd, 0xff, 0xc2, 0xfd, 0xfe, 0xa1, 0xfd, 0xff, 0x26, 0xfe, 0xff, 0xcd, 0xfe, 0xff,
  0xac, 0xfe, 0xff, 0xac, 0xfe, 0xff, 0xac, 0xfe, 0xff, 0xac, 0xfe, 0xff, 0xac, 0xfe, 0xff, 0xac, 0xfe, 0xff, 0xac, 0xfe, 0xff, 0xac, 0xfe, 0xff,
  0xac, 0xfe, 0xff, 0xac, 0xfe, 0xff, 0xac, 0xfe, 0xff, 0xac, 0xfe, 0xff, 0xe4, 0xfd, 0xff, 0xa2, 0xfd, 0xff, 0xc2, 0xfd, 0xff, 0xa2, 0xfd, 0xfe,
  0xc2, 0xfd, 0xff, 0xc2, 0xfd, 0xef, 0x81, 0xf5, 0x14, 0x00, 0x00, 0x00, 0xe0, 0xff, 0x01, 0xe0, 0xff, 0x01, 0xe0, 0xfd, 0x04, 0xe0, 0xfd, 0x04,
  0xe0, 0xfd, 0x04, 0xe0, 0xfd, 0x04, 0xe0, 0xfd, 0x04, 0xe0, 0xfd, 0x04, 0x40, 0xfd, 0x03, 0x00, 0x00, 0x00, 0x00, 0x00, 0x00, 0x00, 0x00, 0x00,
  0x00, 0x00, 0x00, 0x00, 0x00, 0x00, 0x00, 0x00, 0x00, 0x00, 0x00, 0x00, 0x00, 0x00, 0x00, 0x00, 0x00, 0x00, 0x00, 0x00, 0x00, 0x00, 0x00, 0x00,
  0x00, 0x00, 0x00, 0x00, 0x00, 0x00, 0x00, 0x00, 0x00, 0x00, 0x00, 0x00, 0x40, 0xfd, 0x03, 0x00, 0x00, 0x00, 0xa2, 0xfd, 0xa7, 0x22, 0xfe, 0xfe,
  0xa2, 0xfd, 0xfb, 0xc2, 0xfd, 0xff, 0xa1, 0xfd, 0xff, 0x48, 0xfe, 0xff, 0xcd, 0xfe, 0xff, 0xad, 0xfe, 0xff, 0xac, 0xfe, 0xff, 0xac, 0xfe, 0xff,
  0xac, 0xfe, 0xff, 0xac, 0xfe, 0xff, 0xac, 0xfe, 0xff, 0xac, 0xfe, 0xff, 0xac, 0xfe, 0xff, 0xad, 0xfe, 0xff, 0xad, 0xfe, 0xff, 0x06, 0xfe, 0xff,
  0xa1, 0xfd, 0xff, 0xc2, 0xfd, 0xff, 0xc2, 0xfd, 0xff, 0xa2, 0xfd, 0xfb, 0x22, 0xfe, 0xfe, 0xa2, 0xfd, 0xa7, 0x00, 0x00, 0x00, 0x40, 0xfd, 0x03,
  0x00, 0x00, 0x00, 0x00, 0x00, 0x00, 0x00, 0x00, 0x00, 0x00, 0x00, 0x00, 0x00, 0x00, 0x00, 0x00, 0x00, 0x00, 0x00, 0x00, 0x00, 0x00, 0x00, 0x00,
  0x00, 0x00, 0x00, 0x00, 0x00, 0x00, 0x00, 0x00, 0x00, 0x00, 0x00, 0x00, 0x00, 0x00, 0x00, 0x00, 0x00, 0x00, 0x00, 0x00, 0x00, 0x00, 0x00, 0x00,
  0x00, 0x00, 0x00, 0x00, 0x00, 0x00, 0x00, 0x00, 0x00, 0x00, 0x00, 0x00, 0x00, 0x00, 0x00, 0x00, 0x00, 0x00, 0x00, 0x00, 0x00, 0x00, 0x00, 0x00,
  0x40, 0xfd, 0x03, 0x00, 0x00, 0x00, 0xa2, 0xfd, 0x40, 0x02, 0xfe, 0xff, 0xa2, 0xfd, 0xfc, 0xc2, 0xfd, 0xff, 0xc2, 0xfd, 0xff, 0xa1, 0xfd, 0xff,
  0x06, 0xfe, 0xff, 0xac, 0xfe, 0xff, 0xcd, 0xfe, 0xff, 0xcd, 0xfe, 0xff, 0xad, 0xfe, 0xff, 0xac, 0xfe, 0xff, 0xad, 0xfe, 0xff, 0xcd, 0xfe, 0xff,
  0xcd, 0xfe, 0xff, 0x8b, 0xfe, 0xff, 0xe4, 0xfd, 0xff, 0xa1, 0xfd, 0xff, 0xc2, 0xfd, 0xff, 0xc2, 0xfd, 0xff, 0xc2, 0xfd, 0xff, 0xa2, 0xfd, 0xfc,
  0x02, 0xfe, 0xff, 0xa2, 0xfd, 0x40, 0x00, 0x00, 0x00, 0x40, 0xfd, 0x03, 0x00, 0x00, 0x00, 0x00, 0x00, 0x00, 0x00, 0x00, 0x00, 0x00, 0x00, 0x00,
  0x00, 0x00, 0x00, 0x00, 0x00, 0x00, 0x00, 0x00, 0x00, 0x00, 0x00, 0x00, 0x00, 0x00, 0x00, 0x00, 0x00, 0x00, 0x00, 0x00, 0x00, 0x00, 0x00, 0x00,
  0x00, 0x00, 0x00, 0x00, 0x00, 0x00, 0x00, 0x00, 0x00, 0x00, 0x00, 0x00, 0x00, 0x00, 0x00, 0x00, 0x00, 0x00, 0x00, 0x00, 0x00, 0x00, 0x00, 0x00,
  0x00, 0x00, 0x00, 0x00, 0x00, 0x00, 0x00, 0x00, 0x00, 0x00, 0x00, 0x00, 0x00, 0x00, 0x00, 0x40, 0xfd, 0x03, 0x00, 0x00, 0x00, 0xa2, 0xfd, 0xaa,
  0x22, 0xfe, 0xff, 0xa2, 0xfd, 0xfb, 0xc2, 0xfd, 0xff, 0xc2, 0xfd, 0xff, 0xa1, 0xfd, 0xff, 0xc3, 0xfd, 0xff, 0x27, 0xfe, 0xff, 0x6a, 0xfe, 0xff,
  0xab, 0xfe, 0xff, 0xac, 0xfe, 0xff, 0x8b, 0xfe, 0xff, 0x69, 0xfe, 0xff, 0x06, 0xfe, 0xff, 0xc2, 0xfd, 0xff, 0xa1, 0xfd, 0xff, 0xc2, 0xfd, 0xff,
  0xc2, 0xfd, 0xff, 0xc2, 0xfd, 0xff, 0xa2, 0xfd, 0xfb, 0x22, 0xfe, 0xff, 0xa2, 0xfd, 0xaa, 0x00, 0x00, 0x00, 0x40, 0xfd, 0x03, 0x00, 0x00, 0x00,
  0x00, 0x00, 0x00, 0x00, 0x00, 0x00, 0x00, 0x00, 0x00, 0x00, 0x00, 0x00, 0x00, 0x00, 0x00, 0x00, 0x00, 0x00, 0x00, 0x00, 0x00, 0x00, 0x00, 0x00,
  0x00, 0x00, 0x00, 0x00, 0x00, 0x00, 0x00, 0x00, 0x00, 0x00, 0x00, 0x00, 0x00, 0x00, 0x00, 0x00, 0x00, 0x00, 0x00, 0x00, 0x00, 0x00, 0x00, 0x00,
  0x00, 0x00, 0x00, 0x00, 0x00, 0x00, 0x00, 0x00, 0x00, 0x00, 0x00, 0x00, 0x00, 0x00, 0x00, 0x00, 0x00, 0x00, 0x00, 0x00, 0x00, 0x00, 0x00, 0x00,
  0x00, 0x00, 0x00, 0xe0, 0xff, 0x01, 0xe0, 0xfb, 0x02, 0xc1, 0xf5, 0x12, 0xc2, 0xfd, 0xde, 0x02, 0xfe, 0xff, 0xa2, 0xfd, 0xfb, 0xc2, 0xfd, 0xff,
  0xc2, 0xfd, 0xff, 0xa2, 0xfd, 0xff, 0xa1, 0xfd, 0xff, 0xa2, 0xfd, 0xff, 0xc3, 0xfd, 0xff, 0xc3, 0xfd, 0xff, 0xc2, 0xfd, 0xff, 0xa1, 0xfd, 0xff,
  0xa1, 0xfd, 0xff, 0xc2, 0xfd, 0xff, 0xc2, 0xfd, 0xff, 0xc2, 0xfd, 0xff, 0xc2, 0xfd, 0xff, 0xa2, 0xfd, 0xfb, 0x02, 0xfe, 0xff, 0xc2, 0xfd, 0xde,
  0xc1, 0xf5, 0x12, 0xe0, 0xfb, 0x02, 0xe0, 0xff, 0x01, 0x00, 0x00, 0x00, 0x00, 0x00, 0x00, 0x00, 0x00, 0x00, 0x00, 0x00, 0x00, 0x00, 0x00, 0x00,
  0x00, 0x00, 0x00, 0x00, 0x00, 0x00, 0x00, 0x00, 0x00, 0x00, 0x00, 0x00, 0x00, 0x00, 0x00, 0x00, 0x00, 0x00, 0x00, 0x00, 0x00, 0x00, 0x00, 0x00,
  0x00, 0x00, 0x00, 0x00, 0x00, 0x00, 0x00, 0x00, 0x00, 0x00, 0x00, 0x00, 0x00, 0x00, 0x00, 0x00, 0x00, 0x00, 0x00, 0x00, 0x00, 0x00, 0x00, 0x00,
  0x00, 0x00, 0x00, 0x00, 0x00, 0x00, 0x00, 0x00, 0x00, 0x00, 0x00, 0x00, 0x00, 0x00, 0x00, 0xe0, 0xff, 0x03, 0x40, 0xfd, 0x06, 0x00, 0x00, 0x00,
  0xa2, 0xfd, 0x34, 0xe2, 0xfd, 0xee, 0x02, 0xfe, 0xff, 0xa2, 0xfd, 0xfb, 0xc2, 0xfd, 0xff, 0xc2, 0xfd, 0xff, 0xc2, 0xfd, 0xff, 0xc2, 0xfd, 0xff,
  0xc2, 0xfd, 0xff, 0xa2, 0xfd, 0xff, 0xc2, 0xfd, 0xff, 0xc2, 0xfd, 0xff, 0xc2, 0xfd, 0xff, 0xc2, 0xfd, 0xff, 0xc2, 0xfd, 0xff, 0xc2, 0xfd, 0xff,
  0xa2, 0xfd, 0xfb, 0x02, 0xfe, 0xff, 0xe2, 0xfd, 0xee, 0xa2, 0xfd, 0x34, 0x00, 0x00, 0x00, 0x40, 0xfd, 0x06, 0xe0, 0xff, 0x03, 0x00, 0x00, 0x00,
  0x00, 0x00, 0x00, 0x00, 0x00, 0x00, 0x00, 0x00, 0x00, 0x00, 0x00, 0x00, 0x00, 0x00, 0x00, 0x00, 0x00, 0x00, 0x00, 0x00, 0x00, 0x00, 0x00, 0x00,
  0x00, 0x00, 0x00, 0x00, 0x00, 0x00, 0x00, 0x00, 0x00, 0x00, 0x00, 0x00, 0x00, 0x00, 0x00, 0x00, 0x00, 0x00, 0x00, 0x00, 0x00, 0x00, 0x00, 0x00,
  0x00, 0x00, 0x00, 0x00, 0x00, 0x00, 0x00, 0x00, 0x00, 0x00, 0x00, 0x00, 0x00, 0x00, 0x00, 0x00, 0x00, 0x00, 0x00, 0x00, 0x00, 0x00, 0x00, 0x00,
  0x00, 0x00, 0x00, 0x00, 0x00, 0x00, 0x00, 0x00, 0x00, 0x40, 0xad, 0x03, 0x00, 0x00, 0x00, 0x82, 0xfd, 0x35, 0xe2, 0xfd, 0xda, 0x22, 0xfe, 0xff,
  0xa2, 0xfd, 0xfd, 0xa2, 0xfd, 0xfc, 0xa2, 0xfd, 0xfe, 0xc2, 0xfd, 0xff, 0xc2, 0xfd, 0xff, 0xc2, 0xfd, 0xff, 0xc2, 0xfd, 0xff, 0xc2, 0xfd, 0xff,
  0xc2, 0xfd, 0xff, 0xa2, 0xfd, 0xfe, 0xa2, 0xfd, 0xfc, 0xa2, 0xfd, 0xfd, 0x22, 0xfe, 0xff, 0xe2, 0xfd, 0xda, 0x82, 0xfd, 0x35, 0x00, 0x00, 0x00,
  0x40, 0xad, 0x03, 0x00, 0x00, 0x00, 0x00, 0x00, 0x00, 0x00, 0x00, 0x00, 0x00, 0x00, 0x00, 0x00, 0x00, 0x00, 0x00, 0x00, 0x00, 0x00, 0x00, 0x00,
  0x00, 0x00, 0x00, 0x00, 0x00, 0x00, 0x00, 0x00, 0x00, 0x00, 0x00, 0x00, 0x00, 0x00, 0x00, 0x00, 0x00, 0x00, 0x00, 0x00, 0x00, 0x00, 0x00, 0x00,
  0x00, 0x00, 0x00, 0x00, 0x00, 0x00, 0x00, 0x00, 0x00, 0x00, 0x00, 0x00, 0x00, 0x00, 0x00, 0x00, 0x00, 0x00, 0x00, 0x00, 0x00, 0x00, 0x00, 0x00,
  0x00, 0x00, 0x00, 0x00, 0x00, 0x00, 0x00, 0xf8, 0x01, 0x40, 0xfd, 0x03, 0x00, 0x00, 0x00, 0xc2, 0xfd, 0x63, 0xa2, 0xfd, 0x63, 0xe0, 0xff, 0x01,
  0xe0, 0xfd, 0x04, 0x00, 0x00, 0x00, 0x61, 0xf5, 0x13, 0xe2, 0xfd, 0xa7, 0x02, 0xfe, 0xff, 0x02, 0xfe, 0xff, 0xc2, 0xfd, 0xff, 0xc2, 0xfd, 0xfd,
  0xa2, 0xfd, 0xfb, 0xa2, 0xfd, 0xfb, 0xa2, 0xfd, 0xfb, 0xa2, 0xfd, 0xfb, 0xc2, 0xfd, 0xfd, 0xc2, 0xfd, 0xff, 0x02, 0xfe, 0xff, 0x02, 0xfe, 0xff,
  0xe2, 0xfd, 0xa7, 0x61, 0xf5, 0x13, 0x00, 0x00, 0x00, 0xe0, 0xfd, 0x04, 0xe0, 0xff, 0x01, 0xa2, 0xfd, 0x63, 0xc2, 0xfd, 0x63, 0x00, 0x00, 0x00,
  0x40, 0xfd, 0x03, 0x00, 0xf8, 0x01, 0x00, 0x00, 0x00, 0x00, 0x00, 0x00, 0x00, 0x00, 0x00, 0x00, 0x00, 0x00, 0x00, 0x00, 0x00, 0x00, 0x00, 0x00,
  0x00, 0x00, 0x00, 0x00, 0x00, 0x00, 0x00, 0x00, 0x00, 0x00, 0x00, 0x00, 0x00, 0x00, 0x00, 0x00, 0x00, 0x00, 0x00, 0x00, 0x00, 0x00, 0x00, 0x00,
  0x00, 0x00, 0x00, 0x00, 0x00, 0x00, 0x00, 0x00, 0x00, 0x00, 0x00, 0x00, 0x00, 0x00, 0x00, 0x00, 0x00, 0x00, 0x60, 0xfe, 0x05, 0x00, 0x00, 0x00,
  0xc2, 0xfd, 0x70, 0x42, 0xfe, 0xff, 0x42, 0xfe, 0xff, 0xc2, 0xfd, 0x63, 0x00, 0x00, 0x00, 0x40, 0xfd, 0x06, 0x00, 0x00, 0x00, 0x00, 0x00, 0x00,
  0xe2, 0xfd, 0x45, 0xe2, 0xfd, 0xa2, 0xe2, 0xfd, 0xec, 0xe2, 0xfd, 0xff, 0x22, 0xfe, 0xff, 0x22, 0xfe, 0xff, 0x22, 0xfe, 0xff, 0x22, 0xfe, 0xff,
  0xe2, 0xfd, 0xff, 0xe2, 0xfd, 0xec, 0xe2, 0xfd, 0xa2, 0xe2, 0xfd, 0x45, 0x00, 0x00, 0x00, 0x00, 0x00, 0x00, 0x40, 0xfd, 0x06, 0x00, 0x00, 0x00,
  0xc2, 0xfd, 0x63, 0x42, 0xfe, 0xff, 0x42, 0xfe, 0xff, 0xc2, 0xfd, 0x70, 0x00, 0x00, 0x00, 0x60, 0xfe, 0x05, 0x00, 0x00, 0x00, 0x00, 0x00, 0x00,
  0x00, 0x00, 0x00, 0x00, 0x00, 0x00, 0x00, 0x00, 0x00, 0x00, 0x00, 0x00, 0x00, 0x00, 0x00, 0x00, 0x00, 0x00, 0x00, 0x00, 0x00, 0x00, 0x00, 0x00,
  0x00, 0x00, 0x00, 0x00, 0x00, 0x00, 0x00, 0x00, 0x00, 0x00, 0x00, 0x00, 0x00, 0x00, 0x00, 0x00, 0x00, 0x00, 0x00, 0x00, 0x00, 0x00, 0x00, 0x00,
  0x00, 0x00, 0x00, 0xe0, 0xfd, 0x04, 0x00, 0x00, 0x00, 0xc2, 0xfd, 0x65, 0xe2, 0xfd, 0xff, 0xc2, 0xfd, 0xf7, 0x42, 0xfe, 0xff, 0xa2, 0xfd, 0x64,
  0x00, 0x00, 0x00, 0x40, 0xfd, 0x03, 0xe0, 0xff, 0x01, 0xe0, 0xfb, 0x02, 0x00, 0x00, 0x00, 0x00, 0x00, 0x00, 0xc1, 0xf5, 0x13, 0xc2, 0xfd, 0x3e,
  0xc2, 0xfd, 0x70, 0xe2, 0xfd, 0x7f, 0xe2, 0xfd, 0x7f, 0xc2, 0xfd, 0x70, 0xc2, 0xfd, 0x3e, 0xc1, 0xf5, 0x13, 0x00, 0x00, 0x00, 0x00, 0x00, 0x00,
  0xe0, 0xfb, 0x02, 0xe0, 0xff, 0x01, 0x40, 0xfd, 0x03, 0x00, 0x00, 0x00, 0xa2, 0xfd, 0x64, 0x42, 0xfe, 0xff, 0xc2, 0xfd, 0xf7, 0xe2, 0xfd, 0xff,
  0xc2, 0xfd, 0x65, 0x00, 0x00, 0x00, 0xe0, 0xfd, 0x04, 0x00, 0x00, 0x00, 0x00, 0x00, 0x00, 0x00, 0x00, 0x00, 0x00, 0x00, 0x00, 0x00, 0x00, 0x00,
  0x00, 0x00, 0x00, 0x00, 0x00, 0x00, 0x00, 0x00, 0x00, 0x00, 0x00, 0x00, 0x00, 0x00, 0x00, 0x00, 0x00, 0x00, 0x00, 0x00, 0x00, 0x00, 0x00, 0x00,
  0x00, 0x00, 0x00, 0x00, 0x00, 0x00, 0x00, 0x00, 0x00, 0x00, 0x00, 0x00, 0xe0, 0xff, 0x02, 0x00, 0x00, 0x00, 0xc2, 0xfd, 0x65, 0x02, 0xfe, 0xff,
  0xc2, 0xfd, 0xfb, 0xe2, 0xfd, 0xff, 0xc2, 0xfd, 0x70, 0xe0, 0xfb, 0x02, 0xe0, 0xfb, 0x02, 0x00, 0x00, 0x00, 0x00, 0x00, 0x00, 0x00, 0x00, 0x00,
  0x40, 0xfd, 0x03, 0x40, 0xfd, 0x03, 0x00, 0x00, 0x00, 0x00, 0x00, 0x00, 0x00, 0x00, 0x00, 0x00, 0x00, 0x00, 0x00, 0x00, 0x00, 0x00, 0x00, 0x00,
  0x00, 0x00, 0x00, 0x00, 0x00, 0x00, 0x40, 0xfd, 0x03, 0x40, 0xfd, 0x03, 0x00, 0x00, 0x00, 0x00, 0x00, 0x00, 0x00, 0x00, 0x00, 0xe0, 0xfb, 0x02,
  0xe0, 0xfb, 0x02, 0xc2, 0xfd, 0x70, 0xe2, 0xfd, 0xff, 0xc2, 0xfd, 0xfb, 0x02, 0xfe, 0xff, 0xc2, 0xfd, 0x65, 0x00, 0x00, 0x00, 0xe0, 0xff, 0x02,
  0x00, 0x00, 0x00, 0x00, 0x00, 0x00, 0x00, 0x00, 0x00, 0x00, 0x00, 0x00, 0x00, 0x00, 0x00, 0x00, 0x00, 0x00, 0x00, 0x00, 0x00, 0x00, 0x00, 0x00,
  0x00, 0x00, 0x00, 0x00, 0x00, 0x00, 0x00, 0x00, 0x00, 0x00, 0x00, 0x00, 0x00, 0x00, 0x00, 0x00, 0x00, 0x00, 0x00, 0x00, 0x00, 0xe0, 0xff, 0x02,
  0xe0, 0xfb, 0x02, 0xa2, 0xfd, 0x83, 0x02, 0xfe, 0xff, 0xc2, 0xfd, 0xfa, 0x02, 0xfe, 0xff, 0xc2, 0xfd, 0x65, 0x00, 0x00, 0x00, 0xe0, 0xfb, 0x02,
  0x00, 0x00, 0x00, 0x00, 0x00, 0x00, 0x00, 0x00, 0x00, 0x00, 0x00, 0x00, 0x00, 0x00, 0x00, 0x00, 0x00, 0x00, 0xe0, 0xff, 0x01, 0x40, 0xfd, 0x03,
  0xe0, 0xff, 0x01, 0x00, 0x00, 0x00, 0x00, 0x00, 0x00, 0xe0, 0xff, 0x01, 0x40, 0xfd, 0x03, 0xe0, 0xff, 0x01, 0x00, 0x00, 0x00, 0x00, 0x00, 0x00,
  0x00, 0x00, 0x00, 0x00, 0x00, 0x00, 0x00, 0x00, 0x00, 0x00, 0x00, 0x00, 0xe0, 0xfb, 0x02, 0x00, 0x00, 0x00, 0xc2, 0xfd, 0x65, 0x02, 0xfe, 0xff,
  0xc2, 0xfd, 0xfa, 0x02, 0xfe, 0xff, 0xa2, 0xfd, 0x83, 0xe0, 0xfb, 0x02, 0xe0, 0xff, 0x02, 0x00, 0x00, 0x00, 0x00, 0x00, 0x00, 0x00, 0x00, 0x00,
  0x00, 0x00, 0x00, 0x00, 0x00, 0x00, 0x00, 0x00, 0x00, 0x00, 0x00, 0x00, 0x00, 0x00, 0x00, 0x00, 0x00, 0x00, 0x00, 0x00, 0x00, 0x00, 0x00, 0x00,
  0x00, 0x00, 0x00, 0x00, 0x00, 0x00, 0xe0, 0xff, 0x01, 0x00, 0x00, 0x00, 0x42, 0xed, 0x0f, 0xc2, 0xfd, 0xfd, 0x02, 0xfe, 0xff, 0x02, 0xfe, 0xff,
  0xc2, 0xfd, 0x65, 0x00, 0x00, 0x00, 0x60, 0xfe, 0x05, 0x00, 0x00, 0x00, 0x00, 0x00, 0x00, 0x00, 0x00, 0x00, 0x00, 0x00, 0x00, 0x00, 0x00, 0x00,
  0x00, 0x00, 0x00, 0x00, 0x00, 0x00, 0xe0, 0xff, 0x01, 0xe0, 0xff, 0x01, 0xe1, 0xfd, 0x10, 0xc2, 0xfd, 0xa0, 0xc2, 0xfd, 0xa0, 0x01, 0xfe, 0x11,
  0xe0, 0xff, 0x01, 0xe0, 0xff, 0x01, 0x00, 0x00, 0x00, 0x00, 0x00, 0x00, 0x00, 0x00, 0x00, 0x00, 0x00, 0x00, 0x00, 0x00, 0x00, 0x00, 0x00, 0x00,
  0x00, 0x00, 0x00, 0x60, 0xfe, 0x05, 0x00, 0x00, 0x00, 0xc2, 0xfd, 0x65, 0x02, 0xfe, 0xff, 0x02, 0xfe, 0xff, 0xc2, 0xfd, 0xfd, 0x42, 0xed, 0x0f,
  0x00, 0x00, 0x00, 0xe0, 0xff, 0x01, 0x00, 0x00, 0x00, 0x00, 0x00, 0x00, 0x00, 0x00, 0x00, 0x00, 0x00, 0x00, 0x00, 0x00, 0x00, 0x00, 0x00, 0x00,
  0x00, 0x00, 0x00, 0x00, 0x00, 0x00, 0x00, 0x00, 0x00, 0x00, 0x00, 0x00, 0x00, 0x00, 0x00, 0x00, 0x00, 0x00, 0x00, 0x00, 0x00, 0xe0, 0xff, 0x02,
  0xe0, 0xff, 0x01, 0xa2, 0xfd, 0x81, 0x42, 0xfe, 0xe8, 0xa2, 0xfd, 0x82, 0x00, 0x00, 0x00, 0xe0, 0xfd, 0x04, 0x00, 0x00, 0x00, 0x00, 0x00, 0x00,
  0x00, 0x00, 0x00, 0x00, 0x00, 0x00, 0x00, 0x00, 0x00, 0x00, 0x00, 0x00, 0x00, 0x00, 0x00, 0x00, 0x00, 0x00, 0xe0, 0xfd, 0x04, 0x00, 0x00, 0x00,
  0xa2, 0xfd, 0x79, 0x62, 0xfe, 0xff, 0x62, 0xfe, 0xff, 0xc2, 0xfd, 0x73, 0x00, 0x00, 0x00, 0xe0, 0xfd, 0x04, 0x00, 0x00, 0x00, 0x00, 0x00, 0x00,
  0x00, 0x00, 0x00, 0x00, 0x00, 0x00, 0x00, 0x00, 0x00, 0x00, 0x00, 0x00, 0x00, 0x00, 0x00, 0x00, 0x00, 0x00, 0xe0, 0xfd, 0x04, 0x00, 0x00, 0x00,
  0xa2, 0xfd, 0x82, 0x42, 0xfe, 0xe8, 0xa2, 0xfd, 0x81, 0xe0, 0xff, 0x01, 0xe0, 0xff, 0x02, 0x00, 0x00, 0x00, 0x00, 0x00, 0x00, 0x00, 0x00, 0x00,
  0x00, 0x00, 0x00, 0x00, 0x00, 0x00, 0x00, 0x00, 0x00, 0x00, 0x00, 0x00, 0x00, 0x00, 0x00, 0x00, 0x00, 0x00, 0x00, 0x00, 0x00, 0x00, 0x00, 0x00,
  0x00, 0x00, 0x00, 0x00, 0x00, 0x00, 0x00, 0x00, 0x00, 0x00, 0x00, 0x00, 0x00, 0x00, 0x00, 0x00, 0x00, 0x00, 0x82, 0xfd, 0x0d, 0x00, 0x00, 0x00,
  0xe0, 0xff, 0x02, 0x00, 0x00, 0x00, 0x00, 0x00, 0x00, 0x00, 0x00, 0x00, 0x00, 0x00, 0x00, 0x00, 0x00, 0x00, 0x00, 0x00, 0x00, 0x00, 0x00, 0x00,
  0x00, 0x00, 0x00, 0x00, 0x00, 0x00, 0x40, 0xfd, 0x03, 0x00, 0x00, 0x00, 0xa2, 0xfd, 0x48, 0xe2, 0xfd, 0xf6, 0x22, 0xfe, 0xfb, 0xc2, 0xfd, 0x82,
  0x00, 0x00, 0x00, 0xe0, 0xfd, 0x04, 0x00, 0x00, 0x00, 0x00, 0x00, 0x00, 0x00, 0x00, 0x00, 0x00, 0x00, 0x00, 0x00, 0x00, 0x00, 0x00, 0x00, 0x00,
  0x00, 0x00, 0x00, 0x00, 0x00, 0x00, 0x00, 0x00, 0x00, 0xe0, 0xff, 0x02, 0x00, 0x00, 0x00, 0x82, 0xfd, 0x0d, 0x00, 0x00, 0x00, 0x00, 0x00, 0x00,
  0x00, 0x00, 0x00, 0x00, 0x00, 0x00, 0x00, 0x00, 0x00, 0x00, 0x00, 0x00, 0x00, 0x00, 0x00, 0x00, 0x00, 0x00, 0x00, 0x00, 0x00, 0x00, 0x00, 0x00,
  0x00, 0x00, 0x00, 0x00, 0x00, 0x00, 0x00, 0x00, 0x00, 0x00, 0x00, 0x00, 0x00, 0x00, 0x00, 0x00, 0x00, 0x00, 0x00, 0x00, 0x00, 0x00, 0x00, 0x00,
  0x00, 0x00, 0x00, 0xe0, 0xfb, 0x02, 0x00, 0x00, 0x00, 0xe0, 0xfb, 0x02, 0x00, 0x00, 0x00, 0x00, 0x00, 0x00, 0x00, 0x00, 0x00, 0x00, 0x00, 0x00,
  0x00, 0x00, 0x00, 0x00, 0x00, 0x00, 0x00, 0x00, 0x00, 0x00, 0x00, 0x00, 0x00, 0x00, 0x00, 0x00, 0x00, 0x00, 0xe0, 0xff, 0x01, 0x00, 0x00, 0x00,
  0xc2, 0xe5, 0x0b, 0xa2, 0xfd, 0xe9, 0x42, 0xfe, 0xff, 0xa2, 0xfd, 0x7d, 0x00, 0x00, 0x00, 0xe0, 0xfd, 0x04, 0x00, 0x00, 0x00, 0x00, 0x00, 0x00,
  0x00, 0x00, 0x00, 0x00, 0x00, 0x00, 0x00, 0x00, 0x00, 0x00, 0x00, 0x00, 0x00, 0x00, 0x00, 0x00, 0x00, 0x00, 0x00, 0x00, 0x00, 0x00, 0x00, 0x00,
  0xe0, 0xfb, 0x02, 0x00, 0x00, 0x00, 0xe0, 0xfb, 0x02, 0x00, 0x00, 0x00, 0x00, 0x00, 0x00, 0x00, 0x00, 0x00, 0x00, 0x00, 0x00, 0x00, 0x00, 0x00,
  0x00, 0x00, 0x00, 0x00, 0x00, 0x00, 0x00, 0x00, 0x00, 0x00, 0x00, 0x00, 0x00, 0x00, 0x00, 0x00, 0x00, 0x00, 0x00, 0x00, 0x00, 0x00, 0x00, 0x00,
  0x00, 0x00, 0x00, 0x00, 0x00, 0x00, 0x00, 0x00, 0x00, 0x00, 0x00, 0x00, 0x00, 0x00, 0x00, 0x00, 0x00, 0x00, 0xe0, 0xff, 0x01, 0x00, 0x00, 0x00,
  0x00, 0x00, 0x00, 0x00, 0x00, 0x00, 0x00, 0x00, 0x00, 0x00, 0x00, 0x00, 0x00, 0x00, 0x00, 0x00, 0x00, 0x00, 0x00, 0x00, 0x00, 0x00, 0x00, 0x00,
  0x00, 0x00, 0x00, 0x00, 0x00, 0x00, 0xe0, 0xff, 0x01, 0x00, 0x00, 0x00, 0x61, 0xed, 0x10, 0xa2, 0xfd, 0xe9, 0x42, 0xfe, 0xff, 0xc2, 0xfd, 0x7e,
  0x00, 0x00, 0x00, 0xe0, 0xfd, 0x04, 0x00, 0x00, 0x00, 0x00, 0x00, 0x00, 0x00, 0x00, 0x00, 0x00, 0x00, 0x00, 0x00, 0x00, 0x00, 0x00, 0x00, 0x00,
  0x00, 0x00, 0x00, 0x00, 0x00, 0x00, 0x00, 0x00, 0x00, 0x00, 0x00, 0x00, 0x00, 0x00, 0x00, 0xe0, 0xff, 0x01, 0x00, 0x00, 0x00, 0x00, 0x00, 0x00,
  0x00, 0x00, 0x00, 0x00, 0x00, 0x00, 0x00, 0x00, 0x00, 0x00, 0x00, 0x00, 0x00, 0x00, 0x00, 0x00, 0x00, 0x00, 0x00, 0x00, 0x00, 0x00, 0x00, 0x00,
  0x00, 0x00, 0x00, 0x00, 0x00, 0x00, 0x00, 0x00, 0x00, 0x00, 0x00, 0x00, 0x00, 0x00, 0x00, 0x00, 0x00, 0x00, 0x00, 0x00, 0x00, 0x00, 0x00, 0x00,
  0x00, 0x00, 0x00, 0x00, 0x00, 0x00, 0x00, 0x00, 0x00, 0x00, 0x00, 0x00, 0x00, 0x00, 0x00, 0x00, 0x00, 0x00, 0x00, 0x00, 0x00, 0x00, 0x00, 0x00,
  0x00, 0x00, 0x00, 0x00, 0x00, 0x00, 0x00, 0x00, 0x00, 0x00, 0x00, 0x00, 0x00, 0x00, 0x00, 0x00, 0x00, 0x00, 0xe0, 0xff, 0x01, 0x00, 0x00, 0x00,
  0xa2, 0xfd, 0x19, 0xc2, 0xfd, 0xef, 0x22, 0xfe, 0xfe, 0xa2, 0xfd, 0x7d, 0x00, 0x00, 0x00, 0xe0, 0xfd, 0x04, 0x00, 0x00, 0x00, 0x00, 0x00, 0x00,
  0x00, 0x00, 0x00, 0x00, 0x00, 0x00, 0x00, 0x00, 0x00, 0x00, 0x00, 0x00, 0x00, 0x00, 0x00, 0x00, 0x00, 0x00, 0x00, 0x00, 0x00, 0x00, 0x00, 0x00,
  0x00, 0x00, 0x00, 0x00, 0x00, 0x00, 0x00, 0x00, 0x00, 0x00, 0x00, 0x00, 0x00, 0x00, 0x00, 0x00, 0x00, 0x00, 0x00, 0x00, 0x00, 0x00, 0x00, 0x00,
  0x00, 0x00, 0x00, 0x00, 0x00, 0x00, 0x00, 0x00, 0x00, 0x00, 0x00, 0x00, 0x00, 0x00, 0x00, 0x00, 0x00, 0x00, 0x00, 0x00, 0x00, 0x00, 0x00, 0x00,
  0x00, 0x00, 0x00, 0x00, 0x00, 0x00, 0x00, 0x00, 0x00, 0x00, 0x00, 0x00, 0x00, 0x00, 0x00, 0x00, 0x00, 0x00, 0x00, 0x00, 0x00, 0x00, 0x00, 0x00,
  0x00, 0x00, 0x00, 0x00, 0x00, 0x00, 0x00, 0x00, 0x00, 0x00, 0x00, 0x00, 0x00, 0x00, 0x00, 0x00, 0x00, 0x00, 0x00, 0x00, 0x00, 0x00, 0x00, 0x00,
  0x00, 0x00, 0x00, 0x00, 0x00, 0x00, 0xe0, 0xfd, 0x04, 0x00, 0x00, 0x00, 0xa2, 0xfd, 0x78, 0x22, 0xfe, 0xff, 0x22, 0xfe, 0xff, 0xa2, 0xfd, 0x86,
  0x00, 0x00, 0x00, 0xe0, 0xfd, 0x04, 0x00, 0x00, 0x00, 0x00, 0x00, 0x00, 0x00, 0x00, 0x00, 0x00, 0x00, 0x00, 0x00, 0x00, 0x00, 0x00, 0x00, 0x00,
  0x00, 0x00, 0x00, 0x00, 0x00, 0x00, 0x00, 0x00, 0x00, 0x00, 0x00, 0x00, 0x00, 0x00, 0x00, 0x00, 0x00, 0x00, 0x00, 0x00, 0x00, 0x00, 0x00, 0x00,
  0x00, 0x00, 0x00, 0x00, 0x00, 0x00, 0x00, 0x00, 0x00, 0x00, 0x00, 0x00, 0x00, 0x00, 0x00, 0x00, 0x00, 0x00, 0x00, 0x00, 0x00, 0x00, 0x00, 0x00,
  0x00, 0x00, 0x00, 0x00, 0x00, 0x00, 0x00, 0x00, 0x00, 0x00, 0x00, 0x00, 0x00, 0x00, 0x00, 0x00, 0x00, 0x00, 0x00, 0x00, 0x00, 0x00, 0x00, 0x00,
  0x00, 0x00, 0x00, 0x00, 0x00, 0x00, 0x00, 0x00, 0x00, 0x00, 0x00, 0x00, 0x00, 0x00, 0x00, 0x00, 0x00, 0x00, 0x00, 0x00, 0x00, 0x00, 0x00, 0x00,
  0x00, 0x00, 0x00, 0x00, 0x00, 0x00, 0x00, 0x00, 0x00, 0x00, 0x00, 0x00, 0x00, 0x00, 0x00, 0x00, 0x00, 0x00, 0x40, 0xfd, 0x03, 0x00, 0x00, 0x00,
  0xc2, 0xfd, 0x46, 0xe2, 0xfd, 0xfc, 0xe2, 0xfd, 0xfc, 0xc2, 0xfd, 0x43, 0x00, 0x00, 0x00, 0x40, 0xfd, 0x03, 0x00, 0x00, 0x00, 0x00, 0x00, 0x00,
  0x00, 0x00, 0x00, 0x00, 0x00, 0x00, 0x00, 0x00, 0x00, 0x00, 0x00, 0x00, 0x00, 0x00, 0x00, 0x00, 0x00, 0x00, 0x00, 0x00, 0x00, 0x00, 0x00, 0x00,
  0x00, 0x00, 0x00, 0x00, 0x00, 0x00, 0x00, 0x00, 0x00, 0x00, 0x00, 0x00, 0x00, 0x00, 0x00, 0x00, 0x00, 0x00, 0x00, 0x00, 0x00, 0x00, 0x00, 0x00,
  0x00, 0x00, 0x00, 0x00, 0x00, 0x00, 0x00, 0x00, 0x00, 0x00, 0x00, 0x00, 0x00, 0x00, 0x00, 0x00, 0x00, 0x00, 0x00, 0x00, 0x00, 0x00, 0x00, 0x00,
  0x00, 0x00, 0x00, 0x00, 0x00, 0x00, 0x00, 0x00, 0x00, 0x00, 0x00, 0x00, 0x00, 0x00, 0x00, 0x00, 0x00, 0x00, 0x00, 0x00, 0x00, 0x00, 0x00, 0x00,
  0x00, 0x00, 0x00, 0x00, 0x00, 0x00, 0x00, 0x00, 0x00, 0x00, 0x00, 0x00, 0x00, 0x00, 0x00, 0x00, 0x00, 0x00, 0x00, 0x00, 0x00, 0x00, 0x00, 0x00,
  0x00, 0x00, 0x00, 0x00, 0x00, 0x00, 0x00, 0x00, 0x00, 0xe0, 0xff, 0x01, 0x00, 0x00, 0x00, 0x82, 0xfd, 0x2c, 0x82, 0xfd, 0x2c, 0x00, 0x00, 0x00,
  0xe0, 0xff, 0x01, 0x00, 0x00, 0x00, 0x00, 0x00, 0x00, 0x00, 0x00, 0x00, 0x00, 0x00, 0x00, 0x00, 0x00, 0x00, 0x00, 0x00, 0x00, 0x00, 0x00, 0x00,
  0x00, 0x00, 0x00, 0x00, 0x00, 0x00, 0x00, 0x00, 0x00, 0x00, 0x00, 0x00, 0x00, 0x00, 0x00, 0x00, 0x00, 0x00, 0x00, 0x00, 0x00, 0x00, 0x00, 0x00,
  0x00, 0x00, 0x00, 0x00, 0x00, 0x00, 0x00, 0x00, 0x00, 0x00, 0x00, 0x00, 0x00, 0x00, 0x00, 0x00, 0x00, 0x00, 0x00, 0x00, 0x00, 0x00, 0x00, 0x00,
  0x00, 0x00, 0x00, 0x00, 0x00, 0x00, 0x00, 0x00, 0x00, 0x00, 0x00, 0x00, 0x00, 0x00, 0x00, 0x00, 0x00, 0x00, 0x00, 0x00, 0x00, 0x00, 0x00, 0x00,
  0x00, 0x00, 0x00, 0x00, 0x00, 0x00, 0x00, 0x00, 0x00, 0x00, 0x00, 0x00, 0x00, 0x00, 0x00, 0x00, 0x00, 0x00, 0x00, 0x00, 0x00, 0x00, 0x00, 0x00,
  0x00, 0x00, 0x00, 0x00, 0x00, 0x00, 0x00, 0x00, 0x00, 0x00, 0x00, 0x00, 0x00, 0x00, 0x00, 0x00, 0x00, 0x00, 0x00, 0x00, 0x00, 0x00, 0x00, 0x00,
  0xe0, 0xff, 0x01, 0x00, 0x00, 0x00, 0x00, 0x00, 0x00, 0xe0, 0xff, 0x01, 0x00, 0x00, 0x00, 0x00, 0x00, 0x00, 0x00, 0x00, 0x00, 0x00, 0x00, 0x00,
  0x00, 0x00, 0x00, 0x00, 0x00, 0x00, 0x00, 0x00, 0x00, 0x00, 0x00, 0x00, 0x00, 0x00, 0x00, 0x00, 0x00, 0x00, 0x00, 0x00, 0x00, 0x00, 0x00, 0x00,
  0x00, 0x00, 0x00, 0x00, 0x00, 0x00, 0x00, 0x00, 0x00, 0x00, 0x00, 0x00, 0x00, 0x00, 0x00, 0x00, 0x00, 0x00, 0x00, 0x00, 0x00, 0x00, 0x00, 0x00,
  0x00, 0x00, 0x00, 0x00, 0x00, 0x00, 0x00, 0x00, 0x00, 0x00, 0x00, 0x00, 0x00, 0x00, 0x00, 0x00, 0x00, 0x00, 0x00, 0x00, 0x00, 0x00, 0x00, 0x00,
  0x00, 0x00, 0x00, 0x00, 0x00, 0x00, 0x00, 0x00, 0x00, 0x00, 0x00, 0x00, 0x00, 0x00, 0x00, 0x00, 0x00, 0x00, 0x00, 0x00, 0x00, 0x00, 0x00, 0x00,
  0x00, 0x00, 0x00, 0x00, 0x00, 0x00, 0x00, 0x00, 0x00, 0x00, 0x00, 0x00, 0x00, 0x00, 0x00, 0x00, 0x00, 0x00, 0x00, 0x00, 0x00, 0x00, 0x00, 0x00,
  0x00, 0x00, 0x00, 0x00, 0x00, 0x00, 0x00, 0x00, 0x00, 0x00, 0x00, 0x00, 0x00, 0x00, 0x00, 0xe0, 0xff, 0x02, 0xe0, 0xff, 0x02, 0x00, 0x00, 0x00,
  0x00, 0x00, 0x00, 0x00, 0x00, 0x00, 0x00, 0x00, 0x00, 0x00, 0x00, 0x00, 0x00, 0x00, 0x00, 0x00, 0x00, 0x00, 0x00, 0x00, 0x00, 0x00, 0x00, 0x00,
  0x00, 0x00, 0x00, 0x00, 0x00, 0x00, 0x00, 0x00, 0x00, 0x00, 0x00, 0x00, 0x00, 0x00, 0x00, 0x00, 0x00, 0x00, 0x00, 0x00, 0x00, 0x00, 0x00, 0x00,
  0x00, 0x00, 0x00, 0x00, 0x00, 0x00, 0x00, 0x00, 0x00, 0x00, 0x00, 0x00, 0x00, 0x00, 0x00, 0x00, 0x00, 0x00, 0x00, 0x00, 0x00, 0x00, 0x00, 0x00
};
const lv_img_dsc_t wx_sun_L = {
  .header = { .cf = LV_IMG_CF_TRUE_COLOR_ALPHA, .always_zero = 0, .reserved = 0, .w = 52, .h = 52 },
  .data_size = 8112,
  .data = wx_sun_L_map,
};

static const uint8_t wx_partly_L_map[] = {
  0x00, 0x00, 0x00, 0x00, 0x00, 0x00, 0x00, 0x00, 0x00, 0x00, 0x00, 0x00, 0x00, 0x00, 0x00, 0x00, 0x00, 0x00, 0x00, 0x00, 0x00, 0x00, 0x00, 0x00,
  0x00, 0x00, 0x00, 0x00, 0x00, 0x00, 0x00, 0x00, 0x00, 0x00, 0x00, 0x00, 0x00, 0x00, 0x00, 0x00, 0x00, 0x00, 0x00, 0x00, 0x00, 0x00, 0x00, 0x00,
  0x00, 0x00, 0x00, 0x00, 0x00, 0x00, 0x00, 0x00, 0x00, 0x00, 0x00, 0x00, 0x00, 0x00, 0x00, 0x00, 0x00, 0x00, 0x00, 0x00, 0x00, 0x00, 0x00, 0x00,
  0x00, 0x00, 0x00, 0x00, 0x00, 0x00, 0x00, 0x00, 0x00, 0x00, 0x00, 0x00, 0x00, 0x00, 0x00, 0x00, 0x00, 0x00, 0x00, 0x00, 0x00, 0xe0, 0xff, 0x02,
  0x40, 0xfd, 0x03, 0xe0, 0xff, 0x01, 0x00, 0x00, 0x00, 0x00, 0x00, 0x00, 0x00, 0x00, 0x00, 0x00, 0x00, 0x00, 0x00, 0x00, 0x00, 0x00, 0x00, 0x00,
  0x00, 0x00, 0x00, 0x00, 0x00, 0x00, 0x00, 0x00, 0x00, 0x00, 0x00, 0x00, 0x00, 0x00, 0x00, 0x00, 0x00, 0x00, 0x00, 0x00, 0x00, 0x00, 0x00, 0x00,
  0x00, 0x00, 0x00, 0x00, 0x00, 0x00, 0x00, 0x00, 0x00, 0x00, 0x00, 0x00, 0x00, 0x00, 0x00, 0x00, 0x00, 0x00, 0x00, 0x00, 0x00, 0x00, 0x00, 0x00,
  0x00, 0x00, 0x00, 0x00, 0x00, 0x00, 0x00, 0x00, 0x00, 0x00, 0x00, 0x00, 0x00, 0x00, 0x00, 0x00, 0x00, 0x00, 0x00, 0x00, 0x00, 0x00, 0x00, 0x00,
  0x00, 0x00, 0x00, 0x00, 0x00, 0x00, 0x00, 0x00, 0x00, 0x00, 0x00, 0x00, 0x00, 0x00, 0x00, 0x00, 0x00, 0x00, 0x00, 0x00, 0x00, 0x00, 0x00, 0x00,
  0x00, 0x00, 0x00, 0x00, 0x00, 0x00, 0x00, 0x00, 0x00, 0x00, 0x00, 0x00, 0x00, 0x00, 0x00, 0x00, 0x00, 0x00, 0x00, 0x00, 0x00, 0x00, 0x00, 0x00,
  0x00, 0x00, 0x00, 0x00, 0x00, 0x00, 0x00, 0x00, 0x00, 0x00, 0x00, 0x00, 0x00, 0x00, 0x00, 0x00, 0x00, 0x00, 0x00, 0x00, 0x00, 0x00, 0x00, 0x00,
  0x00, 0x00, 0x00, 0x00, 0x00, 0x00, 0x00, 0x00, 0x00, 0x00, 0x00, 0x00, 0x00, 0x00, 0x00, 0x00, 0x00, 0x00, 0x00, 0x00, 0x00, 0x00, 0x00, 0x00,
  0x00, 0x00, 0x00, 0x00, 0x00, 0x00, 0x00, 0x00, 0x00, 0x00, 0x00, 0x00, 0x00, 0x00, 0x00, 0x00, 0x00, 0x00, 0x00, 0x00, 0x00, 0x00, 0x00, 0x00,
  0x00, 0x00, 0x00, 0x00, 0x00, 0x00, 0x00, 0x00, 0x00, 0x00, 0x00, 0x00, 0x00, 0x00, 0x00, 0x00, 0x00, 0x00, 0x00, 0x00, 0x00, 0x00, 0x00, 0x00,
  0x00, 0x00, 0x00, 0x00, 0x00, 0x00, 0x00, 0x00, 0x00, 0x00, 0x00, 0x00, 0x00, 0x00, 0x00, 0x00, 0x00, 0x00, 0x00, 0x00, 0x00, 0x00, 0x00, 0x00,
  0x00, 0x00, 0x00, 0x00, 0x00, 0x00, 0x00, 0x00, 0x00, 0x00, 0x00, 0x00, 0x00, 0x00, 0x00, 0x00, 0x00, 0x00, 0x00, 0x00, 0x00, 0x00, 0x00, 0x00,
  0x00, 0x00, 0x00, 0x00, 0x00, 0x00, 0x00, 0x00, 0x00, 0x00, 0x00, 0x00, 0x00, 0x00, 0x00, 0xe0, 0xff, 0x02, 0x00, 0x00, 0x00, 0xc2, 0xfd, 0x63,
  0x02, 0xfe, 0xb1, 0xc2, 0xfd, 0x16, 0x00, 0x00, 0x00, 0xe0, 0xff, 0x01, 0x00, 0x00, 0x00, 0x00, 0x00, 0x00, 0x00, 0x00, 0x00, 0x00, 0x00, 0x00,
  0x00, 0x00, 0x00, 0x00, 0x00, 0x00, 0x00, 0x00, 0x00, 0x00, 0x00, 0x00, 0x00, 0x00, 0x00, 0x00, 0x00, 0x00, 0x00, 0x00, 0x00, 0x00, 0x00, 0x00,
  0x00, 0x00, 0x00, 0x00, 0x00, 0x00, 0x00, 0x00, 0x00, 0x00, 0x00, 0x00, 0x00, 0x00, 0x00, 0x00, 0x00, 0x00, 0x00, 0x00, 0x00, 0x00, 0x00, 0x00,
  0x00, 0x00, 0x00, 0x00, 0x00, 0x00, 0x00, 0x00, 0x00, 0x00, 0x00, 0x00, 0x00, 0x00, 0x00, 0x00, 0x00, 0x00, 0x00, 0x00, 0x00, 0x00, 0x00, 0x00,
  0x00, 0x00, 0x00, 0x00, 0x00, 0x00, 0x00, 0x00, 0x00, 0x00, 0x00, 0x00, 0x00, 0x00, 0x00, 0x00, 0x00, 0x00, 0x00, 0x00, 0x00, 0x00, 0x00, 0x00,
  0x00, 0x00, 0x00, 0x00, 0x00, 0x00, 0x00, 0x00, 0x00, 0x00, 0x00, 0x00, 0x00, 0x00, 0x00, 0x00, 0x00, 0x00, 0x00, 0x00, 0x00, 0x00, 0x00, 0x00,
  0x00, 0x00, 0x00, 0xe0, 0xff, 0x02, 0x00, 0x00, 0x00, 0xa2, 0xfd, 0xc8, 0x82, 0xfe, 0xff, 0xa2, 0xfd, 0x35, 0x00, 0x00, 0x00, 0x40, 0xfd, 0x03,
  0x00, 0x00, 0x00, 0x00, 0x00, 0x00, 0x00, 0x00, 0x00, 0x00, 0x00, 0x00, 0x00, 0x00, 0x00, 0x00, 0x00, 0x00, 0x00, 0x00, 0x00, 0x00, 0x00, 0x00,
  0x00, 0x00, 0x00, 0x00, 0x00, 0x00, 0x00, 0x00, 0x00, 0x00, 0x00, 0x00, 0x00, 0x00, 0x00, 0x00, 0x00, 0x00, 0x00, 0x00, 0x00, 0x00, 0x00, 0x00,
  0x00, 0x00, 0x00, 0x00, 0x00, 0x00, 0x00, 0x00, 0x00, 0x00, 0x00, 0x00, 0x00, 0x00, 0x00, 0x00, 0x00, 0x00, 0x00, 0x00, 0x00, 0x00, 0x00, 0x00,
  0x00, 0x00, 0x00, 0x00, 0x00, 0x00, 0x00, 0x00, 0x00, 0x00, 0x00, 0x00, 0x00, 0x00, 0x00, 0x00, 0x00, 0x00, 0x00, 0x00, 0x00, 0x00, 0x00, 0x00,
  0x00, 0x00, 0x00, 0x00, 0x00, 0x00, 0x00, 0x00, 0x00, 0x00, 0x00, 0x00, 0xe0, 0xff, 0x01, 0xe0, 0xff, 0x02, 0x00, 0x00, 0x00, 0x00, 0x00, 0x00,
  0x00, 0x00, 0x00, 0x00, 0x00, 0x00, 0x00, 0x00, 0x00, 0x00, 0x00, 0x00, 0x00, 0x00, 0x00, 0xe0, 0xff, 0x02, 0x00, 0x00, 0x00, 0xa2, 0xfd, 0xc0,
  0xa2, 0xfd, 0xf9, 0x82, 0xfe, 0x0b, 0x00, 0x00, 0x00, 0xe0, 0xff, 0x01, 0x00, 0x00, 0x00, 0x00, 0x00, 0x00, 0x00, 0x00, 0x00, 0x00, 0x00, 0x00,
  0x00, 0x00, 0x00, 0x00, 0x00, 0x00, 0xe0, 0xff, 0x01, 0xe0, 0xff, 0x02, 0x00, 0x00, 0x00, 0x00, 0x00, 0x00, 0x00, 0x00, 0x00, 0x00, 0x00, 0x00,
  0x00, 0x00, 0x00, 0x00, 0x00, 0x00, 0x00, 0x00, 0x00, 0x00, 0x00, 0x00, 0x00, 0x00, 0x00, 0x00, 0x00, 0x00, 0x00, 0x00, 0x00, 0x00, 0x00, 0x00,
  0x00, 0x00, 0x00, 0x00, 0x00, 0x00, 0x00, 0x00, 0x00, 0x00, 0x00, 0x00, 0x00, 0x00, 0x00, 0x00, 0x00, 0x00, 0x00, 0x00, 0x00, 0x00, 0x00, 0x00,
  0x00, 0x00, 0x00, 0x00, 0x00, 0x00, 0x00, 0x00, 0x00, 0x00, 0x00, 0x00, 0x00, 0x00, 0x00, 0x00, 0x00, 0x00, 0x00, 0x00, 0x00, 0x00, 0x00, 0x00,
  0x00, 0x00, 0x00, 0x00, 0x00, 0x00, 0x00, 0x00, 0x00, 0x00, 0x00, 0x00, 0x00, 0x00, 0x00, 0x00, 0x00, 0x00, 0x00, 0x00, 0x00, 0x00, 0x00, 0x00,
  0x00, 0x00, 0x00, 0xe0, 0xff, 0x02, 0x00, 0x00, 0x00, 0xa2, 0xfd, 0xc1, 0xa2, 0xfd, 0xfa, 0x23, 0xfe, 0x09, 0x00, 0x00, 0x00, 0xe0, 0xff, 0x01,
  0x00, 0x00, 0x00, 0x00, 0x00, 0x00, 0x00, 0x00, 0x00, 0x00, 0x00, 0x00, 0x00, 0x00, 0x00, 0x00, 0xf8, 0x01, 0x00, 0x00, 0x00, 0x00, 0x00, 0x00,
  0x00, 0xf8, 0x01, 0x00, 0x00, 0x00, 0x00, 0x00, 0x00, 0x00, 0x00, 0x00, 0x00, 0x00, 0x00, 0x00, 0x00, 0x00, 0x00, 0x00, 0x00, 0x00, 0x00, 0x00,
  0x00, 0x00, 0x00, 0x00, 0x00, 0x00, 0x00, 0x00, 0x00, 0x00, 0x00, 0x00, 0x00, 0x00, 0x00, 0x00, 0x00, 0x00, 0x00, 0x00, 0x00, 0x00, 0x00, 0x00,
  0x00, 0x00, 0x00, 0x00, 0x00, 0x00, 0x00, 0x00, 0x00, 0x00, 0x00, 0x00, 0x00, 0x00, 0x00, 0x00, 0x00, 0x00, 0x00, 0x00, 0x00, 0x00, 0x00, 0x00,
  0x00, 0x00, 0x00, 0x00, 0x00, 0x00, 0x00, 0xf8, 0x01, 0x00, 0x00, 0x00, 0xa0, 0xfd, 0x07, 0xc2, 0xfd, 0x31, 0x00, 0x00, 0x00, 0xe0, 0xff, 0x02,
  0x00, 0x00, 0x00, 0x00, 0x00, 0x00, 0x00, 0x00, 0x00, 0x00, 0x00, 0x00, 0x00, 0x00, 0x00, 0xe0, 0xff, 0x02, 0x00, 0x00, 0x00, 0xa2, 0xfd, 0xc5,
  0x22, 0xfe, 0xff, 0xe2, 0xfd, 0x28, 0x00, 0x00, 0x00, 0xe0, 0xff, 0x02, 0x00, 0x00, 0x00, 0x00, 0x00, 0x00, 0x00, 0x00, 0x00, 0x00, 0x00, 0x00,
  0xe0, 0xff, 0x01, 0x00, 0x00, 0x00, 0xa2, 0xfd, 0x19, 0xa2, 0xfd, 0x29, 0x00, 0x00, 0x00, 0xe0, 0xff, 0x01, 0x00, 0x00, 0x00, 0x00, 0x00, 0x00,
  0x00, 0x00, 0x00, 0x00, 0x00, 0x00, 0x00, 0x00, 0x00, 0x00, 0x00, 0x00, 0x00, 0x00, 0x00, 0x00, 0x00, 0x00, 0x00, 0x00, 0x00, 0x00, 0x00, 0x00,
  0x00, 0x00, 0x00, 0x00, 0x00, 0x00, 0x00, 0x00, 0x00, 0x00, 0x00, 0x00, 0x00, 0x00, 0x00, 0x00, 0x00, 0x00, 0x00, 0x00, 0x00, 0x00, 0x00, 0x00,
  0x00, 0x00, 0x00, 0x00, 0x00, 0x00, 0x00, 0x00, 0x00, 0x00, 0x00, 0x00, 0x00, 0x00, 0x00, 0x00, 0x00, 0x00, 0x40, 0xfd, 0x03, 0x00, 0x00, 0x00,
  0xc2, 0xfd, 0x9f, 0x82, 0xfe, 0xff, 0x82, 0xfd, 0x58, 0x00, 0x00, 0x00, 0xa5, 0xfe, 0x06, 0xff, 0xff, 0x01, 0xff, 0xff, 0x01, 0xff, 0xff, 0x01,
  0x00, 0x00, 0x00, 0xe0, 0xff, 0x03, 0xe0, 0xfb, 0x02, 0xc2, 0xfd, 0x82, 0x02, 0xfe, 0xe7, 0xa2, 0xfd, 0x1c, 0xe0, 0xff, 0x01, 0xe0, 0xff, 0x01,
  0x00, 0x00, 0x00, 0x00, 0x00, 0x00, 0x00, 0x00, 0x00, 0xe0, 0xff, 0x02, 0xe0, 0xff, 0x02, 0x00, 0xf8, 0x01, 0xa2, 0xfd, 0xd3, 0x02, 0xfe, 0xff,
  0xc2, 0xfd, 0x29, 0x00, 0x00, 0x00, 0xe0, 0xff, 0x02, 0x00, 0x00, 0x00, 0x00, 0x00, 0x00, 0x00, 0x00, 0x00, 0x00, 0x00, 0x00, 0x00, 0x00, 0x00,
  0x00, 0x00, 0x00, 0x00, 0x00, 0x00, 0x00, 0x00, 0x00, 0x00, 0x00, 0x00, 0x00, 0x00, 0x00, 0x00, 0x00, 0x00, 0x00, 0x00, 0x00, 0x00, 0x00, 0x00,
  0x00, 0x00, 0x00, 0x00, 0x00, 0x00, 0x00, 0x00, 0x00, 0x00, 0x00, 0x00, 0x00, 0x00, 0x00, 0x00, 0x00, 0x00, 0x00, 0x00, 0x00, 0x00, 0x00, 0x00,
  0x00, 0x00, 0x00, 0x00, 0x00, 0x00, 0x40, 0xfd, 0x03, 0x00, 0xf8, 0x01, 0xc2, 0xfd, 0x76, 0x22, 0xfe, 0xfb, 0x02, 0xfe, 0xf2, 0xa3, 0xfd, 0x35,
  0x00, 0x00, 0x00, 0x00, 0x00, 0x00, 0x00, 0x00, 0x00, 0x00, 0x00, 0x00, 0xff, 0xff, 0x03, 0xff, 0xff, 0x01, 0x00, 0x00, 0x00, 0x00, 0x00, 0x00,
  0x00, 0x00, 0x00, 0x00, 0x00, 0x00, 0x00, 0x00, 0x00, 0x40, 0xfd, 0x03, 0xe0, 0xfb, 0x02, 0x00, 0x00, 0x00, 0x00, 0xf8, 0x01, 0x00, 0x00, 0x00,
  0x00, 0x00, 0x00, 0xc2, 0xfd, 0x98, 0x62, 0xfe, 0xff, 0xe2, 0xfd, 0xce, 0xc2, 0xf5, 0x1d, 0xe0, 0xff, 0x01, 0xe0, 0xff, 0x01, 0x00, 0x00, 0x00,
  0x00, 0x00, 0x00, 0x00, 0x00, 0x00, 0x00, 0x00, 0x00, 0x00, 0x00, 0x00, 0x00, 0x00, 0x00, 0x00, 0x00, 0x00, 0x00, 0x00, 0x00, 0x00, 0x00, 0x00,
  0x00, 0x00, 0x00, 0x00, 0x00, 0x00, 0x00, 0x00, 0x00, 0x00, 0x00, 0x00, 0x00, 0x00, 0x00, 0x00, 0x00, 0x00, 0x00, 0x00, 0x00, 0x00, 0x00, 0x00,
  0x00, 0x00, 0x00, 0x00, 0x00, 0x00, 0x00, 0x00, 0x00, 0x00, 0x00, 0x00, 0x00, 0x00, 0x00, 0x00, 0x00, 0x00, 0x00, 0x00, 0x00, 0xea, 0xff, 0x03,
  0x00, 0x00, 0x00, 0x20, 0xfd, 0x31, 0xe0, 0xfd, 0xdf, 0xe0, 0xfd, 0xf1, 0xc4, 0xfd, 0x72, 0xff, 0xf7, 0x11, 0xfe, 0xff, 0x12, 0xff, 0xff, 0x03,
  0x00, 0x00, 0x00, 0x00, 0x00, 0x00, 0xc0, 0xfd, 0x1d, 0x04, 0xfe, 0x41, 0x03, 0xfe, 0x3e, 0xe2, 0xfd, 0x36, 0x23, 0xfe, 0x09, 0x00, 0x00, 0x00,
  0x00, 0x00, 0x00, 0x60, 0xfe, 0x05, 0xe0, 0xfb, 0x02, 0xa2, 0xfd, 0x27, 0xe2, 0xfd, 0xb8, 0x62, 0xfe, 0xff, 0xc2, 0xfd, 0x98, 0xe0, 0xfd, 0x04,
  0x00, 0x00, 0x00, 0xe0, 0xff, 0x01, 0x00, 0x00, 0x00, 0x00, 0x00, 0x00, 0x00, 0x00, 0x00, 0x00, 0x00, 0x00, 0x00, 0x00, 0x00, 0x00, 0x00, 0x00,
  0x00, 0x00, 0x00, 0x00, 0x00, 0x00, 0x00, 0x00, 0x00, 0x00, 0x00, 0x00, 0x00, 0x00, 0x00, 0x00, 0x00, 0x00, 0x00, 0x00, 0x00, 0x00, 0x00, 0x00,
  0x00, 0x00, 0x00, 0x00, 0x00, 0x00, 0x00, 0x00, 0x00, 0x00, 0x00, 0x00, 0x00, 0x00, 0x00, 0x00, 0x00, 0x00, 0x00, 0x00, 0x00, 0x00, 0x00, 0x00,
  0x00, 0x00, 0x00, 0x00, 0x00, 0x00, 0xff, 0xff, 0x03, 0x00, 0x00, 0x00, 0x00, 0x00, 0x00, 0xff, 0xef, 0x1e, 0x37, 0xff, 0x9f, 0x77, 0xff, 0xff,
  0x9c, 0xff, 0xff, 0xbf, 0xf7, 0xee, 0xbf, 0xf7, 0xee, 0xbf, 0xf7, 0xd7, 0xbe, 0xf7, 0xb2, 0xb0, 0xf6, 0xc4, 0xe4, 0xfd, 0xf6, 0xe0, 0xfd, 0xff,
  0x02, 0xfe, 0xff, 0xe2, 0xfd, 0xff, 0xe2, 0xfd, 0xe1, 0xe2, 0xfd, 0x9b, 0x82, 0xfd, 0x2c, 0x00, 0x00, 0x00, 0x00, 0x00, 0x00, 0xc2, 0xfd, 0x71,
  0x02, 0xff, 0xff, 0xc2, 0xfd, 0xbc, 0x00, 0x00, 0x00, 0xe0, 0xff, 0x01, 0xe0, 0xff, 0x01, 0x00, 0x00, 0x00, 0x00, 0x00, 0x00, 0x00, 0x00, 0x00,
  0x00, 0x00, 0x00, 0x00, 0x00, 0x00, 0x00, 0x00, 0x00, 0x00, 0x00, 0x00, 0x00, 0x00, 0x00, 0x00, 0x00, 0x00, 0x00, 0x00, 0x00, 0x00, 0x00, 0x00,
  0x00, 0x00, 0x00, 0x00, 0x00, 0x00, 0x00, 0x00, 0x00, 0x00, 0x00, 0x00, 0x00, 0x00, 0x00, 0x00, 0x00, 0x00, 0x00, 0x00, 0x00, 0x00, 0x00, 0x00,
  0x00, 0x00, 0x00, 0x00, 0x00, 0x00, 0x00, 0x00, 0x00, 0x00, 0x00, 0x00, 0x00, 0x00, 0x00, 0xff, 0xff, 0x03, 0x00, 0x00, 0x00, 0x5e, 0xef, 0x1a,
  0xdf, 0xf7, 0x9e, 0xbf, 0xf7, 0xfb, 0xff, 0xff, 0xff, 0xbf, 0xf7, 0xfd, 0xbf, 0xf7, 0xfd, 0xdf, 0xf7, 0xff, 0xdf, 0xf7, 0xff, 0xff, 0xff, 0xff,
  0xff, 0xff, 0xff, 0xff, 0xff, 0xff, 0x9d, 0xf7, 0xff, 0xb0, 0xf6, 0xfd, 0xe4, 0xfd, 0xfd, 0xc2, 0xfd, 0xfe, 0xc2, 0xfd, 0xff, 0x22, 0xfe, 0xff,
  0xe2, 0xfd, 0xf9, 0xc2, 0xfd, 0x80, 0x00, 0x00, 0x00, 0x22, 0xfe, 0x0d, 0x22, 0xfe, 0x69, 0xc1, 0xfd, 0x21, 0x00, 0xf8, 0x01, 0xe0, 0xff, 0x02,
  0x00, 0x00, 0x00, 0x00, 0x00, 0x00, 0x00, 0x00, 0x00, 0x00, 0x00, 0x00, 0x00, 0x00, 0x00, 0x00, 0x00, 0x00, 0x00, 0x00, 0x00, 0x00, 0x00, 0x00,
  0x00, 0x00, 0x00, 0x00, 0x00, 0x00, 0x00, 0x00, 0x00, 0x00, 0x00, 0x00, 0x00, 0x00, 0x00, 0x00, 0x00, 0x00, 0x00, 0x00, 0x00, 0x00, 0x00, 0x00,
  0x00, 0x00, 0x00, 0x00, 0x00, 0x00, 0x00, 0x00, 0x00, 0x00, 0x00, 0x00, 0x00, 0x00, 0x00, 0x00, 0x00, 0x00, 0x00, 0x00, 0x00, 0x00, 0x00, 0x00,
  0xff, 0xff, 0x03, 0x00, 0x00, 0x00, 0x9e, 0xef, 0x47, 0xdf, 0xf7, 0xe6, 0xff, 0xff, 0xff, 0xbf, 0xf7, 0xff, 0xbe, 0xf7, 0xfd, 0xbe, 0xf7, 0xff,
  0xbf, 0xf7, 0xff, 0xbf, 0xf7, 0xfe, 0xbf, 0xf7, 0xfe, 0xbf, 0xf7, 0xfd, 0xbf, 0xf7, 0xfc, 0xbe, 0xf7, 0xfc, 0xbf, 0xf7, 0xfe, 0xdf, 0xf7, 0xff,
  0x9b, 0xf7, 0xff, 0xae, 0xfe, 0xff, 0x27, 0xfe, 0xfe, 0xc2, 0xfd, 0xfb, 0xa2, 0xfd, 0xfe, 0x42, 0xfe, 0xff, 0xa2, 0xfd, 0x9a, 0x00, 0x00, 0x00,
  0x00, 0x00, 0x00, 0x00, 0x00, 0x00, 0x00, 0x00, 0x00, 0x00, 0x00, 0x00, 0x00, 0x00, 0x00, 0x00, 0x00, 0x00, 0x00, 0x00, 0x00, 0x00, 0x00, 0x00,
  0x00, 0x00, 0x00, 0x00, 0x00, 0x00, 0x00, 0x00, 0x00, 0x00, 0x00, 0x00, 0x00, 0x00, 0x00, 0x00, 0x00, 0x00, 0x00, 0x00, 0x00, 0x00, 0x00, 0x00,
  0x00, 0x00, 0x00, 0x00, 0x00, 0x00, 0x00, 0x00, 0x00, 0x00, 0x00, 0x00, 0x00, 0x00, 0x00, 0x00, 0x00, 0x00, 0x00, 0x00, 0x00, 0x00, 0x00, 0x00,
  0x00, 0x00, 0x00, 0x00, 0x00, 0x00, 0x00, 0x00, 0x00, 0xff, 0xff, 0x03, 0x00, 0x00, 0x00, 0xbf, 0xef, 0x5f, 0xff, 0xff, 0xff, 0xdf, 0xf7, 0xff,
  0x9f, 0xef, 0xfb, 0xbf, 0xf7, 0xfe, 0xbf, 0xf7, 0xff, 0xbf, 0xf7, 0xff, 0xbf, 0xf7, 0xff, 0xbf, 0xf7, 0xff, 0xbf, 0xf7, 0xff, 0xbf, 0xf7, 0xff,
  0xbf, 0xf7, 0xff, 0xbf, 0xf7, 0xff, 0xbf, 0xf7, 0xff, 0xbe, 0xf7, 0xff, 0xbf, 0xf7, 0xff, 0xbe, 0xf7, 0xff, 0xf0, 0xfe, 0xff, 0x69, 0xfe, 0xff,
  0xc3, 0xfd, 0xfe, 0xa2, 0xfd, 0xf9, 0x42, 0xfe, 0xff, 0xa2, 0xfd, 0x80, 0xe0, 0xff, 0x01, 0x60, 0xfe, 0x05, 0x00, 0x00, 0x00, 0x00, 0x00, 0x00,
  0x00, 0x00, 0x00, 0x00, 0x00, 0x00, 0x00, 0x00, 0x00, 0x00, 0x00, 0x00, 0x00, 0x00, 0x00, 0x00, 0x00, 0x00, 0x00, 0x00, 0x00, 0x00, 0x00, 0x00,
  0x00, 0x00, 0x00, 0x00, 0x00, 0x00, 0x00, 0x00, 0x00, 0x00, 0x00, 0x00, 0x00, 0x00, 0x00, 0x00, 0x00, 0x00, 0x00, 0x00, 0x00, 0x00, 0x00, 0x00,
  0x00, 0x00, 0x00, 0x00, 0x00, 0x00, 0x00, 0x00, 0x00, 0x00, 0x00, 0x00, 0x00, 0x00, 0x00, 0x00, 0x00, 0x00, 0xff, 0xff, 0x02, 0x00, 0x00, 0x00,
  0x9f, 0xef, 0x2e, 0xdf, 0xf7, 0xf5, 0xdf, 0xf7, 0xfd, 0xbf, 0xf7, 0xfc, 0xbf, 0xf7, 0xff, 0xbf, 0xf7, 0xff, 0xbf, 0xf7, 0xff, 0xbf, 0xf7, 0xff,
  0xbf, 0xf7, 0xff, 0xbf, 0xf7, 0xff, 0xbf, 0xf7, 0xff, 0xbf, 0xf7, 0xff, 0xbf, 0xf7, 0xff, 0xbf, 0xf7, 0xff, 0xbf, 0xf7, 0xff, 0xbf, 0xf7, 0xff,
  0xbe, 0xf7, 0xff, 0xbf, 0xf7, 0xff, 0x7b, 0xf7, 0xff, 0xcd, 0xfe, 0xff, 0x69, 0xfe, 0xff, 0xa2, 0xfd, 0xfe, 0xc2, 0xfd, 0xfc, 0xe2, 0xfd, 0xfa,
  0xc2, 0xfd, 0x28, 0x00, 0x00, 0x00, 0xe0, 0xff, 0x02, 0x00, 0x00, 0x00, 0x00, 0x00, 0x00, 0x00, 0x00, 0x00, 0x00, 0x00, 0x00, 0x00, 0x00, 0x00,
  0x00, 0x00, 0x00, 0x00, 0x00, 0x00, 0x00, 0x00, 0x00, 0x00, 0x00, 0x00, 0x00, 0x00, 0x00, 0x00, 0x00, 0x00, 0x00, 0x00, 0x00, 0x00, 0x00, 0x00,
  0x00, 0x00, 0x00, 0x00, 0x00, 0x00, 0x00, 0x00, 0x00, 0x00, 0x00, 0x00, 0x00, 0x00, 0x00, 0x00, 0x00, 0x00, 0x00, 0x00, 0x00, 0x00, 0x00, 0x00,
  0x00, 0x00, 0x00, 0xff, 0xff, 0x01, 0xff, 0xff, 0x02, 0xff, 0xff, 0x06, 0xbf, 0xf7, 0xcf, 0xff, 0xff, 0xff, 0x9f, 0xef, 0xfc, 0xbf, 0xf7, 0xff,
  0xbf, 0xf7, 0xff, 0xbf, 0xf7, 0xff, 0xbf, 0xf7, 0xff, 0xbf, 0xf7, 0xff, 0xbf, 0xf7, 0xff, 0xbf, 0xf7, 0xff, 0xbf, 0xf7, 0xff, 0xbf, 0xf7, 0xff,
  0xbf, 0xf7, 0xff, 0xbf, 0xf7, 0xff, 0xbf, 0xf7, 0xff, 0xbf, 0xf7, 0xff, 0xbf, 0xf7, 0xff, 0xbe, 0xf7, 0xff, 0xdf, 0xf7, 0xff, 0x37, 0xf7, 0xff,
  0xac, 0xfe, 0xff, 0x05, 0xfe, 0xff, 0xa1, 0xfd, 0xfb, 0x22, 0xfe, 0xff, 0xa2, 0xfd, 0x9d, 0x00, 0x00, 0x00, 0xe0, 0xff, 0x03, 0x40, 0xfd, 0x03,
  0xe0, 0xfd, 0x04, 0x40, 0xfd, 0x03, 0x40, 0xfd, 0x03, 0xe0, 0xfd, 0x04, 0xe0, 0xfb, 0x02, 0x00, 0x00, 0x00, 0x00, 0x00, 0x00, 0x00, 0x00, 0x00,
  0x00, 0x00, 0x00, 0x00, 0x00, 0x00, 0x00, 0x00, 0x00, 0x00, 0x00, 0x00, 0x00, 0x00, 0x00, 0x00, 0x00, 0x00, 0x00, 0x00, 0x00, 0x00, 0x00, 0x00,
  0x00, 0x00, 0x00, 0x00, 0x00, 0x00, 0x00, 0x00, 0x00, 0x00, 0x00, 0x00, 0x00, 0x00, 0x00, 0xff, 0xff, 0x04, 0x00, 0x00, 0x00, 0xbf, 0xf7, 0x60,
  0xff, 0xff, 0xff, 0xbf, 0xf7, 0xfb, 0xbf, 0xf7, 0xff, 0xbf, 0xf7, 0xff, 0xbf, 0xf7, 0xff, 0xbf, 0xf7, 0xff, 0xbf, 0xf7, 0xff, 0xbf, 0xf7, 0xff,
  0xbf, 0xf7, 0xff, 0xbf, 0xf7, 0xff, 0xbf, 0xf7, 0xff, 0xbf, 0xf7, 0xff, 0xbf, 0xf7, 0xff, 0xbf, 0xf7, 0xff, 0xbf, 0xf7, 0xff, 0xbf, 0xf7, 0xff,
  0xbf, 0xf7, 0xff, 0xbf, 0xf7, 0xff, 0xbf, 0xf7, 0xff, 0xbf, 0xf7, 0xff, 0xf0, 0xfe, 0xff, 0x48, 0xfe, 0xff, 0xa1, 0xfd, 0xfe, 0xe2, 0xfd, 0xff,
  0xc2, 0xfd, 0xe6, 0x83, 0xfd, 0x0a, 0x00, 0x00, 0x00, 0x00, 0x00, 0x00, 0x00, 0x00, 0x00, 0x00, 0x00, 0x00, 0x00, 0x00, 0x00, 0x00, 0x00, 0x00,
  0x00, 0x00, 0x00, 0x00, 0x00, 0x00, 0x00, 0x00, 0x00, 0x00, 0x00, 0x00, 0x00, 0x00, 0x00, 0x00, 0x00, 0x00, 0x00, 0x00, 0x00, 0x00, 0x00, 0x00,
  0x00, 0x00, 0x00, 0x00, 0x00, 0x00, 0x00, 0x00, 0x00, 0x00, 0x00, 0x00, 0x00, 0x00, 0x00, 0x00, 0x00, 0x00, 0xff, 0xff, 0x01, 0xf7, 0xbd, 0x04,
  0xff, 0xff, 0x03, 0x00, 0x00, 0x00, 0x00, 0x00, 0x00, 0xbf, 0xef, 0xca, 0xff, 0xff, 0xfe, 0xbf, 0xf7, 0xfc, 0xbf, 0xf7, 0xff, 0xbf, 0xf7, 0xff,
  0xbf, 0xf7, 0xff, 0xbf, 0xf7, 0xff, 0xbf, 0xf7, 0xff, 0xbf, 0xf7, 0xff, 0xbf, 0xf7, 0xff, 0xbf, 0xf7, 0xff, 0xbf, 0xf7, 0xff, 0xbf, 0xf7, 0xff,
  0xbf, 0xf7, 0xff, 0xbf, 0xf7, 0xff, 0xbf, 0xf7, 0xff, 0xbf, 0xf7, 0xff, 0xbf, 0xf7, 0xff, 0xbf, 0xf7, 0xff, 0xbe, 0xf7, 0xff, 0xbf, 0xf7, 0xff,
  0x57, 0xff, 0xff, 0x68, 0xfe, 0xff, 0xa2, 0xfd, 0xff, 0xc2, 0xfd, 0xfe, 0xe2, 0xfd, 0xfc, 0xc2, 0xfd, 0x37, 0x00, 0x00, 0x00, 0xa2, 0xfd, 0x44,
  0xe2, 0xfd, 0x60, 0xc2, 0xfd, 0x3c, 0xa2, 0xfd, 0x3c, 0x02, 0xfe, 0x68, 0xc2, 0xfd, 0x24, 0x00, 0x00, 0x00, 0xe0, 0xff, 0x01, 0x00, 0x00, 0x00,
  0x00, 0x00, 0x00, 0x00, 0x00, 0x00, 0x00, 0x00, 0x00, 0x00, 0x00, 0x00, 0x00, 0x00, 0x00, 0x00, 0x00, 0x00, 0x00, 0x00, 0x00, 0x00, 0x00, 0x00,
  0x00, 0x00, 0x00, 0xff, 0xff, 0x02, 0x00, 0x00, 0x00, 0x00, 0x00, 0x00, 0x00, 0x00, 0x00, 0xff, 0xff, 0x09, 0xdf, 0xff, 0x36, 0xdf, 0xf7, 0xf8,
  0xbf, 0xf7, 0xfe, 0xbf, 0xf7, 0xff, 0xbf, 0xf7, 0xff, 0xbf, 0xf7, 0xff, 0xbf, 0xf7, 0xff, 0xbf, 0xf7, 0xff, 0xbf, 0xf7, 0xff, 0xbf, 0xf7, 0xff,
  0xbf, 0xf7, 0xff, 0xbf, 0xf7, 0xff, 0xbf, 0xf7, 0xff, 0xbf, 0xf7, 0xff, 0xbf, 0xf7, 0xff, 0xbf, 0xf7, 0xff, 0xbf, 0xf7, 0xff, 0xbf, 0xf7, 0xff,
  0xbf, 0xf7, 0xff, 0xbf, 0xf7, 0xff, 0xbf, 0xf7, 0xff, 0xbf, 0xf7, 0xff, 0x9c, 0xf7, 0xff, 0x6a, 0xfe, 0xff, 0xa1, 0xfd, 0xff, 0xc2, 0xfd, 0xfd,
  0x02, 0xfe, 0xff, 0xa2, 0xfd, 0x42, 0xe0, 0xfb, 0x02, 0xa2, 0xfd, 0xfa, 0xa2, 0xfe, 0xff, 0x62, 0xfe, 0xff, 0x42, 0xfe, 0xff, 0xe2, 0xfe, 0xff,
  0xa2, 0xfd, 0xba, 0x00, 0x00, 0x00, 0xe0, 0xff, 0x03, 0x00, 0x00, 0x00, 0x00, 0x00, 0x00, 0x00, 0x00, 0x00, 0x00, 0x00, 0x00, 0x00, 0x00, 0x00,
  0x00, 0x00, 0x00, 0x00, 0x00, 0x00, 0x00, 0x00, 0x00, 0x00, 0x00, 0x00, 0xff, 0xff, 0x03, 0x00, 0x00, 0x00, 0xba, 0xd6, 0x06, 0xdf, 0xf7, 0x5e,
  0xdf, 0xf7, 0xae, 0xbf, 0xf7, 0xe1, 0xbf, 0xf7, 0xf5, 0xbf, 0xf7, 0xff, 0xbf, 0xf7, 0xff, 0xbf, 0xf7, 0xff, 0xbf, 0xf7, 0xff, 0xbf, 0xf7, 0xff,
  0xbf, 0xf7, 0xff, 0xbf, 0xf7, 0xff, 0xbf, 0xf7, 0xff, 0xbf, 0xf7, 0xff, 0xbf, 0xf7, 0xff, 0xbf, 0xf7, 0xff, 0xbf, 0xf7, 0xff, 0xbf, 0xf7, 0xff,
  0xbf, 0xf7, 0xff, 0xbf, 0xf7, 0xff, 0xbf, 0xf7, 0xff, 0xbf, 0xf7, 0xff, 0xbf, 0xf7, 0xff, 0xbf, 0xf7, 0xff, 0xbf, 0xf7, 0xff, 0xbf, 0xf7, 0xff,
  0xbf, 0xf7, 0xff, 0x49, 0xfe, 0xff, 0xa1, 0xfd, 0xff, 0xc2, 0xfd, 0xfd, 0x02, 0xfe, 0xff, 0xa2, 0xfd, 0x44, 0x00, 0x00, 0x00, 0xa2, 0xfd, 0x7a,
  0xe2, 0xfd, 0x9e, 0xa2, 0xfd, 0x7c, 0xc2, 0xfd, 0x7b, 0x02, 0xfe, 0xa6, 0xc2, 0xfd, 0x4d, 0x00, 0x00, 0x00, 0xe0, 0xff, 0x02, 0x00, 0x00, 0x00,
  0x00, 0x00, 0x00, 0x00, 0x00, 0x00, 0x00, 0x00, 0x00, 0x00, 0x00, 0x00, 0x00, 0x00, 0x00, 0x00, 0x00, 0x00, 0x00, 0x00, 0x00, 0xf7, 0xbd, 0x04,
  0x00, 0x00, 0x00, 0x9f, 0xef, 0x3b, 0xdf, 0xf7, 0xd4, 0xff, 0xff, 0xff, 0xff, 0xff, 0xff, 0xdf, 0xf7, 0xff, 0xbf, 0xf7, 0xff, 0xbf, 0xf7, 0xff,
  0xbf, 0xf7, 0xff, 0xbf, 0xf7, 0xff, 0xbf, 0xf7, 0xff, 0xbf, 0xf7, 0xff, 0xbf, 0xf7, 0xff, 0xbf, 0xf7, 0xff, 0xbf, 0xf7, 0xff, 0xbf, 0xf7, 0xff,
  0xbf, 0xf7, 0xff, 0xbf, 0xf7, 0xff, 0xbf, 0xf7, 0xff, 0xbf, 0xf7, 0xff, 0xbf, 0xf7, 0xff, 0xbf, 0xf7, 0xff, 0xbf, 0xf7, 0xff, 0xbf, 0xf7, 0xff,
  0xbf, 0xf7, 0xff, 0xbf, 0xf7, 0xff, 0xbf, 0xf7, 0xff, 0xbe, 0xf7, 0xff, 0xdf, 0xf7, 0xff, 0x49, 0xfe, 0xff, 0xa0, 0xfd, 0xfe, 0xc2, 0xfd, 0xfe,
  0xc2, 0xfd, 0xf4, 0xc2, 0xf5, 0x1e, 0x00, 0x00, 0x00, 0x00, 0x00, 0x00, 0x00, 0x00, 0x00, 0x00, 0x00, 0x00, 0x00, 0x00, 0x00, 0x00, 0x00, 0x00,
  0x00, 0x00, 0x00, 0x00, 0x00, 0x00, 0x00, 0x00, 0x00, 0x00, 0x00, 0x00, 0x00, 0x00, 0x00, 0x00, 0x00, 0x00, 0x00, 0x00, 0x00, 0x00, 0x00, 0x00,
  0x00, 0x00, 0x00, 0x00, 0x00, 0x00, 0xff, 0xff, 0x03, 0x00, 0x00, 0x00, 0xbf, 0xef, 0x5f, 0xff, 0xff, 0xfb, 0xff, 0xff, 0xff, 0xbf, 0xf7, 0xfb,
  0xbf, 0xf7, 0xfc, 0xbf, 0xf7, 0xfd, 0xbf, 0xf7, 0xfe, 0xbf, 0xf7, 0xff, 0xbf, 0xf7, 0xff, 0xbf, 0xf7, 0xff, 0xbf, 0xf7, 0xff, 0xbf, 0xf7, 0xff,
  0xbf, 0xf7, 0xff, 0xbf, 0xf7, 0xff, 0xbf, 0xf7, 0xff, 0xbf, 0xf7, 0xff, 0xbf, 0xf7, 0xff, 0xbf, 0xf7, 0xff, 0xbf, 0xf7, 0xff, 0xbf, 0xf7, 0xff,
  0xbf, 0xf7, 0xff, 0xbf, 0xf7, 0xff, 0xbf, 0xf7, 0xff, 0xbf, 0xf7, 0xff, 0xbf, 0xf7, 0xff, 0xbf, 0xf7, 0xff, 0xbf, 0xf7, 0xff, 0xbe, 0xf7, 0xff,
  0xdf, 0xf7, 0xff, 0x49, 0xfe, 0xff, 0xa1, 0xfd, 0xfc, 0x02, 0xfe, 0xfe, 0xa2, 0xfd, 0xcb, 0xe0, 0xfb, 0x02, 0xe0, 0xff, 0x02, 0x40, 0xfd, 0x03,
  0xe0, 0xff, 0x03, 0xe0, 0xfd, 0x04, 0xe0, 0xfd, 0x04, 0x40, 0xfd, 0x03, 0xe0, 0xff, 0x02, 0x00, 0x00, 0x00, 0x00, 0x00, 0x00, 0x00, 0x00, 0x00,
  0x00, 0x00, 0x00, 0x00, 0x00, 0x00, 0x00, 0x00, 0x00, 0x00, 0x00, 0x00, 0x00, 0x00, 0x00, 0xff, 0xff, 0x02, 0x00, 0x00, 0x00, 0xdf, 0xf7, 0x2f,
  0xdf, 0xf7, 0xf5, 0xdf, 0xf7, 0xff, 0x9e, 0xef, 0xfc, 0xbf, 0xf7, 0xff, 0xbf, 0xf7, 0xff, 0xbf, 0xf7, 0xff, 0xbf, 0xf7, 0xff, 0xbf, 0xf7, 0xff,
  0xbf, 0xf7, 0xff, 0xbf, 0xf7, 0xff, 0xbf, 0xf7, 0xff, 0xbf, 0xf7, 0xff, 0xbf, 0xf7, 0xff, 0xbf, 0xf7, 0xff, 0xbf, 0xf7, 0xff, 0xbf, 0xf7, 0xff,
  0xbf, 0xf7, 0xff, 0xbf, 0xf7, 0xff, 0xbf, 0xf7, 0xff, 0xbf, 0xf7, 0xff, 0xbf, 0xf7, 0xff, 0xbf, 0xf7, 0xff, 0xbf, 0xf7, 0xff, 0xbf, 0xf7, 0xff,
  0xbf, 0xf7, 0xff, 0xbf, 0xf7, 0xff, 0xbf, 0xf7, 0xff, 0xbe, 0xf7, 0xff, 0xdf, 0xf7, 0xff, 0x29, 0xfe, 0xff, 0x80, 0xfd, 0xfc, 0x43, 0xfe, 0xff,
  0xa2, 0xfd, 0x60, 0x00, 0x00, 0x00, 0xe0, 0xff, 0x03, 0x00, 0x00, 0x00, 0x00, 0x00, 0x00, 0x00, 0x00, 0x00, 0x00, 0x00, 0x00, 0x00, 0x00, 0x00,
  0x00, 0x00, 0x00, 0x00, 0x00, 0x00, 0x00, 0x00, 0x00, 0x00, 0x00, 0x00, 0x00, 0x00, 0x00, 0x00, 0x00, 0x00, 0x00, 0x00, 0x00, 0x00, 0x00, 0x00,
  0x00, 0x00, 0x00, 0xff, 0xff, 0x02, 0xff, 0xff, 0x01, 0xbf, 0xf7, 0xc1, 0xff, 0xff, 0xff, 0xbf, 0xef, 0xfb, 0xbf, 0xf7, 0xff, 0xbf, 0xf7, 0xff,
  0xbf, 0xf7, 0xff, 0xbf, 0xf7, 0xff, 0xbf, 0xf7, 0xff, 0xbf, 0xf7, 0xff, 0xbf, 0xf7, 0xff, 0xbf, 0xf7, 0xff, 0xbf, 0xf7, 0xff, 0xbf, 0xf7, 0xff,
  0xbf, 0xf7, 0xff, 0xbf, 0xf7, 0xff, 0xbf, 0xf7, 0xff, 0xbf, 0xf7, 0xff, 0xbf, 0xf7, 0xff, 0xbf, 0xf7, 0xff, 0xbf, 0xf7, 0xff, 0xbf, 0xf7, 0xff,
  0xbf, 0xf7, 0xff, 0xbf, 0xf7, 0xff, 0xbf, 0xf7, 0xff, 0xbf, 0xf7, 0xff, 0xbf, 0xf7, 0xff, 0xbf, 0xf7, 0xff, 0xbf, 0xf7, 0xff, 0xbe, 0xf7, 0xff,
  0xbf, 0xf7, 0xff, 0x59, 0xf7, 0xfd, 0x47, 0xfe, 0xff, 0xa0, 0xfd, 0xc6, 0xeb, 0xfd, 0x08, 0xe0, 0xfb, 0x02, 0xe0, 0xff, 0x01, 0x00, 0x00, 0x00,
  0x00, 0x00, 0x00, 0x00, 0x00, 0x00, 0x00, 0x00, 0x00, 0x00, 0x00, 0x00, 0x00, 0x00, 0x00, 0x00, 0x00, 0x00, 0x00, 0x00, 0x00, 0x00, 0x00, 0x00,
  0x00, 0x00, 0x00, 0x00, 0x00, 0x00, 0x00, 0x00, 0x00, 0x00, 0x00, 0x00, 0xff, 0xff, 0x03, 0x00, 0x00, 0x00, 0xbe, 0xf7, 0x39, 0xff, 0xff, 0xff,
  0xbf, 0xf7, 0xfc, 0xbf, 0xf7, 0xff, 0xbf, 0xf7, 0xff, 0xbf, 0xf7, 0xff, 0xbf, 0xf7, 0xff, 0xbf, 0xf7, 0xff, 0xbf, 0xf7, 0xff, 0xbf, 0xf7, 0xff,
  0xbf, 0xf7, 0xff, 0xbf, 0xf7, 0xff, 0xbf, 0xf7, 0xff, 0xbf, 0xf7, 0xff, 0xbf, 0xf7, 0xff, 0xbf, 0xf7, 0xff, 0xbf, 0xf7, 0xff, 0xbf, 0xf7, 0xff,
  0xbf, 0xf7, 0xff, 0xbf, 0xf7, 0xff, 0xbf, 0xf7, 0xff, 0xbf, 0xf7, 0xff, 0xbf, 0xf7, 0xff, 0xbf, 0xf7, 0xff, 0xbf, 0xf7, 0xff, 0xbf, 0xf7, 0xff,
  0xbf, 0xf7, 0xff, 0xbf, 0xf7, 0xff, 0xbf, 0xf7, 0xff, 0xbf, 0xf7, 0xff, 0xbe, 0xf7, 0xff, 0xdf, 0xef, 0xfc, 0xfd, 0xff, 0xff, 0xb1, 0xf6, 0x5c,
  0x00, 0x00, 0x00, 0x6c, 0xfe, 0x05, 0x00, 0x00, 0x00, 0x00, 0x00, 0x00, 0x00, 0x00, 0x00, 0x00, 0x00, 0x00, 0x00, 0x00, 0x00, 0x00, 0x00, 0x00,
  0x00, 0x00, 0x00, 0x00, 0x00, 0x00, 0x00, 0x00, 0x00, 0x00, 0x00, 0x00, 0x00, 0x00, 0x00, 0x00, 0x00, 0x00, 0x00, 0x00, 0x00, 0x00, 0x00, 0x00,
  0xff, 0xff, 0x04, 0x00, 0x00, 0x00, 0xbf, 0xf7, 0x82, 0xff, 0xff, 0xff, 0xbf, 0xf7, 0xfb, 0xbf, 0xf7, 0xff, 0xbf, 0xf7, 0xff, 0xbf, 0xf7, 0xff,
  0xbf, 0xf7, 0xff, 0xbf, 0xf7, 0xff, 0xbf, 0xf7, 0xff, 0xbf, 0xf7, 0xff, 0xbf, 0xf7, 0xff, 0xbf, 0xf7, 0xff, 0xbf, 0xf7, 0xff, 0xbf, 0xf7, 0xff,
  0xbf, 0xf7, 0xff, 0xbf, 0xf7, 0xff, 0xbf, 0xf7, 0xff, 0xbf, 0xf7, 0xff, 0xbf, 0xf7, 0xff, 0xbf, 0xf7, 0xff, 0xbf, 0xf7, 0xff, 0xbf, 0xf7, 0xff,
  0xbf, 0xf7, 0xff, 0xbf, 0xf7, 0xff, 0xbf, 0xf7, 0xff, 0xbf, 0xf7, 0xff, 0xbf, 0xf7, 0xff, 0xbf, 0xf7, 0xff, 0xbf, 0xf7, 0xff, 0xbf, 0xf7, 0xff,
  0xbf, 0xf7, 0xff, 0x9e, 0xf7, 0xfe, 0xdf, 0xf7, 0xfe, 0xdf, 0xf7, 0xe3, 0xd6, 0xf6, 0x24, 0x00, 0x00, 0x00, 0xf5, 0xff, 0x03, 0x00, 0x00, 0x00,
  0x00, 0x00, 0x00, 0x00, 0x00, 0x00, 0x00, 0x00, 0x00, 0x00, 0x00, 0x00, 0x00, 0x00, 0x00, 0x00, 0x00, 0x00, 0x00, 0x00, 0x00, 0x00, 0x00, 0x00,
  0x00, 0x00, 0x00, 0x00, 0x00, 0x00, 0x00, 0x00, 0x00, 0x00, 0x00, 0x00, 0xff, 0xff, 0x02, 0x00, 0x00, 0x00, 0xbf, 0xf7, 0xba, 0xff, 0xff, 0xff,
  0xbf, 0xf7, 0xfc, 0xbf, 0xf7, 0xff, 0xbf, 0xf7, 0xff, 0xbf, 0xf7, 0xff, 0xbf, 0xf7, 0xff, 0xbf, 0xf7, 0xff, 0xbf, 0xf7, 0xff, 0xbf, 0xf7, 0xff,
  0xbf, 0xf7, 0xff, 0xbf, 0xf7, 0xff, 0xbf, 0xf7, 0xff, 0xbf, 0xf7, 0xff, 0xbf, 0xf7, 0xff, 0xbf, 0xf7, 0xff, 0xbf, 0xf7, 0xff, 0xbf, 0xf7, 0xff,
  0xbf, 0xf7, 0xff, 0xbf, 0xf7, 0xff, 0xbf, 0xf7, 0xff, 0xbf, 0xf7, 0xff, 0xbf, 0xf7, 0xff, 0xbf, 0xf7, 0xff, 0xbf, 0xf7, 0xff, 0xbf, 0xf7, 0xff,
  0xbf, 0xf7, 0xff, 0xbf, 0xf7, 0xff, 0xbf, 0xf7, 0xff, 0xbf, 0xf7, 0xff, 0xbf, 0xf7, 0xff, 0xbf, 0xf7, 0xff, 0x9e, 0xf7, 0xff, 0xff, 0xf7, 0xff,
  0x54, 0xff, 0xf3, 0x60, 0xfd, 0x6e, 0x00, 0x00, 0x00, 0xa0, 0xfe, 0x06, 0x00, 0x00, 0x00, 0x00, 0x00, 0x00, 0x00, 0x00, 0x00, 0x00, 0x00, 0x00,
  0x00, 0x00, 0x00, 0x00, 0x00, 0x00, 0x00, 0x00, 0x00, 0x00, 0x00, 0x00, 0x00, 0x00, 0x00, 0x00, 0x00, 0x00, 0x00, 0x00, 0x00, 0x00, 0x00, 0x00,
  0xff, 0xff, 0x02, 0x00, 0x00, 0x00, 0xbf, 0xf7, 0xbf, 0xff, 0xff, 0xff, 0xbf, 0xf7, 0xfc, 0xbf, 0xf7, 0xff, 0xbf, 0xf7, 0xff, 0xbf, 0xf7, 0xff,
  0xbf, 0xf7, 0xff, 0xbf, 0xf7, 0xff, 0xbf, 0xf7, 0xff, 0xbf, 0xf7, 0xff, 0xbf, 0xf7, 0xff, 0xbf, 0xf7, 0xff, 0xbf, 0xf7, 0xff, 0xbf, 0xf7, 0xff,
  0xbf, 0xf7, 0xff, 0xbf, 0xf7, 0xff, 0xbf, 0xf7, 0xff, 0xbf, 0xf7, 0xff, 0xbf, 0xf7, 0xff, 0xbf, 0xf7, 0xff, 0xbf, 0xf7, 0xff, 0xbf, 0xf7, 0xff,
  0xbf, 0xf7, 0xff, 0xbf, 0xf7, 0xff, 0xbf, 0xf7, 0xff, 0xbf, 0xf7, 0xff, 0xbf, 0xf7, 0xff, 0xbf, 0xf7, 0xff, 0xbf, 0xf7, 0xff, 0xbf, 0xf7, 0xff,
  0xbf, 0xf7, 0xff, 0xbf, 0xf7, 0xff, 0xbf, 0xf7, 0xff, 0xbf, 0xef, 0xfd, 0xbc, 0xff, 0xff, 0x03, 0xfe, 0xf3, 0x81, 0xfd, 0x35, 0x00, 0x00, 0x00,
  0xe0, 0xff, 0x01, 0x00, 0x00, 0x00, 0x00, 0x00, 0x00, 0x00, 0x00, 0x00, 0x00, 0x00, 0x00, 0x00, 0x00, 0x00, 0x00, 0x00, 0x00, 0x00, 0x00, 0x00,
  0x00, 0x00, 0x00, 0x00, 0x00, 0x00, 0x00, 0x00, 0x00, 0x00, 0x00, 0x00, 0xff, 0xff, 0x02, 0x00, 0x00, 0x00, 0x9e, 0xef, 0xbb, 0xff, 0xff, 0xff,
  0xbf, 0xf7, 0xfc, 0xbf, 0xf7, 0xff, 0xbf, 0xf7, 0xff, 0xbf, 0xf7, 0xff, 0xbf, 0xf7, 0xff, 0xbf, 0xf7, 0xff, 0xbf, 0xf7, 0xff, 0xbf, 0xf7, 0xff,
  0xbf, 0xf7, 0xff, 0xbf, 0xf7, 0xff, 0xbf, 0xf7, 0xff, 0xbf, 0xf7, 0xff, 0xbf, 0xf7, 0xff, 0xbf, 0xf7, 0xff, 0xbf, 0xf7, 0xff, 0xbf, 0xf7, 0xff,
  0xbf, 0xf7, 0xff, 0xbf, 0xf7, 0xff, 0xbf, 0xf7, 0xff, 0xbf, 0xf7, 0xff, 0xbf, 0xf7, 0xff, 0xbf, 0xf7, 0xff, 0xbf, 0xf7, 0xff, 0xbf, 0xf7, 0xff,
  0xbf, 0xf7, 0xff, 0xbf, 0xf7, 0xff, 0xbf, 0xf7, 0xff, 0xbf, 0xf7, 0xff, 0xbf, 0xf7, 0xff, 0xbf, 0xf7, 0xff, 0xbf, 0xf7, 0xff, 0xbf, 0xf7, 0xff,
  0xbf, 0xef, 0xfc, 0x68, 0xfe, 0xff, 0xc1, 0xfd, 0xee, 0xa3, 0xfd, 0x5c, 0xe0, 0xfd, 0x04, 0xe0, 0xff, 0x01, 0x00, 0x00, 0x00, 0x00, 0x00, 0x00,
  0x00, 0x00, 0x00, 0x00, 0x00, 0x00, 0x00, 0x00, 0x00, 0x00, 0x00, 0x00, 0x00, 0x00, 0x00, 0x00, 0x00, 0x00, 0x00, 0x00, 0x00, 0x00, 0x00, 0x00,
  0xff, 0xff, 0x02, 0xff, 0xff, 0x01, 0x7e, 0xef, 0xcb, 0xff, 0xff, 0xff, 0xbf, 0xf7, 0xfd, 0xbf, 0xf7, 0xff, 0xbf, 0xf7, 0xff, 0xbf, 0xf7, 0xff,
  0xbf, 0xf7, 0xff, 0xbf, 0xf7, 0xff, 0xbf, 0xf7, 0xff, 0xbf, 0xf7, 0xff, 0xbf, 0xf7, 0xff, 0xbf, 0xf7, 0xff, 0xbf, 0xf7, 0xff, 0xbf, 0xf7, 0xff,
  0xbf, 0xf7, 0xff, 0xbf, 0xf7, 0xff, 0xbf, 0xf7, 0xff, 0xbf, 0xf7, 0xff, 0xbf, 0xf7, 0xff, 0xbf, 0xf7, 0xff, 0xbf, 0xf7, 0xff, 0xbf, 0xf7, 0xff,
  0xbf, 0xf7, 0xff, 0xbf, 0xf7, 0xff, 0xbf, 0xf7, 0xff, 0xbf, 0xf7, 0xff, 0xbf, 0xf7, 0xff, 0xbf, 0xf7, 0xff, 0xbf, 0xf7, 0xff, 0xbf, 0xf7, 0xff,
  0xbf, 0xf7, 0xff, 0xbf, 0xf7, 0xff, 0xbf, 0xf7, 0xff, 0xbe, 0xf7, 0xfe, 0xdf, 0xf7, 0xfd, 0xd2, 0xf6, 0x7b, 0xa0, 0xfd, 0xfa, 0x83, 0xfe, 0xff,
  0xa2, 0xfd, 0x32, 0x00, 0x00, 0x00, 0xe0, 0xff, 0x02, 0x00, 0x00, 0x00, 0x00, 0x00, 0x00, 0x00, 0x00, 0x00, 0x00, 0x00, 0x00, 0x00, 0x00, 0x00,
  0x00, 0x00, 0x00, 0x00, 0x00, 0x00, 0x00, 0x00, 0x00, 0xff, 0xff, 0x03, 0x00, 0x00, 0x00, 0xbf, 0xef, 0x7f, 0xff, 0xff, 0xff, 0xbf, 0xf7, 0xfc,
  0xbf, 0xf7, 0xff, 0xbf, 0xf7, 0xff, 0xbf, 0xf7, 0xff, 0xbf, 0xf7, 0xff, 0xbf, 0xf7, 0xff, 0xbf, 0xf7, 0xff, 0xbf, 0xf7, 0xff, 0xbf, 0xf7, 0xff,
  0xbf, 0xf7, 0xff, 0xbf, 0xf7, 0xff, 0xbf, 0xf7, 0xff, 0xbf, 0xf7, 0xff, 0xbf, 0xf7, 0xff, 0xbf, 0xf7, 0xff, 0xbf, 0xf7, 0xff, 0xbf, 0xf7, 0xff,
  0xbf, 0xf7, 0xff, 0xbf, 0xf7, 0xff, 0xbf, 0xf7, 0xff, 0xbf, 0xf7, 0xff, 0xbf, 0xf7, 0xff, 0xbf, 0xf7, 0xff, 0xbf, 0xf7, 0xff, 0xbf, 0xf7, 0xff,
  0xbf, 0xf7, 0xff, 0xbf, 0xf7, 0xff, 0xbf, 0xf7, 0xff, 0xbf, 0xf7, 0xff, 0xbf, 0xf7, 0xff, 0xbf, 0xf7, 0xff, 0xbf, 0xf7, 0xff, 0xbf, 0xf7, 0xfd,
  0xff, 0xff, 0xff, 0xff, 0xdf, 0x30, 0x80, 0xfd, 0x6a, 0xc2, 0xfd, 0xa1, 0xe2, 0xfd, 0x0c, 0xe0, 0xff, 0x01, 0xe0, 0xff, 0x01, 0x00, 0x00, 0x00,
  0x00, 0x00, 0x00, 0x00, 0x00, 0x00, 0x00, 0x00, 0x00, 0x00, 0x00, 0x00, 0x00, 0x00, 0x00, 0x00, 0x00, 0x00, 0xff, 0xff, 0x02, 0x00, 0x00, 0x00,
  0x9f, 0xf7, 0x2b, 0xdf, 0xf7, 0xfa, 0xbf, 0xf7, 0xfe, 0xbf, 0xf7, 0xfe, 0xbf, 0xf7, 0xff, 0xbf, 0xf7, 0xff, 0xbf, 0xf7, 0xff, 0xbf, 0xf7, 0xff,
  0xbf, 0xf7, 0xff, 0xbf, 0xf7, 0xff, 0xbf, 0xf7, 0xff, 0xbf, 0xf7, 0xff, 0xbf, 0xf7, 0xff, 0xbf, 0xf7, 0xff, 0xbf, 0xf7, 0xff, 0xbf, 0xf7, 0xff,
  0xbf, 0xf7, 0xff, 0xbf, 0xf7, 0xff, 0xbf, 0xf7, 0xff, 0xbf, 0xf7, 0xff, 0xbf, 0xf7, 0xff, 0xbf, 0xf7, 0xff, 0xbf, 0xf7, 0xff, 0xbf, 0xf7, 0xff,
  0xbf, 0xf7, 0xff, 0xbf, 0xf7, 0xff, 0xbf, 0xf7, 0xff, 0xbf, 0xf7, 0xff, 0xbf, 0xf7, 0xff, 0xbf, 0xf7, 0xff, 0xbf, 0xf7, 0xff, 0xbf, 0xf7, 0xff,
  0xbf, 0xf7, 0xff, 0xbf, 0xf7, 0xff, 0xbf, 0xf7, 0xff, 0xbf, 0xf7, 0xfd, 0xff, 0xff, 0xff, 0x5d, 0xe7, 0x46, 0x00, 0x00, 0x00, 0x00, 0x00, 0x00,
  0x00, 0x00, 0x00, 0x00, 0x00, 0x00, 0x00, 0x00, 0x00, 0x00, 0x00, 0x00, 0x00, 0x00, 0x00, 0x00, 0x00, 0x00, 0x00, 0x00, 0x00, 0x00, 0x00, 0x00,
  0x00, 0x00, 0x00, 0x00, 0x00, 0x00, 0xff, 0xff, 0x04, 0x00, 0x00, 0x00, 0xbf, 0xf7, 0x84, 0xff, 0xff, 0xff, 0xbf, 0xef, 0xfb, 0xbf, 0xf7, 0xff,
  0xbf, 0xf7, 0xff, 0xbf, 0xf7, 0xff, 0xbf, 0xf7, 0xff, 0xbf, 0xf7, 0xff, 0xbf, 0xf7, 0xff, 0xbf, 0xf7, 0xff, 0xbf, 0xf7, 0xff, 0xbf, 0xf7, 0xff,
  0xbf, 0xf7, 0xff, 0xbf, 0xf7, 0xff, 0xbf, 0xf7, 0xff, 0xbf, 0xf7, 0xff, 0xbf, 0xf7, 0xff, 0xbf, 0xf7, 0xff, 0xbf, 0xf7, 0xff, 0xbf, 0xf7, 0xff,
  0xbf, 0xf7, 0xff, 0xbf, 0xf7, 0xff, 0xbf, 0xf7, 0xff, 0xbf, 0xf7, 0xff, 0xbf, 0xf7, 0xff, 0xbf, 0xf7, 0xff, 0xbf, 0xf7, 0xff, 0xbf, 0xf7, 0xff,
  0xbf, 0xf7, 0xff, 0xbf, 0xf7, 0xff, 0xbf, 0xf7, 0xff, 0xbf, 0xf7, 0xff, 0xbf, 0xf7, 0xff, 0xbf, 0xf7, 0xff, 0xbf, 0xf7, 0xff, 0xbf, 0xf7, 0xfb,
  0xff, 0xff, 0xff, 0xbf, 0xf7, 0x80, 0x40, 0xfd, 0x03, 0xd2, 0xfe, 0x07, 0x00, 0x00, 0x00, 0x00, 0x00, 0x00, 0x00, 0x00, 0x00, 0x00, 0x00, 0x00,
  0x00, 0x00, 0x00, 0x00, 0x00, 0x00, 0x00, 0x00, 0x00, 0x00, 0x00, 0x00, 0x00, 0x00, 0x00, 0x00, 0x00, 0x00, 0xff, 0xff, 0x02, 0x00, 0x00, 0x00,
  0xbf, 0xef, 0xba, 0xff, 0xff, 0xfe, 0xbf, 0xf7, 0xfc, 0xbf, 0xf7, 0xff, 0xbf, 0xf7, 0xff, 0xbf, 0xf7, 0xff, 0xbf, 0xf7, 0xff, 0xbf, 0xf7, 0xff,
  0xbf, 0xf7, 0xff, 0xbf, 0xf7, 0xff, 0xbf, 0xf7, 0xff, 0xbf, 0xf7, 0xff, 0xbf, 0xf7, 0xff, 0xbf, 0xf7, 0xff, 0xbf, 0xf7, 0xff, 0xbf, 0xf7, 0xff,
  0xbf, 0xf7, 0xff, 0xbf, 0xf7, 0xff, 0xbf, 0xf7, 0xff, 0xbf, 0xf7, 0xff, 0xbf, 0xf7, 0xff, 0xbf, 0xf7, 0xff, 0xbf, 0xf7, 0xff, 0xbf, 0xf7, 0xff,
  0xbf, 0xf7, 0xff, 0xbf, 0xf7, 0xff, 0xbf, 0xf7, 0xff, 0xbf, 0xf7, 0xff, 0xbf, 0xf7, 0xff, 0xbf, 0xf7, 0xff, 0xbf, 0xf7, 0xff, 0xbf, 0xf7, 0xff,
  0xbf, 0xf7, 0xff, 0xbf, 0xf7, 0xff, 0xbf, 0xf7, 0xff, 0xbf, 0xf7, 0xfc, 0xff, 0xff, 0xff, 0xbf, 0xf7, 0xbb, 0x00, 0x00, 0x00, 0xff, 0xff, 0x02,
  0x00, 0x00, 0x00, 0x00, 0x00, 0x00, 0x00, 0x00, 0x00, 0x00, 0x00, 0x00, 0x00, 0x00, 0x00, 0x00, 0x00, 0x00, 0x00, 0x00, 0x00, 0x00, 0x00, 0x00,
  0x00, 0x00, 0x00, 0x00, 0x00, 0x00, 0xff, 0xff, 0x02, 0x00, 0x00, 0x00, 0xbf, 0xf7, 0xbe, 0xff, 0xff, 0xff, 0xbf, 0xf7, 0xfc, 0xbf, 0xf7, 0xff,
  0xbf, 0xf7, 0xff, 0xbf, 0xf7, 0xff, 0xbf, 0xf7, 0xff, 0xbf, 0xf7, 0xff, 0xbf, 0xf7, 0xff, 0xbf, 0xf7, 0xff, 0xbf, 0xf7, 0xff, 0xbf, 0xf7, 0xff,
  0xbf, 0xf7, 0xff, 0xbf, 0xf7, 0xff, 0xbf, 0xf7, 0xff, 0xbf, 0xf7, 0xff, 0xbf, 0xf7, 0xff, 0xbf, 0xf7, 0xff, 0xbf, 0xf7, 0xff, 0xbf, 0xf7, 0xff,
  0xbf, 0xf7, 0xff, 0xbf, 0xf7, 0xff, 0xbf, 0xf7, 0xff, 0xbf, 0xf7, 0xff, 0xbf, 0xf7, 0xff, 0xbf, 0xf7, 0xff, 0xbf, 0xf7, 0xff, 0xbf, 0xf7, 0xff,
  0xbf, 0xf7, 0xff, 0xbf, 0xf7, 0xff, 0xbf, 0xf7, 0xff, 0xbf, 0xf7, 0xff, 0xbf, 0xf7, 0xff, 0xbf, 0xf7, 0xff, 0xbf, 0xf7, 0xff, 0xbf, 0xf7, 0xfc,
  0xff, 0xff, 0xff, 0xbf, 0xf7, 0xbe, 0x00, 0x00, 0x00, 0xff, 0xff, 0x02, 0x00, 0x00, 0x00, 0x00, 0x00, 0x00, 0x00, 0x00, 0x00, 0x00, 0x00, 0x00,
  0x00, 0x00, 0x00, 0x00, 0x00, 0x00, 0x00, 0x00, 0x00, 0x00, 0x00, 0x00, 0x00, 0x00, 0x00, 0x00, 0x00, 0x00, 0xff, 0xff, 0x02, 0x00, 0x00, 0x00,
  0x7e, 0xef, 0xc0, 0xff, 0xff, 0xff, 0xbf, 0xf7, 0xfc, 0xbf, 0xf7, 0xff, 0xbf, 0xf7, 0xff, 0xbf, 0xf7, 0xff, 0xbf, 0xf7, 0xff, 0xbf, 0xf7, 0xff,
  0xbf, 0xf7, 0xff, 0xbf, 0xf7, 0xff, 0xbf, 0xf7, 0xff, 0xbf, 0xf7, 0xff, 0xbf, 0xf7, 0xff, 0xbf, 0xf7, 0xff, 0xbf, 0xf7, 0xff, 0xbf, 0xf7, 0xff,
  0xbf, 0xf7, 0xff, 0xbf, 0xf7, 0xff, 0xbf, 0xf7, 0xff, 0xbf, 0xf7, 0xff, 0xbf, 0xf7, 0xff, 0xbf, 0xf7, 0xff, 0xbf, 0xf7, 0xff, 0xbf, 0xf7, 0xff,
  0xbf, 0xf7, 0xff, 0xbf, 0xf7, 0xff, 0xbf, 0xf7, 0xff, 0xbf, 0xf7, 0xff, 0xbf, 0xf7, 0xff, 0xbf, 0xf7, 0xff, 0xbf, 0xf7, 0xff, 0xbf, 0xf7, 0xff,
  0xbf, 0xf7, 0xff, 0xbf, 0xf7, 0xff, 0xbf, 0xf7, 0xff, 0xbf, 0xf7, 0xfc, 0xff, 0xff, 0xff, 0x7e, 0xef, 0xc0, 0x00, 0x00, 0x00, 0xff, 0xff, 0x02,
  0x00, 0x00, 0x00, 0x00, 0x00, 0x00, 0x00, 0x00, 0x00, 0x00, 0x00, 0x00, 0x00, 0x00, 0x00, 0x00, 0x00, 0x00, 0x00, 0x00, 0x00, 0x00, 0x00, 0x00,
  0x00, 0x00, 0x00, 0x00, 0x00, 0x00, 0xff, 0xff, 0x03, 0x00, 0x00, 0x00, 0x3d, 0xdf, 0xb1, 0xff, 0xff, 0xfe, 0xbf, 0xef, 0xfc, 0xbf, 0xf7, 0xff,
  0xbf, 0xf7, 0xff, 0xbf, 0xf7, 0xff, 0xbf, 0xf7, 0xff, 0xbf, 0xf7, 0xff, 0xbf, 0xf7, 0xff, 0xbf, 0xf7, 0xff, 0xbf, 0xf7, 0xff, 0xbf, 0xf7, 0xff,
  0xbf, 0xf7, 0xff, 0xbf, 0xf7, 0xff, 0xbf, 0xf7, 0xff, 0xbf, 0xf7, 0xff, 0xbf, 0xf7, 0xff, 0xbf, 0xf7, 0xff, 0xbf, 0xf7, 0xff, 0xbf, 0xf7, 0xff,
  0xbf, 0xf7, 0xff, 0xbf, 0xf7, 0xff, 0xbf, 0xf7, 0xff, 0xbf, 0xf7, 0xff, 0xbf, 0xf7, 0xff, 0xbf, 0xf7, 0xff, 0xbf, 0xf7, 0xff, 0xbf, 0xf7, 0xff,
  0xbf, 0xf7, 0xff, 0xbf, 0xf7, 0xff, 0xbf, 0xf7, 0xff, 0xbf, 0xf7, 0xff, 0xbf, 0xf7, 0xff, 0xbf, 0xf7, 0xff, 0xbf, 0xf7, 0xff, 0xbf, 0xef, 0xfc,
  0xff, 0xff, 0xfe, 0x3d, 0xdf, 0xb1, 0x00, 0x00, 0x00, 0xff, 0xff, 0x03, 0x00, 0x00, 0x00, 0x00, 0x00, 0x00, 0x00, 0x00, 0x00, 0x00, 0x00, 0x00,
  0x00, 0x00, 0x00, 0x00, 0x00, 0x00, 0x00, 0x00, 0x00, 0x00, 0x00, 0x00, 0x00, 0x00, 0x00, 0x00, 0x00, 0x00, 0xff, 0xff, 0x04, 0x00, 0x00, 0x00,
  0xbc, 0xce, 0x70, 0xff, 0xff, 0xff, 0xbf, 0xf7, 0xfb, 0xbf, 0xf7, 0xff, 0xbf, 0xf7, 0xff, 0xbf, 0xf7, 0xff, 0xbf, 0xf7, 0xff, 0xbf, 0xf7, 0xff,
  0xbf, 0xf7, 0xff, 0xbf, 0xf7, 0xff, 0xbf, 0xf7, 0xff, 0xbf, 0xf7, 0xff, 0xbf, 0xf7, 0xff, 0xbf, 0xf7, 0xff, 0xbf, 0xf7, 0xff, 0xbf, 0xf7, 0xff,
  0xbf, 0xf7, 0xff, 0xbf, 0xf7, 0xff, 0xbf, 0xf7, 0xff, 0xbf, 0xf7, 0xff, 0xbf, 0xf7, 0xff, 0xbf, 0xf7, 0xff, 0xbf, 0xf7, 0xff, 0xbf, 0xf7, 0xff,
  0xbf, 0xf7, 0xff, 0xbf, 0xf7, 0xff, 0xbf, 0xf7, 0xff, 0xbf, 0xf7, 0xff, 0xbf, 0xf7, 0xff, 0xbf, 0xf7, 0xff, 0xbf, 0xf7, 0xff, 0xbf, 0xf7, 0xff,
  0xbf, 0xf7, 0xff, 0xbf, 0xf7, 0xff, 0xbf, 0xf7, 0xff, 0xbf, 0xf7, 0xfb, 0xff, 0xff, 0xff, 0xbc, 0xce, 0x70, 0x00, 0x00, 0x00, 0xff, 0xbf, 0x04,
  0x00, 0x00, 0x00, 0x00, 0x00, 0x00, 0x00, 0x00, 0x00, 0x00, 0x00, 0x00, 0x00, 0x00, 0x00, 0x00, 0x00, 0x00, 0x00, 0x00, 0x00, 0x00, 0x00, 0x00,
  0x00, 0x00, 0x00, 0x00, 0x00, 0x00, 0xff, 0xff, 0x01, 0xff, 0xff, 0x01, 0xfa, 0xb5, 0x17, 0xfd, 0xd6, 0xea, 0xdf, 0xf7, 0xfe, 0xbf, 0xf7, 0xfc,
  0xbf, 0xf7, 0xff, 0xbf, 0xf7, 0xff, 0xbf, 0xf7, 0xff, 0xbf, 0xf7, 0xff, 0xbf, 0xf7, 0xff, 0xbf, 0xf7, 0xff, 0xbf, 0xf7, 0xff, 0xbf, 0xf7, 0xff,
  0xbf, 0xf7, 0xff, 0xbf, 0xf7, 0xff, 0xbf, 0xf7, 0xff, 0xbf, 0xf7, 0xff, 0xbf, 0xf7, 0xff, 0xbf, 0xf7, 0xff, 0xbf, 0xf7, 0xff, 0xbf, 0xf7, 0xff,
  0xbf, 0xf7, 0xff, 0xbf, 0xf7, 0xff, 0xbf, 0xf7, 0xff, 0xbf, 0xf7, 0xff, 0xbf, 0xf7, 0xff, 0xbf, 0xf7, 0xff, 0xbf, 0xf7, 0xff, 0xbf, 0xf7, 0xff,
  0xbf, 0xf7, 0xff, 0xbf, 0xf7, 0xff, 0xbf, 0xf7, 0xff, 0xbf, 0xf7, 0xff, 0xbf, 0xf7, 0xff, 0xbf, 0xf7, 0xff, 0xbf, 0xf7, 0xfc, 0xdf, 0xf7, 0xfe,
  0xfd, 0xd6, 0xea, 0xfa, 0xb5, 0x17, 0xff, 0xff, 0x01, 0xff, 0xff, 0x01, 0x00, 0x00, 0x00, 0x00, 0x00, 0x00, 0x00, 0x00, 0x00, 0x00, 0x00, 0x00,
  0x00, 0x00, 0x00, 0x00, 0x00, 0x00, 0x00, 0x00, 0x00, 0x00, 0x00, 0x00, 0x00, 0x00, 0x00, 0x00, 0x00, 0x00, 0x00, 0x00, 0x00, 0xff, 0xaf, 0x03,
  0x00, 0x00, 0x00, 0x7b, 0xc6, 0x54, 0x5e, 0xdf, 0xff, 0x9e, 0xef, 0xff, 0xbf, 0xf7, 0xfb, 0xbf, 0xf7, 0xfd, 0xbf, 0xf7, 0xfe, 0xbf, 0xf7, 0xfe,
  0xbf, 0xf7, 0xfe, 0xbf, 0xf7, 0xfe, 0xbf, 0xf7, 0xfe, 0xbf, 0xf7, 0xfe, 0xbf, 0xf7, 0xfe, 0xbf, 0xf7, 0xfe, 0xbf, 0xf7, 0xfe, 0xbf, 0xf7, 0xfe,
  0xbf, 0xf7, 0xfe, 0xbf, 0xf7, 0xfe, 0xbf, 0xf7, 0xfe, 0xbf, 0xf7, 0xfe, 0xbf, 0xf7, 0xfe, 0xbf, 0xf7, 0xfe, 0xbf, 0xf7, 0xfe, 0xbf, 0xf7, 0xfe,
  0xbf, 0xf7, 0xfe, 0xbf, 0xf7, 0xfe, 0xbf, 0xf7, 0xfe, 0xbf, 0xf7, 0xfe, 0xbf, 0xf7, 0xfe, 0xbf, 0xf7, 0xfe, 0xbf, 0xf7, 0xfe, 0xbf, 0xf7, 0xfe,
  0xbf, 0xf7, 0xfd, 0xbf, 0xf7, 0xfb, 0x9e, 0xef, 0xff, 0x5e, 0xdf, 0xff, 0x7b, 0xc6, 0x54, 0x00, 0x00, 0x00, 0xff, 0xaf, 0x03, 0x00, 0x00, 0x00,
  0x00, 0x00, 0x00, 0x00, 0x00, 0x00, 0x00, 0x00, 0x00, 0x00, 0x00, 0x00, 0x00, 0x00, 0x00, 0x00, 0x00, 0x00, 0x00, 0x00, 0x00, 0x00, 0x00, 0x00,
  0x00, 0x00, 0x00, 0x00, 0x00, 0x00, 0x00, 0x00, 0x00, 0x00, 0x00, 0x00, 0xff, 0xaf, 0x03, 0x00, 0x00, 0x00, 0x9b, 0xc6, 0x62, 0xfd, 0xd6, 0xf1,
  0x9f, 0xe7, 0xff, 0x9e, 0xef, 0xff, 0x9e, 0xef, 0xff, 0x9e, 0xef, 0xff, 0x9e, 0xef, 0xff, 0x9e, 0xef, 0xff, 0x9e, 0xef, 0xff, 0x9e, 0xef, 0xff,
  0x9e, 0xef, 0xff, 0x9e, 0xef, 0xff, 0x9e, 0xef, 0xff, 0x9e, 0xef, 0xff, 0x9e, 0xef, 0xff, 0x9e, 0xef, 0xff, 0x9e, 0xef, 0xff, 0x9e, 0xef, 0xff,
  0x9e, 0xef, 0xff, 0x9e, 0xef, 0xff, 0x9e, 0xef, 0xff, 0x9e, 0xef, 0xff, 0x9e, 0xef, 0xff, 0x9e, 0xef, 0xff, 0x9e, 0xef, 0xff, 0x9e, 0xef, 0xff,
  0x9e, 0xef, 0xff, 0x9e, 0xef, 0xff, 0x9e, 0xef, 0xff, 0x9e, 0xef, 0xff, 0x9e, 0xef, 0xff, 0x9f, 0xe7, 0xff, 0xfd, 0xd6, 0xf1, 0x9b, 0xc6, 0x62,
  0x00, 0x00, 0x00, 0xff, 0xaf, 0x03, 0x00, 0x00, 0x00, 0x00, 0x00, 0x00, 0x00, 0x00, 0x00, 0x00, 0x00, 0x00, 0x00, 0x00, 0x00, 0x00, 0x00, 0x00,
  0x00, 0x00, 0x00, 0x00, 0x00, 0x00, 0x00, 0x00, 0x00, 0x00, 0x00, 0x00, 0x00, 0x00, 0x00, 0x00, 0x00, 0x00, 0x00, 0x00, 0x00, 0x00, 0x00, 0x00,
  0x00, 0x00, 0x00, 0x5f, 0xad, 0x03, 0x00, 0x00, 0x00, 0x9b, 0xc6, 0x27, 0xbc, 0xce, 0x9b, 0xdc, 0xce, 0xd5, 0xbc, 0xce, 0xed, 0x9b, 0xce, 0xee,
  0xbb, 0xce, 0xee, 0xbb, 0xce, 0xee, 0xbb, 0xce, 0xee, 0xbb, 0xce, 0xee, 0xbb, 0xce, 0xee, 0xbb, 0xce, 0xee, 0xbb, 0xce, 0xee, 0xbb, 0xce, 0xee,
  0xbb, 0xce, 0xee, 0xbb, 0xce, 0xee, 0xbb, 0xce, 0xee, 0xbb, 0xce, 0xee, 0xbb, 0xce, 0xee, 0xbb, 0xce, 0xee, 0xbb, 0xce, 0xee, 0xbb, 0xce, 0xee,
  0xbb, 0xce, 0xee, 0xbb, 0xce, 0xee, 0xbb, 0xce, 0xee, 0xbb, 0xce, 0xee, 0xbb, 0xce, 0xee, 0xbb, 0xce, 0xee, 0x9b, 0xce, 0xee, 0xbc, 0xce, 0xed,
  0xdc, 0xce, 0xd5, 0xbc, 0xce, 0x9b, 0x9b, 0xc6, 0x27, 0x00, 0x00, 0x00, 0x5f, 0xad, 0x03, 0x00, 0x00, 0x00, 0x00, 0x00, 0x00, 0x00, 0x00, 0x00,
  0x00, 0x00, 0x00, 0x00, 0x00, 0x00, 0x00, 0x00, 0x00, 0x00, 0x00, 0x00, 0x00, 0x00, 0x00, 0x00, 0x00, 0x00, 0x00, 0x00, 0x00, 0x00, 0x00, 0x00,
  0x00, 0x00, 0x00, 0x00, 0x00, 0x00, 0x00, 0x00, 0x00, 0x00, 0x00, 0x00, 0x00, 0x00, 0x00, 0x00, 0x00, 0x00, 0x55, 0xad, 0x03, 0x00, 0x00, 0x00,
  0x00, 0x00, 0x00, 0xff, 0xff, 0x03, 0xff, 0xef, 0x10, 0xfb, 0xce, 0x10, 0x9c, 0xc6, 0x11, 0x9c, 0xc6, 0x11, 0x9c, 0xc6, 0x11, 0x9c, 0xc6, 0x11,
  0x9c, 0xc6, 0x11, 0x9c, 0xc6, 0x11, 0x9c, 0xc6, 0x11, 0x9c, 0xc6, 0x11, 0x9c, 0xc6, 0x11, 0x9c, 0xc6, 0x11, 0x9c, 0xc6, 0x11, 0x9c, 0xc6, 0x11,
  0x9c, 0xc6, 0x11, 0x9c, 0xc6, 0x11, 0x9c, 0xc6, 0x11, 0x9c, 0xc6, 0x11, 0x9c, 0xc6, 0x11, 0x9c, 0xc6, 0x11, 0x9c, 0xc6, 0x11, 0x9c, 0xc6, 0x11,
  0x9c, 0xc6, 0x11, 0x9c, 0xc6, 0x11, 0xfb, 0xce, 0x10, 0xff, 0xef, 0x10, 0xff, 0xff, 0x03, 0x00, 0x00, 0x00, 0x00, 0x00, 0x00, 0x55, 0xad, 0x03,
  0x00, 0x00, 0x00, 0x00, 0x00, 0x00, 0x00, 0x00, 0x00, 0x00, 0x00, 0x00, 0x00, 0x00, 0x00, 0x00, 0x00, 0x00, 0x00, 0x00, 0x00, 0x00, 0x00, 0x00,
  0x00, 0x00, 0x00, 0x00, 0x00, 0x00, 0x00, 0x00, 0x00, 0x00, 0x00, 0x00, 0x00, 0x00, 0x00, 0x00, 0x00, 0x00, 0x00, 0x00, 0x00, 0x00, 0x00, 0x00,
  0x00, 0x00, 0x00, 0x00, 0x00, 0x00, 0x00, 0x00, 0x00, 0xff, 0x7b, 0x02, 0xff, 0xff, 0x03, 0x00, 0x00, 0x00, 0x00, 0x00, 0x00, 0x00, 0x00, 0x00,
  0x00, 0x00, 0x00, 0x00, 0x00, 0x00, 0x00, 0x00, 0x00, 0x00, 0x00, 0x00, 0x00, 0x00, 0x00, 0x00, 0x00, 0x00, 0x00, 0x00, 0x00, 0x00, 0x00, 0x00,
  0x00, 0x00, 0x00, 0x00, 0x00, 0x00, 0x00, 0x00, 0x00, 0x00, 0x00, 0x00, 0x00, 0x00, 0x00, 0x00, 0x00, 0x00, 0x00, 0x00, 0x00, 0x00, 0x00, 0x00,
  0x00, 0x00, 0x00, 0x00, 0x00, 0x00, 0x00, 0x00, 0x00, 0x00, 0x00, 0x00, 0x00, 0x00, 0x00, 0x00, 0x00, 0x00, 0x00, 0x00, 0x00, 0x00, 0x00, 0x00,
  0x00, 0x00, 0x00, 0xff, 0xff, 0x03, 0xff, 0x7b, 0x02, 0x00, 0x00, 0x00, 0x00, 0x00, 0x00, 0x00, 0x00, 0x00, 0x00, 0x00, 0x00, 0x00, 0x00, 0x00,
  0x00, 0x00, 0x00, 0x00, 0x00, 0x00, 0x00, 0x00, 0x00, 0x00, 0x00, 0x00, 0x00, 0x00, 0x00, 0x00, 0x00, 0x00, 0x00, 0x00, 0x00, 0x00, 0x00, 0x00,
  0x00, 0x00, 0x00, 0x00, 0x00, 0x00, 0x00, 0x00, 0x00, 0x00, 0x00, 0x00, 0x00, 0x00, 0x00, 0x00, 0x00, 0x00, 0x00, 0x00, 0x00, 0x00, 0x00, 0x00,
  0x00, 0x00, 0x00, 0xff, 0x07, 0x01, 0xff, 0xff, 0x01, 0xff, 0xff, 0x01, 0xff, 0xff, 0x01, 0xff, 0xff, 0x01, 0xff, 0xff, 0x01, 0xff, 0xff, 0x01,
  0xff, 0xff, 0x01, 0xff, 0xff, 0x01, 0xff, 0xff, 0x01, 0xff, 0xff, 0x01, 0xff, 0xff, 0x01, 0xff, 0xff, 0x01, 0xff, 0xff, 0x01, 0xff, 0xff, 0x01,
  0xff, 0xff, 0x01, 0xff, 0xff, 0x01, 0xff, 0xff, 0x01, 0xff, 0xff, 0x01, 0xff, 0xff, 0x01, 0xff, 0xff, 0x01, 0xff, 0xff, 0x01, 0xff, 0xff, 0x01,
  0xff, 0xff, 0x01, 0xff, 0xff, 0x01, 0xff, 0xff, 0x01, 0xff, 0xff, 0x01, 0xff, 0x07, 0x01, 0x00, 0x00, 0x00, 0x00, 0x00, 0x00, 0x00, 0x00, 0x00,
  0x00, 0x00, 0x00, 0x00, 0x00, 0x00, 0x00, 0x00, 0x00, 0x00, 0x00, 0x00, 0x00, 0x00, 0x00, 0x00, 0x00, 0x00, 0x00, 0x00, 0x00, 0x00, 0x00, 0x00,
  0x00, 0x00, 0x00, 0x00, 0x00, 0x00, 0x00, 0x00, 0x00, 0x00, 0x00, 0x00, 0x00, 0x00, 0x00, 0x00, 0x00, 0x00, 0x00, 0x00, 0x00, 0x00, 0x00, 0x00,
  0x00, 0x00, 0x00, 0x00, 0x00, 0x00, 0x00, 0x00, 0x00, 0x00, 0x00, 0x00, 0x00, 0x00, 0x00, 0x00, 0x00, 0x00, 0x00, 0x00, 0x00, 0x00, 0x00, 0x00,
  0x00, 0x00, 0x00, 0x00, 0x00, 0x00, 0x00, 0x00, 0x00, 0x00, 0x00, 0x00, 0x00, 0x00, 0x00, 0x00, 0x00, 0x00, 0x00, 0x00, 0x00, 0x00, 0x00, 0x00,
  0x00, 0x00, 0x00, 0x00, 0x00, 0x00, 0x00, 0x00, 0x00, 0x00, 0x00, 0x00, 0x00, 0x00, 0x00, 0x00, 0x00, 0x00, 0x00, 0x00, 0x00, 0x00, 0x00, 0x00,
  0x00, 0x00, 0x00, 0x00, 0x00, 0x00, 0x00, 0x00, 0x00, 0x00, 0x00, 0x00, 0x00, 0x00, 0x00, 0x00, 0x00, 0x00, 0x00, 0x00, 0x00, 0x00, 0x00, 0x00,
  0x00, 0x00, 0x00, 0x00, 0x00, 0x00, 0x00, 0x00, 0x00, 0x00, 0x00, 0x00, 0x00, 0x00, 0x00, 0x00, 0x00, 0x00, 0x00, 0x00, 0x00, 0x00, 0x00, 0x00,
  0x00, 0x00, 0x00, 0x00, 0x00, 0x00, 0x00, 0x00, 0x00, 0x00, 0x00, 0x00, 0x00, 0x00, 0x00, 0x00, 0x00, 0x00, 0x00, 0x00, 0x00, 0x00, 0x00, 0x00,
  0x00, 0x00, 0x00, 0x00, 0x00, 0x00, 0x00, 0x00, 0x00, 0x00, 0x00, 0x00, 0x00, 0x00, 0x00, 0x00, 0x00, 0x00, 0x00, 0x00, 0x00, 0x00, 0x00, 0x00,
  0x00, 0x00, 0x00, 0x00, 0x00, 0x00, 0x00, 0x00, 0x00, 0x00, 0x00, 0x00, 0x00, 0x00, 0x00, 0x00, 0x00, 0x00, 0x00, 0x00, 0x00, 0x00, 0x00, 0x00,
  0x00, 0x00, 0x00, 0x00, 0x00, 0x00, 0x00, 0x00, 0x00, 0x00, 0x00, 0x00, 0x00, 0x00, 0x00, 0x00, 0x00, 0x00, 0x00, 0x00, 0x00, 0x00, 0x00, 0x00,
  0x00, 0x00, 0x00, 0x00, 0x00, 0x00, 0x00, 0x00, 0x00, 0x00, 0x00, 0x00, 0x00, 0x00, 0x00, 0x00, 0x00, 0x00, 0x00, 0x00, 0x00, 0x00, 0x00, 0x00,
  0x00, 0x00, 0x00, 0x00, 0x00, 0x00, 0x00, 0x00, 0x00, 0x00, 0x00, 0x00, 0x00, 0x00, 0x00, 0x00, 0x00, 0x00, 0x00, 0x00, 0x00, 0x00, 0x00, 0x00,
  0x00, 0x00, 0x00, 0x00, 0x00, 0x00, 0x00, 0x00, 0x00, 0x00, 0x00, 0x00, 0x00, 0x00, 0x00, 0x00, 0x00, 0x00, 0x00, 0x00, 0x00, 0x00, 0x00, 0x00,
  0x00, 0x00, 0x00, 0x00, 0x00, 0x00, 0x00, 0x00, 0x00, 0x00, 0x00, 0x00, 0x00, 0x00, 0x00, 0x00, 0x00, 0x00, 0x00, 0x00, 0x00, 0x00, 0x00, 0x00,
  0x00, 0x00, 0x00, 0x00, 0x00, 0x00, 0x00, 0x00, 0x00, 0x00, 0x00, 0x00, 0x00, 0x00, 0x00, 0x00, 0x00, 0x00, 0x00, 0x00, 0x00, 0x00, 0x00, 0x00,
  0x00, 0x00, 0x00, 0x00, 0x00, 0x00, 0x00, 0x00, 0x00, 0x00, 0x00, 0x00, 0x00, 0x00, 0x00, 0x00, 0x00, 0x00, 0x00, 0x00, 0x00, 0x00, 0x00, 0x00,
  0x00, 0x00, 0x00, 0x00, 0x00, 0x00, 0x00, 0x00, 0x00, 0x00, 0x00, 0x00, 0x00, 0x00, 0x00, 0x00, 0x00, 0x00, 0x00, 0x00, 0x00, 0x00, 0x00, 0x00,
  0x00, 0x00, 0x00, 0x00, 0x00, 0x00, 0x00, 0x00, 0x00, 0x00, 0x00, 0x00, 0x00, 0x00, 0x00, 0x00, 0x00, 0x00, 0x00, 0x00, 0x00, 0x00, 0x00, 0x00,
  0x00, 0x00, 0x00, 0x00, 0x00, 0x00, 0x00, 0x00, 0x00, 0x00, 0x00, 0x00, 0x00, 0x00, 0x00, 0x00, 0x00, 0x00, 0x00, 0x00, 0x00, 0x00, 0x00, 0x00,
  0x00, 0x00, 0x00, 0x00, 0x00, 0x00, 0x00, 0x00, 0x00, 0x00, 0x00, 0x00, 0x00, 0x00, 0x00, 0x00, 0x00, 0x00, 0x00, 0x00, 0x00, 0x00, 0x00, 0x00,
  0x00, 0x00, 0x00, 0x00, 0x00, 0x00, 0x00, 0x00, 0x00, 0x00, 0x00, 0x00, 0x00, 0x00, 0x00, 0x00, 0x00, 0x00, 0x00, 0x00, 0x00, 0x00, 0x00, 0x00,
  0x00, 0x00, 0x00, 0x00, 0x00, 0x00, 0x00, 0x00, 0x00, 0x00, 0x00, 0x00, 0x00, 0x00, 0x00, 0x00, 0x00, 0x00, 0x00, 0x00, 0x00, 0x00, 0x00, 0x00,
  0x00, 0x00, 0x00, 0x00, 0x00, 0x00, 0x00, 0x00, 0x00, 0x00, 0x00, 0x00, 0x00, 0x00, 0x00, 0x00, 0x00, 0x00, 0x00, 0x00, 0x00, 0x00, 0x00, 0x00,
  0x00, 0x00, 0x00, 0x00, 0x00, 0x00, 0x00, 0x00, 0x00, 0x00, 0x00, 0x00, 0x00, 0x00, 0x00, 0x00, 0x00, 0x00, 0x00, 0x00, 0x00, 0x00, 0x00, 0x00,
  0x00, 0x00, 0x00, 0x00, 0x00, 0x00, 0x00, 0x00, 0x00, 0x00, 0x00, 0x00, 0x00, 0x00, 0x00, 0x00, 0x00, 0x00, 0x00, 0x00, 0x00, 0x00, 0x00, 0x00,
  0x00, 0x00, 0x00, 0x00, 0x00, 0x00, 0x00, 0x00, 0x00, 0x00, 0x00, 0x00, 0x00, 0x00, 0x00, 0x00, 0x00, 0x00, 0x00, 0x00, 0x00, 0x00, 0x00, 0x00,
  0x00, 0x00, 0x00, 0x00, 0x00, 0x00, 0x00, 0x00, 0x00, 0x00, 0x00, 0x00, 0x00, 0x00, 0x00, 0x00, 0x00, 0x00, 0x00, 0x00, 0x00, 0x00, 0x00, 0x00,
  0x00, 0x00, 0x00, 0x00, 0x00, 0x00, 0x00, 0x00, 0x00, 0x00, 0x00, 0x00, 0x00, 0x00, 0x00, 0x00, 0x00, 0x00, 0x00, 0x00, 0x00, 0x00, 0x00, 0x00,
  0x00, 0x00, 0x00, 0x00, 0x00, 0x00, 0x00, 0x00, 0x00, 0x00, 0x00, 0x00, 0x00, 0x00, 0x00, 0x00, 0x00, 0x00, 0x00, 0x00, 0x00, 0x00, 0x00, 0x00,
  0x00, 0x00, 0x00, 0x00, 0x00, 0x00, 0x00, 0x00, 0x00, 0x00, 0x00, 0x00, 0x00, 0x00, 0x00, 0x00, 0x00, 0x00, 0x00, 0x00, 0x00, 0x00, 0x00, 0x00,
  0x00, 0x00, 0x00, 0x00, 0x00, 0x00, 0x00, 0x00, 0x00, 0x00, 0x00, 0x00, 0x00, 0x00, 0x00, 0x00, 0x00, 0x00, 0x00, 0x00, 0x00, 0x00, 0x00, 0x00,
  0x00, 0x00, 0x00, 0x00, 0x00, 0x00, 0x00, 0x00, 0x00, 0x00, 0x00, 0x00, 0x00, 0x00, 0x00, 0x00, 0x00, 0x00, 0x00, 0x00, 0x00, 0x00, 0x00, 0x00,
  0x00, 0x00, 0x00, 0x00, 0x00, 0x00, 0x00, 0x00, 0x00, 0x00, 0x00, 0x00, 0x00, 0x00, 0x00, 0x00, 0x00, 0x00, 0x00, 0x00, 0x00, 0x00, 0x00, 0x00,
  0x00, 0x00, 0x00, 0x00, 0x00, 0x00, 0x00, 0x00, 0x00, 0x00, 0x00, 0x00, 0x00, 0x00, 0x00, 0x00, 0x00, 0x00, 0x00, 0x00, 0x00, 0x00, 0x00, 0x00,
  0x00, 0x00, 0x00, 0x00, 0x00, 0x00, 0x00, 0x00, 0x00, 0x00, 0x00, 0x00, 0x00, 0x00, 0x00, 0x00, 0x00, 0x00, 0x00, 0x00, 0x00, 0x00, 0x00, 0x00,
  0x00, 0x00, 0x00, 0x00, 0x00, 0x00, 0x00, 0x00, 0x00, 0x00, 0x00, 0x00, 0x00, 0x00, 0x00, 0x00, 0x00, 0x00, 0x00, 0x00, 0x00, 0x00, 0x00, 0x00,
  0x00, 0x00, 0x00, 0x00, 0x00, 0x00, 0x00, 0x00, 0x00, 0x00, 0x00, 0x00, 0x00, 0x00, 0x00, 0x00, 0x00, 0x00, 0x00, 0x00, 0x00, 0x00, 0x00, 0x00,
  0x00, 0x00, 0x00, 0x00, 0x00, 0x00, 0x00, 0x00, 0x00, 0x00, 0x00, 0x00, 0x00, 0x00, 0x00, 0x00, 0x00, 0x00, 0x00, 0x00, 0x00, 0x00, 0x00, 0x00,
  0x00, 0x00, 0x00, 0x00, 0x00, 0x00, 0x00, 0x00, 0x00, 0x00, 0x00, 0x00, 0x00, 0x00, 0x00, 0x00, 0x00, 0x00, 0x00, 0x00, 0x00, 0x00, 0x00, 0x00,
  0x00, 0x00, 0x00, 0x00, 0x00, 0x00, 0x00, 0x00, 0x00, 0x00, 0x00, 0x00, 0x00, 0x00, 0x00, 0x00, 0x00, 0x00, 0x00, 0x00, 0x00, 0x00, 0x00, 0x00,
  0x00, 0x00, 0x00, 0x00, 0x00, 0x00, 0x00, 0x00, 0x00, 0x00, 0x00, 0x00, 0x00, 0x00, 0x00, 0x00, 0x00, 0x00, 0x00, 0x00, 0x00, 0x00, 0x00, 0x00,
  0x00, 0x00, 0x00, 0x00, 0x00, 0x00, 0x00, 0x00, 0x00, 0x00, 0x00, 0x00, 0x00, 0x00, 0x00, 0x00, 0x00, 0x00, 0x00, 0x00, 0x00, 0x00, 0x00, 0x00,
  0x00, 0x00, 0x00, 0x00, 0x00, 0x00, 0x00, 0x00, 0x00, 0x00, 0x00, 0x00, 0x00, 0x00, 0x00, 0x00, 0x00, 0x00, 0x00, 0x00, 0x00, 0x00, 0x00, 0x00,
  0x00, 0x00, 0x00, 0x00, 0x00, 0x00, 0x00, 0x00, 0x00, 0x00, 0x00, 0x00, 0x00, 0x00, 0x00, 0x00, 0x00, 0x00, 0x00, 0x00, 0x00, 0x00, 0x00, 0x00,
  0x00, 0x00, 0x00, 0x00, 0x00, 0x00, 0x00, 0x00, 0x00, 0x00, 0x00, 0x00, 0x00, 0x00, 0x00, 0x00, 0x00, 0x00, 0x00, 0x00, 0x00, 0x00, 0x00, 0x00,
  0x00, 0x00, 0x00, 0x00, 0x00, 0x00, 0x00, 0x00, 0x00, 0x00, 0x00, 0x00, 0x00, 0x00, 0x00, 0x00, 0x00, 0x00, 0x00, 0x00, 0x00, 0x00, 0x00, 0x00
};
const lv_img_dsc_t wx_partly_L = {
  .header = { .cf = LV_IMG_CF_TRUE_COLOR_ALPHA, .always_zero = 0, .reserved = 0, .w = 52, .h = 52 },
  .data_size = 8112,
  .data = wx_partly_L_map,
};

static const uint8_t wx_cloud_L_map[] = {
  0x00, 0x00, 0x00, 0x00, 0x00, 0x00, 0x00, 0x00, 0x00, 0x00, 0x00, 0x00, 0x00, 0x00, 0x00, 0x00, 0x00, 0x00, 0x00, 0x00, 0x00, 0x00, 0x00, 0x00,
  0x00, 0x00, 0x00, 0x00, 0x00, 0x00, 0x00, 0x00, 0x00, 0x00, 0x00, 0x00, 0x00, 0x00, 0x00, 0x00, 0x00, 0x00, 0x00, 0x00, 0x00, 0x00, 0x00, 0x00,
  0x00, 0x00, 0x00, 0x00, 0x00, 0x00, 0x00, 0x00, 0x00, 0x00, 0x00, 0x00, 0x00, 0x00, 0x00, 0x00, 0x00, 0x00, 0x00, 0x00, 0x00, 0x00, 0x00, 0x00,
  0x00, 0x00, 0x00, 0xff, 0xff, 0x01, 0xff, 0xbd, 0x04, 0xf7, 0xbd, 0x04, 0x00, 0x00, 0x01, 0x00, 0x00, 0x00, 0x00, 0x00, 0x00, 0x00, 0x00, 0x00,
  0x00, 0x00, 0x00, 0xff, 0xff, 0x03, 0xff, 0xbf, 0x04, 0xff, 0xff, 0x02, 0x00, 0x00, 0x00, 0x00, 0x00, 0x00, 0x00, 0x00, 0x00, 0x00, 0x00, 0x00,
  0x00, 0x00, 0x00, 0x00, 0x00, 0x00, 0x00, 0x00, 0x00, 0x00, 0x00, 0x00, 0x00, 0x00, 0x00, 0x00, 0x00, 0x00, 0x00, 0x00, 0x00, 0x00, 0x00, 0x00,
  0x00, 0x00, 0x00, 0x00, 0x00, 0x00, 0x00, 0x00, 0x00, 0x00, 0x00, 0x00, 0x00, 0x00, 0x00, 0x00, 0x00, 0x00, 0x00, 0x00, 0x00, 0x00, 0x00, 0x00,
  0x00, 0x00, 0x00, 0x00, 0x00, 0x00, 0x00, 0x00, 0x00, 0x00, 0x00, 0x00, 0x00, 0x00, 0x00, 0x00, 0x00, 0x00, 0x00, 0x00, 0x00, 0x00, 0x00, 0x00,
  0x00, 0x00, 0x00, 0x00, 0x00, 0x00, 0x00, 0x00, 0x00, 0x00, 0x00, 0x00, 0x00, 0x00, 0x00, 0x00, 0x00, 0x00, 0x00, 0x00, 0x00, 0x00, 0x00, 0x00,
  0x00, 0x00, 0x00, 0x00, 0x00, 0x00, 0x00, 0x00, 0x00, 0xff, 0xff, 0x01, 0xff, 0xff, 0x03, 0x00, 0x00, 0x00, 0x00, 0x00, 0x00, 0x00, 0x00, 0x00,
  0x00, 0x00, 0x00, 0x7d, 0xdf, 0x10, 0xfd, 0xce, 0x0f, 0x7f, 0xdf, 0x10, 0xff, 0xaf, 0x03, 0x00, 0x00, 0x00, 0x00, 0x00, 0x00, 0x00, 0x00, 0x00,
  0x5f, 0xad, 0x03, 0xff, 0xff, 0x02, 0x00, 0x00, 0x00, 0x00, 0x00, 0x00, 0x00, 0x00, 0x00, 0x00, 0x00, 0x00, 0x00, 0x00, 0x00, 0x00, 0x00, 0x00,
  0x00, 0x00, 0x00, 0x00, 0x00, 0x00, 0x00, 0x00, 0x00, 0x00, 0x00, 0x00, 0x00, 0x00, 0x00, 0x00, 0x00, 0x00, 0x00, 0x00, 0x00, 0x00, 0x00, 0x00,
  0x00, 0x00, 0x00, 0x00, 0x00, 0x00, 0x00, 0x00, 0x00, 0x00, 0x00, 0x00, 0x00, 0x00, 0x00, 0x00, 0x00, 0x00, 0x00, 0x00, 0x00, 0x00, 0x00, 0x00,
  0x00, 0x00, 0x00, 0x00, 0x00, 0x00, 0x00, 0x00, 0x00, 0x00, 0x00, 0x00, 0x00, 0x00, 0x00, 0x00, 0x00, 0x00, 0x00, 0x00, 0x00, 0x00, 0x00, 0x00,
  0x00, 0x00, 0x00, 0x00, 0x00, 0x00, 0x00, 0x00, 0x00, 0x00, 0x00, 0x00, 0x00, 0x00, 0x00, 0x00, 0x00, 0x00, 0xff, 0xaf, 0x03, 0x00, 0x00, 0x00,
  0x00, 0x00, 0x00, 0xfd, 0xc6, 0x17, 0xfc, 0xd6, 0x62, 0xdc, 0xd6, 0x9f, 0xdc, 0xd6, 0xca, 0xbc, 0xce, 0xef, 0xbc, 0xce, 0xee, 0xbc, 0xce, 0xef,
  0xdc, 0xce, 0xd6, 0xbc, 0xce, 0xae, 0xfd, 0xd6, 0x71, 0xdc, 0xce, 0x28, 0x00, 0x00, 0x00, 0x00, 0x00, 0x00, 0xff, 0xff, 0x03, 0x00, 0x00, 0x00,
  0x00, 0x00, 0x00, 0x00, 0x00, 0x00, 0x00, 0x00, 0x00, 0x00, 0x00, 0x00, 0x00, 0x00, 0x00, 0x00, 0x00, 0x00, 0x00, 0x00, 0x00, 0x00, 0x00, 0x00,
  0x00, 0x00, 0x00, 0x00, 0x00, 0x00, 0x00, 0x00, 0x00, 0x00, 0x00, 0x00, 0x00, 0x00, 0x00, 0x00, 0x00, 0x00, 0x00, 0x00, 0x00, 0x00, 0x00, 0x00,
  0x00, 0x00, 0x00, 0x00, 0x00, 0x00, 0x00, 0x00, 0x00, 0x00, 0x00, 0x00, 0x00, 0x00, 0x00, 0x00, 0x00, 0x00, 0x00, 0x00, 0x00, 0x00, 0x00, 0x00,
  0x00, 0x00, 0x00, 0x00, 0x00, 0x00, 0x00, 0x00, 0x00, 0x00, 0x00, 0x00, 0x00, 0x00, 0x00, 0x00, 0x00, 0x00, 0x00, 0x00, 0x00, 0x00, 0x00, 0x00,
  0x00, 0x00, 0x00, 0xff, 0xff, 0x03, 0x00, 0x00, 0x00, 0x9b, 0xc6, 0x16, 0xdc, 0xd6, 0x80, 0xdc, 0xd6, 0xe8, 0x3e, 0xdf, 0xff, 0x1d, 0xdf, 0xff,
  0xfd, 0xd6, 0xff, 0xdc, 0xce, 0xff, 0xdc, 0xce, 0xff, 0xdc, 0xce, 0xff, 0xfd, 0xd6, 0xff, 0x1d, 0xd7, 0xff, 0x3e, 0xdf, 0xff, 0xdc, 0xce, 0xf8,
  0xdc, 0xd6, 0x9e, 0xbc, 0xce, 0x2c, 0x00, 0x00, 0x00, 0xff, 0xff, 0x02, 0xff, 0xff, 0x01, 0x00, 0x00, 0x00, 0x00, 0x00, 0x00, 0x00, 0x00, 0x00,
  0x00, 0x00, 0x00, 0x00, 0x00, 0x00, 0x00, 0x00, 0x00, 0x00, 0x00, 0x00, 0x00, 0x00, 0x00, 0x00, 0x00, 0x00, 0x00, 0x00, 0x00, 0x00, 0x00, 0x00,
  0x00, 0x00, 0x00, 0x00, 0x00, 0x00, 0x00, 0x00, 0x00, 0x00, 0x00, 0x00, 0x00, 0x00, 0x00, 0x00, 0x00, 0x00, 0x00, 0x00, 0x00, 0x00, 0x00, 0x00,
  0x00, 0x00, 0x00, 0x00, 0x00, 0x00, 0x00, 0x00, 0x00, 0x00, 0x00, 0x00, 0x00, 0x00, 0x00, 0x00, 0x00, 0x00, 0x00, 0x00, 0x00, 0x00, 0x00, 0x00,
  0x00, 0x00, 0x00, 0x00, 0x00, 0x00, 0x00, 0x00, 0x00, 0x00, 0x00, 0x00, 0xff, 0xff, 0x02, 0x00, 0x00, 0x00, 0xbc, 0xce, 0x56, 0xfd, 0xd6, 0xe5,
  0x3e, 0xdf, 0xff, 0xdc, 0xce, 0xff, 0x9b, 0xce, 0xfc, 0xbc, 0xce, 0xfb, 0xbc, 0xce, 0xfc, 0xbc, 0xce, 0xfe, 0xbc, 0xce, 0xfe, 0xbc, 0xce, 0xfe,
  0xbc, 0xce, 0xfd, 0xbc, 0xce, 0xfc, 0xbc, 0xce, 0xfb, 0xbc, 0xce, 0xff, 0x1e, 0xdf, 0xff, 0xdc, 0xd6, 0xf9, 0xbc, 0xce, 0x80, 0x00, 0x00, 0x00,
  0x00, 0x00, 0x00, 0xff, 0xff, 0x01, 0x00, 0x00, 0x00, 0x00, 0x00, 0x00, 0x00, 0x00, 0x00, 0x00, 0x00, 0x00, 0x00, 0x00, 0x00, 0x00, 0x00, 0x00,
  0x00, 0x00, 0x00, 0x00, 0x00, 0x00, 0x00, 0x00, 0x00, 0x00, 0x00, 0x00, 0x00, 0x00, 0x00, 0x00, 0x00, 0x00, 0x00, 0x00, 0x00, 0x00, 0x00, 0x00,
  0x00, 0x00, 0x00, 0x00, 0x00, 0x00, 0x00, 0x00, 0x00, 0x00, 0x00, 0x00, 0x00, 0x00, 0x00, 0x00, 0x00, 0x00, 0x00, 0x00, 0x00, 0x00, 0x00, 0x00,
  0x00, 0x00, 0x00, 0x00, 0x00, 0x00, 0x00, 0x00, 0x00, 0x00, 0x00, 0x00, 0x00, 0x00, 0x00, 0x00, 0x00, 0x00, 0x00, 0x00, 0x00, 0xff, 0xff, 0x03,
  0x00, 0x00, 0x00, 0xbc, 0xce, 0x70, 0x1d, 0xd7, 0xff, 0xdc, 0xd6, 0xff, 0xbb, 0xce, 0xfb, 0xbc, 0xce, 0xfe, 0xbc, 0xce, 0xff, 0xbc, 0xce, 0xff,
  0xbc, 0xce, 0xff, 0xbc, 0xce, 0xff, 0xbc, 0xce, 0xff, 0xbc, 0xce, 0xff, 0xbc, 0xce, 0xff, 0xbc, 0xce, 0xff, 0xbc, 0xce, 0xff, 0xbc, 0xce, 0xfe,
  0xbc, 0xce, 0xfb, 0xbc, 0xce, 0xfe, 0x5e, 0xdf, 0xff, 0xdc, 0xd6, 0x9d, 0xbd, 0xc6, 0x0d, 0xff, 0xff, 0x02, 0xff, 0xff, 0x01, 0x00, 0x00, 0x00,
  0x00, 0x00, 0x00, 0x00, 0x00, 0x00, 0x00, 0x00, 0x00, 0x00, 0x00, 0x00, 0x00, 0x00, 0x00, 0x00, 0x00, 0x00, 0x00, 0x00, 0x00, 0x00, 0x00, 0x00,
  0x00, 0x00, 0x00, 0x00, 0x00, 0x00, 0x00, 0x00, 0x00, 0x00, 0x00, 0x00, 0x00, 0x00, 0x00, 0x00, 0x00, 0x00, 0x00, 0x00, 0x00, 0x00, 0x00, 0x00,
  0x00, 0x00, 0x00, 0x00, 0x00, 0x00, 0x00, 0x00, 0x00, 0x00, 0x00, 0x00, 0x00, 0x00, 0x00, 0x00, 0x00, 0x00, 0x00, 0x00, 0x00, 0x00, 0x00, 0x00,
  0x00, 0x00, 0x00, 0x00, 0x00, 0x00, 0xf7, 0xbd, 0x04, 0x00, 0x00, 0x00, 0x9b, 0xce, 0x70, 0x5e, 0xdf, 0xff, 0xbc, 0xce, 0xfc, 0xbc, 0xce, 0xfd,
  0xbc, 0xce, 0xff, 0xbc, 0xce, 0xff, 0xbc, 0xce, 0xff, 0xbc, 0xce, 0xff, 0xbc, 0xce, 0xff, 0xbc, 0xce, 0xff, 0xbc, 0xce, 0xff, 0xbc, 0xce, 0xff,
  0xbc, 0xce, 0xff, 0xbc, 0xce, 0xff, 0xbc, 0xce, 0xff, 0xbc, 0xce, 0xff, 0xbc, 0xce, 0xff, 0xbc, 0xce, 0xfe, 0x9c, 0xce, 0xf9, 0x5e, 0xdf, 0xff,
  0xbc, 0xce, 0xab, 0x00, 0x00, 0x00, 0xf7, 0xbd, 0x04, 0xff, 0x07, 0x01, 0x00, 0x00, 0x00, 0x00, 0x00, 0x00, 0x00, 0x00, 0x00, 0x00, 0x00, 0x00,
  0x00, 0x00, 0x00, 0x00, 0x00, 0x00, 0x00, 0x00, 0x00, 0x00, 0x00, 0x00, 0x00, 0x00, 0x00, 0x00, 0x00, 0x00, 0x00, 0x00, 0x00, 0x00, 0x00, 0x00,
  0x00, 0x00, 0x00, 0x00, 0x00, 0x00, 0x00, 0x00, 0x00, 0x00, 0x00, 0x00, 0x00, 0x00, 0x00, 0x00, 0x00, 0x00, 0x00, 0x00, 0x00, 0x00, 0x00, 0x00,
  0x00, 0x00, 0x00, 0x00, 0x00, 0x00, 0x00, 0x00, 0x00, 0x00, 0x00, 0x00, 0x00, 0x00, 0x00, 0xff, 0xaf, 0x03, 0x00, 0x00, 0x00, 0xbc, 0xce, 0x54,
  0x1d, 0xd7, 0xff, 0xbc, 0xce, 0xfa, 0xbc, 0xce, 0xfe, 0xbc, 0xce, 0xff, 0xbc, 0xce, 0xff, 0xbc, 0xce, 0xff, 0xbc, 0xce, 0xff, 0xbc, 0xce, 0xff,
  0xbc, 0xce, 0xff, 0xbc, 0xce, 0xff, 0xbc, 0xce, 0xff, 0xbc, 0xce, 0xff, 0xbc, 0xce, 0xff, 0xbc, 0xce, 0xff, 0xbc, 0xce, 0xff, 0xbc, 0xce, 0xff,
  0xbc, 0xce, 0xff, 0xbc, 0xce, 0xff, 0xbc, 0xce, 0xff, 0xbb, 0xce, 0xfa, 0x3e, 0xdf, 0xff, 0x9b, 0xce, 0x8f, 0x00, 0x00, 0x00, 0xff, 0xaf, 0x03,
  0x00, 0x00, 0x00, 0x00, 0x00, 0x00, 0x00, 0x00, 0x00, 0x00, 0x00, 0x00, 0x00, 0x00, 0x00, 0x00, 0x00, 0x00, 0x00, 0x00, 0x00, 0x00, 0x00, 0x00,
  0x00, 0x00, 0x00, 0x00, 0x00, 0x00, 0x00, 0x00, 0x00, 0x00, 0x00, 0x00, 0x00, 0x00, 0x00, 0x00, 0x00, 0x00, 0x00, 0x00, 0x00, 0x00, 0x00, 0x00,
  0x00, 0x00, 0x00, 0x00, 0x00, 0x00, 0x00, 0x00, 0x00, 0x00, 0x00, 0x00, 0x00, 0x00, 0x00, 0x00, 0x00, 0x00, 0x00, 0x00, 0x00, 0x00, 0x00, 0x00,
  0xff, 0xff, 0x01, 0xef, 0x7b, 0x02, 0xbc, 0xc6, 0x12, 0xbc, 0xce, 0xea, 0xdc, 0xd6, 0xfe, 0xbc, 0xce, 0xfd, 0xbc, 0xce, 0xff, 0xbc, 0xce, 0xff,
  0xbc, 0xce, 0xff, 0xbc, 0xce, 0xff, 0xbc, 0xce, 0xff, 0xbc, 0xce, 0xff, 0xbc, 0xce, 0xff, 0xbc, 0xce, 0xff, 0xbc, 0xce, 0xff, 0xbc, 0xce, 0xff,
  0xbc, 0xce, 0xff, 0xbc, 0xce, 0xff, 0xbc, 0xce, 0xff, 0xbc, 0xce, 0xff, 0xbc, 0xce, 0xff, 0xbc, 0xce, 0xff, 0xbc, 0xce, 0xff, 0xbc, 0xce, 0xff,
  0xbc, 0xce, 0xfb, 0x1d, 0xd7, 0xff, 0xbc, 0xce, 0x3e, 0x00, 0x00, 0x00, 0xff, 0xaf, 0x03, 0x00, 0x00, 0x00, 0x00, 0x00, 0x00, 0x00, 0x00, 0x00,
  0x00, 0x00, 0x00, 0x00, 0x00, 0x00, 0x00, 0x00, 0x00, 0x00, 0x00, 0x00, 0x00, 0x00, 0x00, 0x00, 0x00, 0x00, 0x00, 0x00, 0x00, 0x00, 0x00, 0x00,
  0x00, 0x00, 0x00, 0x00, 0x00, 0x00, 0x00, 0x00, 0x00, 0x00, 0x00, 0x00, 0x00, 0x00, 0x00, 0x00, 0x00, 0x00, 0x00, 0x00, 0x00, 0x00, 0x00, 0x00,
  0x00, 0x00, 0x00, 0x00, 0x00, 0x00, 0x00, 0x00, 0x00, 0x00, 0x00, 0x00, 0xff, 0xaf, 0x03, 0x00, 0x00, 0x00, 0xbb, 0xce, 0x8f, 0x3e, 0xdf, 0xff,
  0xbb, 0xce, 0xfb, 0xbc, 0xce, 0xff, 0xbc, 0xce, 0xff, 0xbc, 0xce, 0xff, 0xbc, 0xce, 0xff, 0xbc, 0xce, 0xff, 0xbc, 0xce, 0xff, 0xbc, 0xce, 0xff,
  0xbc, 0xce, 0xff, 0xbc, 0xce, 0xff, 0xbc, 0xce, 0xff, 0xbc, 0xce, 0xff, 0xbc, 0xce, 0xff, 0xbc, 0xce, 0xff, 0xbc, 0xce, 0xff, 0xbc, 0xce, 0xff,
  0xbc, 0xce, 0xff, 0xbc, 0xce, 0xff, 0xbc, 0xce, 0xff, 0xbc, 0xce, 0xff, 0xbc, 0xce, 0xfc, 0xfd, 0xd6, 0xff, 0xbb, 0xce, 0xcb, 0xff, 0xbd, 0x04,
  0xff, 0x7f, 0x02, 0x00, 0x00, 0x00, 0x00, 0x00, 0x00, 0x00, 0x00, 0x00, 0x00, 0x00, 0x00, 0x00, 0x00, 0x00, 0x00, 0x00, 0x00, 0x00, 0x00, 0x00,
  0x00, 0x00, 0x00, 0x00, 0x00, 0x00, 0x00, 0x00, 0x00, 0x00, 0x00, 0x00, 0x00, 0x00, 0x00, 0x00, 0x00, 0x00, 0x00, 0x00, 0x00, 0x00, 0x00, 0x00,
  0x00, 0x00, 0x00, 0x00, 0x00, 0x00, 0x00, 0x00, 0x00, 0x00, 0x00, 0x00, 0x00, 0x00, 0x00, 0x00, 0x00, 0x00, 0xff, 0x07, 0x01, 0xff, 0xaf, 0x03,
  0xff, 0xff, 0x03, 0x9b, 0xc6, 0x16, 0xbc, 0xce, 0xed, 0xdc, 0xce, 0xfe, 0xbc, 0xce, 0xfe, 0xbc, 0xce, 0xff, 0xbc, 0xce, 0xff, 0xbc, 0xce, 0xff,
  0xbc, 0xce, 0xff, 0xbc, 0xce, 0xff, 0x9c, 0xce, 0xff, 0x9c, 0xce, 0xff, 0xbc, 0xce, 0xff, 0xbc, 0xce, 0xff, 0xbc, 0xce, 0xff, 0xbc, 0xce, 0xff,
  0xbc, 0xce, 0xff, 0xbc, 0xce, 0xff, 0xbc, 0xce, 0xff, 0xbc, 0xce, 0xff, 0xbc, 0xce, 0xff, 0xbc, 0xce, 0xff, 0xbc, 0xce, 0xff, 0xbc, 0xce, 0xff,
  0xbc, 0xce, 0xff, 0xbc, 0xce, 0xfd, 0xfd, 0xd6, 0xff, 0xbc, 0xce, 0x42, 0x00, 0x00, 0x00, 0xff, 0xaf, 0x03, 0x00, 0x00, 0x00, 0x00, 0x00, 0x00,
  0x00, 0x00, 0x00, 0x00, 0x00, 0x00, 0x00, 0x00, 0x00, 0x00, 0x00, 0x00, 0x00, 0x00, 0x00, 0x00, 0x00, 0x00, 0x00, 0x00, 0x00, 0x00, 0x00, 0x00,
  0x00, 0x00, 0x00, 0x00, 0x00, 0x00, 0x00, 0x00, 0x00, 0x00, 0x00, 0x00, 0x00, 0x00, 0x00, 0x00, 0x00, 0x00, 0x00, 0x00, 0x00, 0x00, 0x00, 0x00,
  0xff, 0xff, 0x01, 0xff, 0xff, 0x03, 0x00, 0x00, 0x00, 0x00, 0x00, 0x00, 0x00, 0x00, 0x00, 0xbc, 0xce, 0x5d, 0x3e, 0xdf, 0xff, 0x9b, 0xce, 0xfc,
  0xbc, 0xce, 0xff, 0xbc, 0xce, 0xff, 0x9b, 0xce, 0xff, 0x9c, 0xce, 0xff, 0xbc, 0xce, 0xff, 0xfc, 0xd6, 0xff, 0xfc, 0xd6, 0xff, 0xfd, 0xd6, 0xff,
  0xdc, 0xd6, 0xff, 0xbc, 0xce, 0xff, 0x9b, 0xce, 0xff, 0x9c, 0xce, 0xff, 0xbc, 0xce, 0xff, 0xbc, 0xce, 0xff, 0xbc, 0xce, 0xff, 0xbc, 0xce, 0xff,
  0xbc, 0xce, 0xff, 0xbc, 0xce, 0xff, 0xbc, 0xce, 0xff, 0xbc, 0xce, 0xff, 0xbc, 0xce, 0xff, 0xbc, 0xce, 0xfb, 0x1e, 0xdf, 0xfe, 0xbc, 0xce, 0xa2,
  0x00, 0x00, 0x00, 0xff, 0xff, 0x03, 0x00, 0x00, 0x00, 0x00, 0x00, 0x00, 0x00, 0x00, 0x00, 0x00, 0x00, 0x00, 0x00, 0x00, 0x00, 0x00, 0x00, 0x00,
  0x00, 0x00, 0x00, 0x00, 0x00, 0x00, 0x00, 0x00, 0x00, 0x00, 0x00, 0x00, 0x00, 0x00, 0x00, 0x00, 0x00, 0x00, 0x00, 0x00, 0x00, 0x00, 0x00, 0x00,
  0x00, 0x00, 0x00, 0x00, 0x00, 0x00, 0x00, 0x00, 0x00, 0xff, 0xff, 0x03, 0x00, 0x00, 0x00, 0x00, 0x00, 0x00, 0x55, 0xad, 0x03, 0x3e, 0xdf, 0x1f,
  0xdc, 0xce, 0x41, 0xbc, 0xce, 0xc2, 0xfd, 0xd6, 0xfe, 0xbc, 0xce, 0xfc, 0x9c, 0xce, 0xff, 0xbc, 0xce, 0xff, 0x1d, 0xdf, 0xff, 0x7e, 0xe7, 0xff,
  0x9e, 0xef, 0xff, 0xbf, 0xf7, 0xff, 0xbf, 0xf7, 0xff, 0xbf, 0xf7, 0xff, 0xbf, 0xf7, 0xff, 0x9e, 0xef, 0xff, 0x5e, 0xe7, 0xff, 0xfc, 0xd6, 0xff,
  0xbc, 0xce, 0xff, 0xbc, 0xce, 0xff, 0xbc, 0xce, 0xff, 0xbc, 0xce, 0xff, 0xbc, 0xce, 0xff, 0xbc, 0xce, 0xff, 0xbc, 0xce, 0xff, 0xbc, 0xce, 0xff,
  0xbc, 0xce, 0xff, 0xbc, 0xce, 0xfe, 0xdc, 0xd6, 0xff, 0xbc, 0xce, 0xe4, 0x7c, 0xce, 0x0a, 0x00, 0x00, 0x00, 0xff, 0xff, 0x01, 0x00, 0x00, 0x00,
  0x00, 0x00, 0x00, 0x00, 0x00, 0x00, 0x00, 0x00, 0x00, 0x00, 0x00, 0x00, 0x00, 0x00, 0x00, 0x00, 0x00, 0x00, 0x00, 0x00, 0x00, 0x00, 0x00, 0x00,
  0x00, 0x00, 0x00, 0x00, 0x00, 0x00, 0x00, 0x00, 0x00, 0x00, 0x00, 0x00, 0x00, 0x00, 0x00, 0x00, 0x00, 0x00, 0xff, 0xff, 0x01, 0x00, 0x00, 0x00,
  0x9b, 0xc6, 0x17, 0xdc, 0xd6, 0x80, 0xdd, 0xd6, 0xd5, 0xdc, 0xce, 0xf4, 0xfd, 0xd6, 0xff, 0xdc, 0xce, 0xff, 0xbc, 0xce, 0xff, 0x9c, 0xce, 0xff,
  0xfc, 0xd6, 0xff, 0x9e, 0xef, 0xff, 0xbf, 0xf7, 0xff, 0xbf, 0xf7, 0xff, 0xbf, 0xf7, 0xff, 0xbf, 0xf7, 0xff, 0xbf, 0xf7, 0xff, 0xbf, 0xf7, 0xff,
  0xbf, 0xf7, 0xff, 0xbf, 0xf7, 0xff, 0xbf, 0xf7, 0xff, 0xbf, 0xf7, 0xff, 0x7e, 0xe7, 0xff, 0xdc, 0xce, 0xff, 0x9c, 0xce, 0xff, 0xbc, 0xce, 0xff,
  0xbc, 0xce, 0xff, 0xbc, 0xce, 0xff, 0xbc, 0xce, 0xff, 0xbc, 0xce, 0xff, 0xbc, 0xce, 0xff, 0xbc, 0xce, 0xfe, 0xbc, 0xce, 0xfe, 0xbc, 0xce, 0xf4,
  0xbc, 0xce, 0x1e, 0x00, 0x00, 0x00, 0xff, 0x7f, 0x02, 0x00, 0x00, 0x00, 0x00, 0x00, 0x00, 0x00, 0x00, 0x00, 0x00, 0x00, 0x00, 0x00, 0x00, 0x00,
  0x00, 0x00, 0x00, 0x00, 0x00, 0x00, 0x00, 0x00, 0x00, 0x00, 0x00, 0x00, 0x00, 0x00, 0x00, 0x00, 0x00, 0x00, 0x00, 0x00, 0x00, 0x00, 0x00, 0x00,
  0xff, 0xff, 0x01, 0xff, 0x7f, 0x02, 0x00, 0x00, 0x00, 0xdc, 0xce, 0x6d, 0xdd, 0xd6, 0xe9, 0x3e, 0xdf, 0xff, 0xfd, 0xd6, 0xff, 0xbc, 0xce, 0xff,
  0xbc, 0xce, 0xfd, 0xbc, 0xce, 0xfe, 0x9b, 0xce, 0xff, 0x1d, 0xdf, 0xff, 0xbf, 0xf7, 0xff, 0xbf, 0xf7, 0xff, 0xbf, 0xf7, 0xff, 0xbf, 0xf7, 0xff,
  0xbf, 0xf7, 0xff, 0xbf, 0xf7, 0xff, 0xbf, 0xf7, 0xff, 0xbf, 0xf7, 0xff, 0xbf, 0xf7, 0xff, 0xbf, 0xf7, 0xff, 0xbf, 0xf7, 0xff, 0xbf, 0xf7, 0xff,
  0xbf, 0xf7, 0xff, 0xbf, 0xf7, 0xff, 0xdc, 0xd6, 0xff, 0x9c, 0xce, 0xff, 0xbc, 0xce, 0xff, 0xbc, 0xce, 0xff, 0xbc, 0xce, 0xff, 0xbc, 0xce, 0xff,
  0xbc, 0xce, 0xff, 0xbc, 0xce, 0xff, 0xbc, 0xce, 0xfd, 0x1d, 0xd7, 0xff, 0xdc, 0xce, 0x43, 0x00, 0x00, 0x00, 0xff, 0xaf, 0x03, 0x00, 0x00, 0x00,
  0x00, 0x00, 0x00, 0x00, 0x00, 0x00, 0x00, 0x00, 0x00, 0x00, 0x00, 0x00, 0x00, 0x00, 0x00, 0x00, 0x00, 0x00, 0x00, 0x00, 0x00, 0x00, 0x00, 0x00,
  0x00, 0x00, 0x00, 0x00, 0x00, 0x00, 0x00, 0x00, 0x00, 0xff, 0x07, 0x01, 0xff, 0xff, 0x03, 0x00, 0x00, 0x00, 0xbc, 0xce, 0x9a, 0x5e, 0xdf, 0xff,
  0xdc, 0xce, 0xff, 0xbc, 0xce, 0xfb, 0xbc, 0xce, 0xfd, 0xbc, 0xce, 0xfe, 0xbc, 0xce, 0xff, 0x9c, 0xce, 0xff, 0x1d, 0xdf, 0xff, 0xbf, 0xf7, 0xff,
  0xbf, 0xf7, 0xff, 0xbf, 0xf7, 0xff, 0xbf, 0xf7, 0xff, 0xbf, 0xf7, 0xff, 0xbf, 0xf7, 0xff, 0xbf, 0xf7, 0xff, 0xbf, 0xf7, 0xff, 0xbf, 0xf7, 0xff,
  0xbf, 0xf7, 0xff, 0xbf, 0xf7, 0xff, 0xbf, 0xf7, 0xff, 0xbf, 0xf7, 0xff, 0xbf, 0xf7, 0xff, 0xbf, 0xf7, 0xff, 0xbf, 0xf7, 0xff, 0xdc, 0xd6, 0xff,
  0x9c, 0xce, 0xff, 0xbc, 0xce, 0xff, 0xbc, 0xce, 0xff, 0xbc, 0xce, 0xff, 0xbc, 0xce, 0xff, 0xbc, 0xce, 0xff, 0xbc, 0xce, 0xfd, 0xfd, 0xd6, 0xff,
  0xdc, 0xce, 0x42, 0x00, 0x00, 0x00, 0xff, 0xaf, 0x03, 0x00, 0x00, 0x00, 0x00, 0x00, 0x00, 0x00, 0x00, 0x00, 0x00, 0x00, 0x00, 0x00, 0x00, 0x00,
  0x00, 0x00, 0x00, 0x00, 0x00, 0x00, 0x00, 0x00, 0x00, 0x00, 0x00, 0x00, 0x00, 0x00, 0x00, 0x00, 0x00, 0x00, 0x00, 0x00, 0x00, 0xff, 0xaf, 0x03,
  0x00, 0x00, 0x00, 0x9b, 0xce, 0x8f, 0x5e, 0xdf, 0xff, 0xbc, 0xce, 0xfa, 0xbc, 0xce, 0xfe, 0xbc, 0xce, 0xff, 0xbc, 0xce, 0xff, 0xbc, 0xce, 0xff,
  0x9c, 0xce, 0xff, 0xfc, 0xd6, 0xff, 0xbf, 0xf7, 0xff, 0xbf, 0xf7, 0xff, 0xbf, 0xf7, 0xff, 0xbf, 0xf7, 0xff, 0xbf, 0xf7, 0xff, 0xbf, 0xf7, 0xff,
  0xbf, 0xf7, 0xff, 0xbf, 0xf7, 0xff, 0xbf, 0xf7, 0xff, 0xbf, 0xf7, 0xff, 0xbf, 0xf7, 0xff, 0xbf, 0xf7, 0xff, 0xbf, 0xf7, 0xff, 0xbf, 0xf7, 0xff,
  0xbf, 0xf7, 0xff, 0xbf, 0xf7, 0xff, 0xbf, 0xf7, 0xff, 0x9e, 0xef, 0xff, 0xbc, 0xce, 0xff, 0xbc, 0xce, 0xff, 0xbc, 0xce, 0xff, 0xbc, 0xce, 0xff,
  0xbc, 0xce, 0xff, 0xbc, 0xce, 0xff, 0xbc, 0xce, 0xfd, 0xfd, 0xd6, 0xff, 0xbc, 0xce, 0x3c, 0xff, 0xaf, 0x03, 0xff, 0xaf, 0x03, 0x00, 0x00, 0x00,
  0x00, 0x00, 0x00, 0x00, 0x00, 0x00, 0x00, 0x00, 0x00, 0x00, 0x00, 0x00, 0x00, 0x00, 0x00, 0x00, 0x00, 0x00, 0x00, 0x00, 0x00, 0x00, 0x00, 0x00,
  0x00, 0x00, 0x00, 0x00, 0x00, 0x00, 0xff, 0xaf, 0x03, 0x00, 0x00, 0x00, 0xbc, 0xce, 0x44, 0xfd, 0xd6, 0xff, 0xbc, 0xce, 0xfb, 0xbc, 0xce, 0xfe,
  0xbc, 0xce, 0xff, 0xbc, 0xce, 0xff, 0xbc, 0xce, 0xff, 0xbc, 0xce, 0xff, 0xbc, 0xce, 0xff, 0x9e, 0xef, 0xff, 0xbf, 0xf7, 0xff, 0xbf, 0xf7, 0xff,
  0xbf, 0xf7, 0xff, 0xbf, 0xf7, 0xff, 0xbf, 0xf7, 0xff, 0xbf, 0xf7, 0xff, 0xbf, 0xf7, 0xff, 0xbf, 0xf7, 0xff, 0xbf, 0xf7, 0xff, 0xbf, 0xf7, 0xff,
  0xbf, 0xf7, 0xff, 0xbf, 0xf7, 0xff, 0xbf, 0xf7, 0xff, 0xbf, 0xf7, 0xff, 0xbf, 0xf7, 0xff, 0xbf, 0xf7, 0xff, 0xbf, 0xf7, 0xff, 0xbf, 0xf7, 0xff,
  0x5e, 0xe7, 0xff, 0x9b, 0xce, 0xff, 0xbc, 0xce, 0xff, 0xbc, 0xce, 0xff, 0xbc, 0xce, 0xff, 0xbc, 0xce, 0xff, 0xbc, 0xce, 0xfd, 0xfd, 0xd6, 0xff,
  0x7b, 0xc6, 0x58, 0x00, 0x00, 0x00, 0xf7, 0xbd, 0x04, 0xff, 0x07, 0x01, 0x00, 0x00, 0x00, 0x00, 0x00, 0x00, 0x00, 0x00, 0x00, 0x00, 0x00, 0x00,
  0x00, 0x00, 0x00, 0x00, 0x00, 0x00, 0x00, 0x00, 0x00, 0x00, 0x00, 0x00, 0x00, 0x00, 0x00, 0x00, 0x00, 0x00, 0xff, 0xff, 0x01, 0x5a, 0xad, 0x06,
  0xbc, 0xce, 0xd7, 0xfd, 0xd6, 0xff, 0x9b, 0xce, 0xfd, 0xbc, 0xce, 0xff, 0xbc, 0xce, 0xff, 0xbc, 0xce, 0xff, 0xbc, 0xce, 0xff, 0x9c, 0xce, 0xff,
  0x1d, 0xdf, 0xff, 0xbf, 0xf7, 0xff, 0xbf, 0xf7, 0xff, 0xbf, 0xf7, 0xff, 0xbf, 0xf7, 0xff, 0xbf, 0xf7, 0xff, 0xbf, 0xf7, 0xff, 0xbf, 0xf7, 0xff,
  0xbf, 0xf7, 0xff, 0xbf, 0xf7, 0xff, 0xbf, 0xf7, 0xff, 0xbf, 0xf7, 0xff, 0xbf, 0xf7, 0xff, 0xbf, 0xf7, 0xff, 0xbf, 0xf7, 0xff, 0xbf, 0xf7, 0xff,
  0xbf, 0xf7, 0xff, 0xbf, 0xf7, 0xff, 0xbf, 0xf7, 0xff, 0xbf, 0xf7, 0xff, 0xbf, 0xf7, 0xff, 0xdc, 0xd6, 0xff, 0xbc, 0xce, 0xff, 0xbc, 0xce, 0xff,
  0xbc, 0xce, 0xff, 0xbc, 0xce, 0xff, 0xbc, 0xce, 0xfe, 0xbc, 0xce, 0xfe, 0xdc, 0xd6, 0xf6, 0xbc, 0xce, 0x80, 0x00, 0x00, 0x00, 0xef, 0x7b, 0x02,
  0xff, 0x07, 0x01, 0x00, 0x00, 0x00, 0x00, 0x00, 0x00, 0x00, 0x00, 0x00, 0x00, 0x00, 0x00, 0x00, 0x00, 0x00, 0x00, 0x00, 0x00, 0x00, 0x00, 0x00,
  0x00, 0x00, 0x00, 0xff, 0xaf, 0x03, 0x00, 0x00, 0x00, 0xbc, 0xce, 0x39, 0xfd, 0xd6, 0xfe, 0xbc, 0xce, 0xfd, 0xbc, 0xce, 0xff, 0xbc, 0xce, 0xff,
  0xbc, 0xce, 0xff, 0xbc, 0xce, 0xff, 0x9b, 0xce, 0xff, 0x9b, 0xc6, 0xff, 0x7e, 0xe7, 0xff, 0xbf, 0xf7, 0xff, 0xbf, 0xf7, 0xff, 0xbf, 0xf7, 0xff,
  0xbf, 0xf7, 0xff, 0xbf, 0xf7, 0xff, 0xbf, 0xf7, 0xff, 0xbf, 0xf7, 0xff, 0xbf, 0xf7, 0xff, 0xbf, 0xf7, 0xff, 0xbf, 0xf7, 0xff, 0xbf, 0xf7, 0xff,
  0xbf, 0xf7, 0xff, 0xbf, 0xf7, 0xff, 0xbf, 0xf7, 0xff, 0xbf, 0xf7, 0xff, 0xbf, 0xf7, 0xff, 0xbf, 0xf7, 0xff, 0xbf, 0xf7, 0xff, 0xbf, 0xf7, 0xff,
  0xbf, 0xf7, 0xff, 0x3d, 0xdf, 0xff, 0x9b, 0xce, 0xff, 0xbc, 0xce, 0xff, 0xbc, 0xce, 0xff, 0xbc, 0xce, 0xff, 0xbc, 0xce, 0xff, 0xbc, 0xce, 0xff,
  0xbc, 0xce, 0xff, 0x5e, 0xdf, 0xff, 0xbc, 0xce, 0x9a, 0x00, 0x00, 0x00, 0xff, 0xff, 0x03, 0x00, 0x00, 0x00, 0x00, 0x00, 0x00, 0x00, 0x00, 0x00,
  0x00, 0x00, 0x00, 0x00, 0x00, 0x00, 0x00, 0x00, 0x00, 0x00, 0x00, 0x00, 0x00, 0x00, 0x00, 0xff, 0xbf, 0x04, 0x00, 0x00, 0x00, 0xbc, 0xce, 0x82,
  0x3e, 0xdf, 0xff, 0xbc, 0xce, 0xfb, 0xbc, 0xce, 0xff, 0xbc, 0xce, 0xff, 0xbc, 0xce, 0xff, 0xdc, 0xd6, 0xff, 0x1d, 0xdf, 0xff, 0x3d, 0xdf, 0xff,
  0xbf, 0xf7, 0xff, 0xbf, 0xf7, 0xff, 0xbf, 0xf7, 0xff, 0xbf, 0xf7, 0xff, 0xbf, 0xf7, 0xff, 0xbf, 0xf7, 0xff, 0xbf, 0xf7, 0xff, 0xbf, 0xf7, 0xff,
  0xbf, 0xf7, 0xff, 0xbf, 0xf7, 0xff, 0xbf, 0xf7, 0xff, 0xbf, 0xf7, 0xff, 0xbf, 0xf7, 0xff, 0xbf, 0xf7, 0xff, 0xbf, 0xf7, 0xff, 0xbf, 0xf7, 0xff,
  0xbf, 0xf7, 0xff, 0xbf, 0xf7, 0xff, 0xbf, 0xf7, 0xff, 0xbf, 0xf7, 0xff, 0xbf, 0xf7, 0xff, 0x7e, 0xe7, 0xff, 0xbc, 0xce, 0xff, 0xbc, 0xce, 0xff,
  0xbc, 0xce, 0xff, 0xbc, 0xce, 0xff, 0xbc, 0xce, 0xff, 0xbc, 0xce, 0xff, 0xbc, 0xce, 0xfe, 0xbc, 0xce, 0xf9, 0x5e, 0xdf, 0xff, 0x9b, 0xce, 0x6b,
  0x00, 0x00, 0x00, 0xff, 0xaf, 0x03, 0x00, 0x00, 0x00, 0x00, 0x00, 0x00, 0x00, 0x00, 0x00, 0x00, 0x00, 0x00, 0x00, 0x00, 0x00, 0x00, 0x00, 0x00,
  0x00, 0x00, 0x00, 0xff, 0xff, 0x02, 0x00, 0x00, 0x00, 0xbc, 0xce, 0xba, 0x1d, 0xd7, 0xff, 0xbc, 0xce, 0xfc, 0x9c, 0xce, 0xff, 0xdc, 0xd6, 0xff,
  0x7e, 0xef, 0xff, 0xbf, 0xf7, 0xff, 0xbf, 0xf7, 0xff, 0xbf, 0xf7, 0xff, 0xbf, 0xf7, 0xff, 0xbf, 0xf7, 0xff, 0xbf, 0xf7, 0xff, 0xbf, 0xf7, 0xff,
  0xbf, 0xf7, 0xff, 0xbf, 0xf7, 0xff, 0xbf, 0xf7, 0xff, 0xbf, 0xf7, 0xff, 0xbf, 0xf7, 0xff, 0xbf, 0xf7, 0xff, 0xbf, 0xf7, 0xff, 0xbf, 0xf7, 0xff,
  0xbf, 0xf7, 0xff, 0xbf, 0xf7, 0xff, 0xbf, 0xf7, 0xff, 0xbf, 0xf7, 0xff, 0xbf, 0xf7, 0xff, 0xbf, 0xf7, 0xff, 0xbf, 0xf7, 0xff, 0xbf, 0xf7, 0xff,
  0xbf, 0xf7, 0xff, 0x9e, 0xef, 0xff, 0xbc, 0xce, 0xff, 0xbc, 0xce, 0xff, 0xbc, 0xce, 0xff, 0xbc, 0xce, 0xff, 0xbc, 0xce, 0xff, 0xbc, 0xce, 0xff,
  0xbc, 0xce, 0xff, 0xbc, 0xce, 0xfe, 0xdc, 0xce, 0xfc, 0xdc, 0xce, 0xf2, 0xdc, 0xce, 0x21, 0xff, 0xff, 0x01, 0xff, 0x7f, 0x02, 0x00, 0x00, 0x00,
  0x00, 0x00, 0x00, 0x00, 0x00, 0x00, 0x00, 0x00, 0x00, 0x00, 0x00, 0x00, 0x00, 0x00, 0x00, 0xff, 0xff, 0x02, 0x00, 0x00, 0x00, 0xbc, 0xce, 0xbf,
  0x1d, 0xd7, 0xff, 0x9b, 0xce, 0xfc, 0x1d, 0xdf, 0xff, 0xbf, 0xf7, 0xff, 0xbf, 0xf7, 0xff, 0xbf, 0xf7, 0xff, 0xbf, 0xf7, 0xff, 0xbf, 0xf7, 0xff,
  0xbf, 0xf7, 0xff, 0xbf, 0xf7, 0xff, 0xbf, 0xf7, 0xff, 0xbf, 0xf7, 0xff, 0xbf, 0xf7, 0xff, 0xbf, 0xf7, 0xff, 0xbf, 0xf7, 0xff, 0xbf, 0xf7, 0xff,
  0xbf, 0xf7, 0xff, 0xbf, 0xf7, 0xff, 0xbf, 0xf7, 0xff, 0xbf, 0xf7, 0xff, 0xbf, 0xf7, 0xff, 0xbf, 0xf7, 0xff, 0xbf, 0xf7, 0xff, 0xbf, 0xf7, 0xff,
  0xbf, 0xf7, 0xff, 0xbf, 0xf7, 0xff, 0xbf, 0xf7, 0xff, 0xbf, 0xf7, 0xff, 0xbf, 0xf7, 0xff, 0x9e, 0xef, 0xff, 0xbc, 0xce, 0xff, 0xbc, 0xce, 0xff,
  0xbc, 0xce, 0xff, 0xbc, 0xce, 0xff, 0xbc, 0xce, 0xff, 0xbc, 0xce, 0xff, 0xbc, 0xce, 0xff, 0xbc, 0xce, 0xff, 0xbb, 0xce, 0xfb, 0x3e, 0xdf, 0xff,
  0xbc, 0xce, 0x78, 0x00, 0x00, 0x00, 0xff, 0xbf, 0x04, 0x00, 0x00, 0x00, 0x00, 0x00, 0x00, 0x00, 0x00, 0x00, 0x00, 0x00, 0x00, 0x00, 0x00, 0x00,
  0x00, 0x00, 0x00, 0xff, 0xff, 0x02, 0xff, 0xff, 0x02, 0xbc, 0xce, 0xbe, 0xfd, 0xd6, 0xff, 0x1d, 0xdf, 0xfc, 0xbf, 0xf7, 0xff, 0xbf, 0xf7, 0xff,
  0xbf, 0xf7, 0xff, 0xbf, 0xf7, 0xff, 0xbf, 0xf7, 0xff, 0xbf, 0xf7, 0xff, 0xbf, 0xf7, 0xff, 0xbf, 0xf7, 0xff, 0xbf, 0xf7, 0xff, 0xbf, 0xf7, 0xff,
  0xbf, 0xf7, 0xff, 0xbf, 0xf7, 0xff, 0xbf, 0xf7, 0xff, 0xbf, 0xf7, 0xff, 0xbf, 0xf7, 0xff, 0xbf, 0xf7, 0xff, 0xbf, 0xf7, 0xff, 0xbf, 0xf7, 0xff,
  0xbf, 0xf7, 0xff, 0xbf, 0xf7, 0xff, 0xbf, 0xf7, 0xff, 0xbf, 0xf7, 0xff, 0xbf, 0xf7, 0xff, 0xbf, 0xf7, 0xff, 0xbf, 0xf7, 0xff, 0xbf, 0xf7, 0xff,
  0xbf, 0xf7, 0xff, 0x9e, 0xef, 0xff, 0xbc, 0xce, 0xff, 0xbc, 0xce, 0xff, 0xbc, 0xce, 0xff, 0xbc, 0xce, 0xff, 0xbc, 0xce, 0xff, 0xbc, 0xce, 0xff,
  0xbc, 0xce, 0xff, 0xbc, 0xce, 0xff, 0xbc, 0xce, 0xfc, 0xfd, 0xd6, 0xfe, 0xbc, 0xce, 0xbf, 0xff, 0xff, 0x01, 0xff, 0xff, 0x02, 0x00, 0x00, 0x00,
  0x00, 0x00, 0x00, 0x00, 0x00, 0x00, 0x00, 0x00, 0x00, 0x00, 0x00, 0x00, 0x00, 0x00, 0x00, 0xff, 0xff, 0x03, 0x00, 0x00, 0x00, 0x3a, 0xbe, 0xbb,
  0x3e, 0xdf, 0xff, 0xbf, 0xf7, 0xfc, 0xbf, 0xf7, 0xff, 0xbf, 0xf7, 0xff, 0xbf, 0xf7, 0xff, 0xbf, 0xf7, 0xff, 0xbf, 0xf7, 0xff, 0xbf, 0xf7, 0xff,
  0xbf, 0xf7, 0xff, 0xbf, 0xf7, 0xff, 0xbf, 0xf7, 0xff, 0xbf, 0xf7, 0xff, 0xbf, 0xf7, 0xff, 0xbf, 0xf7, 0xff, 0xbf, 0xf7, 0xff, 0xbf, 0xf7, 0xff,
  0xbf, 0xf7, 0xff, 0xbf, 0xf7, 0xff, 0xbf, 0xf7, 0xff, 0xbf, 0xf7, 0xff, 0xbf, 0xf7, 0xff, 0xbf, 0xf7, 0xff, 0xbf, 0xf7, 0xff, 0xbf, 0xf7, 0xff,
  0xbf, 0xf7, 0xff, 0xbf, 0xf7, 0xff, 0xbf, 0xf7, 0xff, 0xbf, 0xf7, 0xff, 0xbf, 0xf7, 0xff, 0xbf, 0xf7, 0xff, 0xfd, 0xd6, 0xff, 0x9c, 0xce, 0xff,
  0xbc, 0xce, 0xff, 0xbc, 0xce, 0xff, 0xbc, 0xce, 0xff, 0xbc, 0xce, 0xff, 0xbc, 0xce, 0xff, 0xbc, 0xce, 0xff, 0xbc, 0xce, 0xfe, 0xdc, 0xce, 0xff,
  0xbc, 0xce, 0xeb, 0x7b, 0xbe, 0x10, 0x00, 0x00, 0x00, 0xff, 0xff, 0x01, 0x00, 0x00, 0x00, 0x00, 0x00, 0x00, 0x00, 0x00, 0x00, 0x00, 0x00, 0x00,
  0xff, 0xff, 0x02, 0x00, 0x00, 0x00, 0x9c, 0xce, 0x34, 0xdc, 0xce, 0xea, 0x7e, 0xe7, 0xfd, 0xbf, 0xf7, 0xfe, 0xbf, 0xf7, 0xff, 0xbf, 0xf7, 0xff,
  0xbf, 0xf7, 0xff, 0xbf, 0xf7, 0xff, 0xbf, 0xf7, 0xff, 0xbf, 0xf7, 0xff, 0xbf, 0xf7, 0xff, 0xbf, 0xf7, 0xff, 0xbf, 0xf7, 0xff, 0xbf, 0xf7, 0xff,
  0xbf, 0xf7, 0xff, 0xbf, 0xf7, 0xff, 0xbf, 0xf7, 0xff, 0xbf, 0xf7, 0xff, 0xbf, 0xf7, 0xff, 0xbf, 0xf7, 0xff, 0xbf, 0xf7, 0xff, 0xbf, 0xf7, 0xff,
  0xbf, 0xf7, 0xff, 0xbf, 0xf7, 0xff, 0xbf, 0xf7, 0xff, 0xbf, 0xf7, 0xff, 0xbf, 0xf7, 0xff, 0xbf, 0xf7, 0xff, 0xbf, 0xf7, 0xff, 0xbf, 0xf7, 0xff,
  0xbf, 0xf7, 0xff, 0xbf, 0xf7, 0xff, 0xbf, 0xf7, 0xff, 0x3d, 0xe7, 0xff, 0xbc, 0xce, 0xff, 0xbc, 0xce, 0xff, 0xbc, 0xce, 0xff, 0xbc, 0xce, 0xff,
  0xbc, 0xce, 0xff, 0xbc, 0xce, 0xff, 0xbc, 0xce, 0xfe, 0xdc, 0xce, 0xff, 0xbc, 0xce, 0xef, 0xbc, 0xc6, 0x12, 0x00, 0x00, 0x00, 0xff, 0xff, 0x01,
  0x00, 0x00, 0x00, 0x00, 0x00, 0x00, 0x00, 0x00, 0x00, 0xff, 0xff, 0x01, 0xff, 0x7f, 0x02, 0xfd, 0xce, 0x0f, 0xbc, 0xce, 0xde, 0x1d, 0xd7, 0xff,
  0x9e, 0xef, 0xfd, 0xbf, 0xf7, 0xff, 0xbf, 0xf7, 0xff, 0xbf, 0xf7, 0xff, 0xbf, 0xf7, 0xff, 0xbf, 0xf7, 0xff, 0xbf, 0xf7, 0xff, 0xbf, 0xf7, 0xff,
  0xbf, 0xf7, 0xff, 0xbf, 0xf7, 0xff, 0xbf, 0xf7, 0xff, 0xbf, 0xf7, 0xff, 0xbf, 0xf7, 0xff, 0xbf, 0xf7, 0xff, 0xbf, 0xf7, 0xff, 0xbf, 0xf7, 0xff,
  0xbf, 0xf7, 0xff, 0xbf, 0xf7, 0xff, 0xbf, 0xf7, 0xff, 0xbf, 0xf7, 0xff, 0xbf, 0xf7, 0xff, 0xbf, 0xf7, 0xff, 0xbf, 0xf7, 0xff, 0xbf, 0xf7, 0xff,
  0xbf, 0xf7, 0xff, 0xbf, 0xf7, 0xff, 0xbf, 0xf7, 0xff, 0xbf, 0xf7, 0xff, 0xbf, 0xf7, 0xff, 0xbf, 0xf7, 0xff, 0xbf, 0xf7, 0xff, 0xdf, 0xf7, 0xff,
  0x3d, 0xdf, 0xff, 0x9b, 0xce, 0xff, 0xbc, 0xce, 0xff, 0xbc, 0xce, 0xff, 0xbc, 0xce, 0xff, 0xbc, 0xce, 0xff, 0xbc, 0xce, 0xfe, 0xdc, 0xce, 0xff,
  0x9b, 0xc6, 0xed, 0xd9, 0xad, 0x0f, 0x00, 0x00, 0x00, 0xff, 0xff, 0x01, 0x00, 0x00, 0x00, 0x00, 0x00, 0x00, 0x00, 0x00, 0x00, 0xff, 0xbf, 0x04,
  0x00, 0x00, 0x00, 0xbc, 0xce, 0x80, 0x3e, 0xdf, 0xff, 0xdc, 0xd6, 0xfb, 0xbf, 0xf7, 0xff, 0xbf, 0xf7, 0xff, 0xbf, 0xf7, 0xff, 0xbf, 0xf7, 0xff,
  0xbf, 0xf7, 0xff, 0xbf, 0xf7, 0xff, 0xbf, 0xf7, 0xff, 0xbf, 0xf7, 0xff, 0xbf, 0xf7, 0xff, 0xbf, 0xf7, 0xff, 0xbf, 0xf7, 0xff, 0xbf, 0xf7, 0xff,
  0xbf, 0xf7, 0xff, 0xbf, 0xf7, 0xff, 0xbf, 0xf7, 0xff, 0xbf, 0xf7, 0xff, 0xbf, 0xf7, 0xff, 0xbf, 0xf7, 0xff, 0xbf, 0xf7, 0xff, 0xbf, 0xf7, 0xff,
  0xbf, 0xf7, 0xff, 0xbf, 0xf7, 0xff, 0xbf, 0xf7, 0xff, 0xbf, 0xf7, 0xff, 0xbf, 0xf7, 0xff, 0xbf, 0xf7, 0xff, 0xbf, 0xf7, 0xff, 0xbf, 0xf7, 0xff,
  0xbf, 0xf7, 0xff, 0xbf, 0xf7, 0xff, 0xbf, 0xf7, 0xff, 0xbf, 0xf7, 0xff, 0xbf, 0xf7, 0xff, 0xdc, 0xd6, 0xff, 0xbc, 0xce, 0xff, 0xbc, 0xce, 0xff,
  0xbc, 0xce, 0xff, 0xbc, 0xce, 0xff, 0xbc, 0xce, 0xfe, 0xdc, 0xce, 0xff, 0xbc, 0xce, 0xf2, 0x39, 0xb6, 0x1a, 0x00, 0x00, 0x00, 0xff, 0xff, 0x01,
  0x00, 0x00, 0x00, 0x00, 0x00, 0x00, 0x00, 0x00, 0x00, 0xff, 0xff, 0x01, 0x79, 0xce, 0x05, 0xbc, 0xce, 0xda, 0xdc, 0xce, 0xfe, 0xfc, 0xd6, 0xfd,
  0xbf, 0xf7, 0xff, 0xbf, 0xf7, 0xff, 0xbf, 0xf7, 0xff, 0xbf, 0xf7, 0xff, 0xbf, 0xf7, 0xff, 0xbf, 0xf7, 0xff, 0xbf, 0xf7, 0xff, 0xbf, 0xf7, 0xff,
  0xbf, 0xf7, 0xff, 0xbf, 0xf7, 0xff, 0xbf, 0xf7, 0xff, 0xbf, 0xf7, 0xff, 0xbf, 0xf7, 0xff, 0xbf, 0xf7, 0xff, 0xbf, 0xf7, 0xff, 0xbf, 0xf7, 0xff,
  0xbf, 0xf7, 0xff, 0xbf, 0xf7, 0xff, 0xbf, 0xf7, 0xff, 0xbf, 0xf7, 0xff, 0xbf, 0xf7, 0xff, 0xbf, 0xf7, 0xff, 0xbf, 0xf7, 0xff, 0xbf, 0xf7, 0xff,
  0xbf, 0xf7, 0xff, 0xbf, 0xf7, 0xff, 0xbf, 0xf7, 0xff, 0xbf, 0xf7, 0xff, 0xbf, 0xf7, 0xff, 0xbf, 0xf7, 0xff, 0xbf, 0xf7, 0xff, 0xbf, 0xf7, 0xff,
  0xbf, 0xf7, 0xff, 0x5e, 0xe7, 0xff, 0x9b, 0xce, 0xff, 0xbc, 0xce, 0xff, 0xbc, 0xce, 0xff, 0xbc, 0xce, 0xff, 0xbc, 0xce, 0xff, 0xbc, 0xce, 0xfc,
  0x3e, 0xdf, 0xff, 0xbc, 0xce, 0x5f, 0x00, 0x00, 0x00, 0xff, 0xff, 0x04, 0x00, 0x00, 0x00, 0x00, 0x00, 0x00, 0xff, 0xff, 0x02, 0x00, 0x00, 0x00,
  0xdc, 0xce, 0x2a, 0xdc, 0xce, 0xf9, 0xbc, 0xce, 0xfe, 0xdc, 0xd6, 0xff, 0xbf, 0xf7, 0xff, 0xbf, 0xf7, 0xff, 0xbf, 0xf7, 0xff, 0xbf, 0xf7, 0xff,
  0xbf, 0xf7, 0xff, 0xbf, 0xf7, 0xff, 0xbf, 0xf7, 0xff, 0xbf, 0xf7, 0xff, 0xbf, 0xf7, 0xff, 0xbf, 0xf7, 0xff, 0xbf, 0xf7, 0xff, 0xbf, 0xf7, 0xff,
  0xbf, 0xf7, 0xff, 0xbf, 0xf7, 0xff, 0xbf, 0xf7, 0xff, 0xbf, 0xf7, 0xff, 0xbf, 0xf7, 0xff, 0xbf, 0xf7, 0xff, 0xbf, 0xf7, 0xff, 0xbf, 0xf7, 0xff,
  0xbf, 0xf7, 0xff, 0xbf, 0xf7, 0xff, 0xbf, 0xf7, 0xff, 0xbf, 0xf7, 0xff, 0xbf, 0xf7, 0xff, 0xbf, 0xf7, 0xff, 0xbf, 0xf7, 0xff, 0xbf, 0xf7, 0xff,
  0xbf, 0xf7, 0xff, 0xbf, 0xf7, 0xff, 0xbf, 0xf7, 0xff, 0xbf, 0xf7, 0xff, 0xbf, 0xf7, 0xff, 0x9e, 0xef, 0xff, 0xbc, 0xce, 0xff, 0xbc, 0xce, 0xff,
  0xbc, 0xce, 0xff, 0xbc, 0xce, 0xff, 0xbc, 0xce, 0xff, 0xbc, 0xce, 0xfb, 0x1e, 0xdf, 0xff, 0xbc, 0xce, 0xa3, 0x00, 0x00, 0x00, 0xf7, 0xbd, 0x04,
  0x00, 0x00, 0x00, 0x00, 0x00, 0x00, 0xff, 0xaf, 0x03, 0x00, 0x00, 0x00, 0xdc, 0xce, 0x44, 0x1d, 0xd7, 0xff, 0x9b, 0xc6, 0xfd, 0xfc, 0xd6, 0xff,
  0xbf, 0xf7, 0xff, 0xbf, 0xf7, 0xff, 0xbf, 0xf7, 0xff, 0xbf, 0xf7, 0xff, 0xbf, 0xf7, 0xff, 0xbf, 0xf7, 0xff, 0xbf, 0xf7, 0xff, 0xbf, 0xf7, 0xff,
  0xbf, 0xf7, 0xff, 0xbf, 0xf7, 0xff, 0xbf, 0xf7, 0xff, 0xbf, 0xf7, 0xff, 0xbf, 0xf7, 0xff, 0xbf, 0xf7, 0xff, 0xbf, 0xf7, 0xff, 0xbf, 0xf7, 0xff,
  0xbf, 0xf7, 0xff, 0xbf, 0xf7, 0xff, 0xbf, 0xf7, 0xff, 0xbf, 0xf7, 0xff, 0xbf, 0xf7, 0xff, 0xbf, 0xf7, 0xff, 0xbf, 0xf7, 0xff, 0xbf, 0xf7, 0xff,
  0xbf, 0xf7, 0xff, 0xbf, 0xf7, 0xff, 0xbf, 0xf7, 0xff, 0xbf, 0xf7, 0xff, 0xbf, 0xf7, 0xff, 0xbf, 0xf7, 0xff, 0xbf, 0xf7, 0xff, 0xbf, 0xf7, 0xff,
  0xbf, 0xf7, 0xff, 0x9e, 0xf7, 0xff, 0xbc, 0xce, 0xff, 0xbc, 0xce, 0xff, 0xbc, 0xce, 0xff, 0xbc, 0xce, 0xff, 0xbc, 0xce, 0xff, 0xbc, 0xce, 0xfc,
  0xfd, 0xd6, 0xff, 0xbc, 0xce, 0xc2, 0x00, 0x00, 0x00, 0x55, 0xad, 0x03, 0x00, 0x00, 0x00, 0x00, 0x00, 0x00, 0xff, 0xaf, 0x03, 0x00, 0x00, 0x00,
  0x9b, 0xc6, 0x40, 0xfd, 0xd6, 0xff, 0xbc, 0xce, 0xfd, 0x9e, 0xef, 0xff, 0xbf, 0xf7, 0xff, 0xbf, 0xf7, 0xff, 0xbf, 0xf7, 0xff, 0xbf, 0xf7, 0xff,
  0xbf, 0xf7, 0xff, 0xbf, 0xf7, 0xff, 0xbf, 0xf7, 0xff, 0xbf, 0xf7, 0xff, 0xbf, 0xf7, 0xff, 0xbf, 0xf7, 0xff, 0xbf, 0xf7, 0xff, 0xbf, 0xf7, 0xff,
  0xbf, 0xf7, 0xff, 0xbf, 0xf7, 0xff, 0xbf, 0xf7, 0xff, 0xbf, 0xf7, 0xff, 0xbf, 0xf7, 0xff, 0xbf, 0xf7, 0xff, 0xbf, 0xf7, 0xff, 0xbf, 0xf7, 0xff,
  0xbf, 0xf7, 0xff, 0xbf, 0xf7, 0xff, 0xbf, 0xf7, 0xff, 0xbf, 0xf7, 0xff, 0xbf, 0xf7, 0xff, 0xbf, 0xf7, 0xff, 0xbf, 0xf7, 0xff, 0xbf, 0xf7, 0xff,
  0xbf, 0xf7, 0xff, 0xbf, 0xf7, 0xff, 0xbf, 0xf7, 0xff, 0xbf, 0xf7, 0xff, 0xbf, 0xf7, 0xff, 0x9e, 0xef, 0xff, 0xbc, 0xce, 0xff, 0xbc, 0xce, 0xff,
  0xbc, 0xce, 0xff, 0xbc, 0xce, 0xff, 0xbc, 0xce, 0xff, 0xbc, 0xce, 0xfc, 0x1d, 0xd7, 0xff, 0xbc, 0xce, 0xbc, 0x00, 0x00, 0x00, 0x55, 0xad, 0x03,
  0x00, 0x00, 0x00, 0x00, 0x00, 0x00, 0x55, 0xad, 0x03, 0x00, 0x00, 0x00, 0xb8, 0xa5, 0x43, 0xdc, 0xce, 0xff, 0x5d, 0xe7, 0xfd, 0xbf, 0xf7, 0xff,
  0xbf, 0xf7, 0xff, 0xbf, 0xf7, 0xff, 0xbf, 0xf7, 0xff, 0xbf, 0xf7, 0xff, 0xbf, 0xf7, 0xff, 0xbf, 0xf7, 0xff, 0xbf, 0xf7, 0xff, 0xbf, 0xf7, 0xff,
  0xbf, 0xf7, 0xff, 0xbf, 0xf7, 0xff, 0xbf, 0xf7, 0xff, 0xbf, 0xf7, 0xff, 0xbf, 0xf7, 0xff, 0xbf, 0xf7, 0xff, 0xbf, 0xf7, 0xff, 0xbf, 0xf7, 0xff,
  0xbf, 0xf7, 0xff, 0xbf, 0xf7, 0xff, 0xbf, 0xf7, 0xff, 0xbf, 0xf7, 0xff, 0xbf, 0xf7, 0xff, 0xbf, 0xf7, 0xff, 0xbf, 0xf7, 0xff, 0xbf, 0xf7, 0xff,
  0xbf, 0xf7, 0xff, 0xbf, 0xf7, 0xff, 0xbf, 0xf7, 0xff, 0xbf, 0xf7, 0xff, 0xbf, 0xf7, 0xff, 0xbf, 0xf7, 0xff, 0xbf, 0xf7, 0xff, 0xbf, 0xf7, 0xff,
  0xbf, 0xf7, 0xff, 0x7e, 0xe7, 0xff, 0xbc, 0xce, 0xff, 0xbc, 0xce, 0xff, 0xbc, 0xce, 0xff, 0xbc, 0xce, 0xff, 0xbc, 0xce, 0xff, 0xbc, 0xce, 0xfc,
  0x1d, 0xd7, 0xff, 0x3a, 0xbe, 0xc1, 0x00, 0x00, 0x00, 0xff, 0xaf, 0x03, 0x00, 0x00, 0x00, 0x00, 0x00, 0x00, 0x55, 0xad, 0x03, 0x00, 0x00, 0x00,
  0x95, 0x84, 0x36, 0x7b, 0xc6, 0xfc, 0xbf, 0xf7, 0xfe, 0xbf, 0xf7, 0xff, 0xbf, 0xf7, 0xff, 0xbf, 0xf7, 0xff, 0xbf, 0xf7, 0xff, 0xbf, 0xf7, 0xff,
  0xbf, 0xf7, 0xff, 0xbf, 0xf7, 0xff, 0xbf, 0xf7, 0xff, 0xbf, 0xf7, 0xff, 0xbf, 0xf7, 0xff, 0xbf, 0xf7, 0xff, 0xbf, 0xf7, 0xff, 0xbf, 0xf7, 0xff,
  0xbf, 0xf7, 0xff, 0xbf, 0xf7, 0xff, 0xbf, 0xf7, 0xff, 0xbf, 0xf7, 0xff, 0xbf, 0xf7, 0xff, 0xbf, 0xf7, 0xff, 0xbf, 0xf7, 0xff, 0xbf, 0xf7, 0xff,
  0xbf, 0xf7, 0xff, 0xbf, 0xf7, 0xff, 0xbf, 0xf7, 0xff, 0xbf, 0xf7, 0xff, 0xbf, 0xf7, 0xff, 0xbf, 0xf7, 0xff, 0xbf, 0xf7, 0xff, 0xbf, 0xf7, 0xff,
  0xbf, 0xf7, 0xff, 0xbf, 0xf7, 0xff, 0xbf, 0xf7, 0xff, 0xbf, 0xf7, 0xff, 0xbf, 0xf7, 0xff, 0x9e, 0xef, 0xff, 0xbc, 0xce, 0xff, 0xbc, 0xce, 0xff,
  0xbc, 0xce, 0xff, 0xbc, 0xce, 0xff, 0xbc, 0xce, 0xff, 0xbc, 0xce, 0xfc, 0x1d, 0xd7, 0xff, 0xb8, 0xa5, 0xb1, 0x00, 0x00, 0x00, 0xf7, 0x7b, 0x04,
  0x00, 0x00, 0x00, 0x00, 0x00, 0x00, 0xff, 0xff, 0x01, 0x00, 0x00, 0x00, 0x6c, 0x32, 0x0a, 0xf9, 0xb5, 0xe5, 0xff, 0xff, 0xff, 0xbf, 0xf7, 0xfd,
  0xbf, 0xf7, 0xff, 0xbf, 0xf7, 0xff, 0xbf, 0xf7, 0xff, 0xbf, 0xf7, 0xff, 0xbf, 0xf7, 0xff, 0xbf, 0xf7, 0xff, 0xbf, 0xf7, 0xff, 0xbf, 0xf7, 0xff,
  0xbf, 0xf7, 0xff, 0xbf, 0xf7, 0xff, 0xbf, 0xf7, 0xff, 0xbf, 0xf7, 0xff, 0xbf, 0xf7, 0xff, 0xbf, 0xf7, 0xff, 0xbf, 0xf7, 0xff, 0xbf, 0xf7, 0xff,
  0xbf, 0xf7, 0xff, 0xbf, 0xf7, 0xff, 0xbf, 0xf7, 0xff, 0xbf, 0xf7, 0xff, 0xbf, 0xf7, 0xff, 0xbf, 0xf7, 0xff, 0xbf, 0xf7, 0xff, 0xbf, 0xf7, 0xff,
  0xbf, 0xf7, 0xff, 0xbf, 0xf7, 0xff, 0xbf, 0xf7, 0xff, 0xbf, 0xf7, 0xff, 0xbf, 0xf7, 0xff, 0xbf, 0xf7, 0xff, 0xbf, 0xf7, 0xff, 0xbf, 0xf7, 0xff,
  0xbf, 0xf7, 0xff, 0xbf, 0xf7, 0xff, 0xfc, 0xd6, 0xff, 0x9c, 0xce, 0xff, 0xbc, 0xce, 0xff, 0xbc, 0xce, 0xff, 0xbc, 0xce, 0xff, 0xdc, 0xce, 0xfb,
  0x9c, 0xc6, 0xff, 0xf6, 0x8c, 0x70, 0x00, 0x00, 0x00, 0xd3, 0x9c, 0x05, 0x00, 0x00, 0x00, 0x00, 0x00, 0x00, 0x00, 0x00, 0x00, 0xff, 0xff, 0x03,
  0x00, 0x00, 0x00, 0x5a, 0xbe, 0x89, 0xff, 0xff, 0xff, 0xbf, 0xf7, 0xfb, 0xbf, 0xf7, 0xff, 0xbf, 0xf7, 0xff, 0xbf, 0xf7, 0xff, 0xbf, 0xf7, 0xff,
  0xbf, 0xf7, 0xff, 0xbf, 0xf7, 0xff, 0xbf, 0xf7, 0xff, 0xbf, 0xf7, 0xff, 0xbf, 0xf7, 0xff, 0xbf, 0xf7, 0xff, 0xbf, 0xf7, 0xff, 0xbf, 0xf7, 0xff,
  0xbf, 0xf7, 0xff, 0xbf, 0xf7, 0xff, 0xbf, 0xf7, 0xff, 0xbf, 0xf7, 0xff, 0xbf, 0xf7, 0xff, 0xbf, 0xf7, 0xff, 0xbf, 0xf7, 0xff, 0xbf, 0xf7, 0xff,
  0xbf, 0xf7, 0xff, 0xbf, 0xf7, 0xff, 0xbf, 0xf7, 0xff, 0xbf, 0xf7, 0xff, 0xbf, 0xf7, 0xff, 0xbf, 0xf7, 0xff, 0xbf, 0xf7, 0xff, 0xbf, 0xf7, 0xff,
  0xbf, 0xf7, 0xff, 0xbf, 0xf7, 0xff, 0xbf, 0xf7, 0xff, 0xbf, 0xf7, 0xff, 0xbf, 0xf7, 0xff, 0xbf, 0xf7, 0xff, 0xfc, 0xd6, 0xff, 0x9c, 0xce, 0xff,
  0xbc, 0xce, 0xff, 0xbc, 0xce, 0xff, 0xbc, 0xce, 0xfe, 0xbc, 0xce, 0xfc, 0x57, 0x9d, 0xf6, 0x94, 0x7c, 0x1a, 0x00, 0x00, 0x00, 0xff, 0xff, 0x01,
  0x00, 0x00, 0x00, 0x00, 0x00, 0x00, 0x00, 0x00, 0x00, 0xff, 0xff, 0x03, 0x00, 0x00, 0x00, 0x7e, 0xe7, 0x44, 0xff, 0xff, 0xff, 0xbe, 0xf7, 0xfd,
  0xbf, 0xf7, 0xff, 0xbf, 0xf7, 0xff, 0xbf, 0xf7, 0xff, 0xbf, 0xf7, 0xff, 0xbf, 0xf7, 0xff, 0xbf, 0xf7, 0xff, 0xbf, 0xf7, 0xff, 0xbf, 0xf7, 0xff,
  0xbf, 0xf7, 0xff, 0xbf, 0xf7, 0xff, 0xbf, 0xf7, 0xff, 0xbf, 0xf7, 0xff, 0xbf, 0xf7, 0xff, 0xbf, 0xf7, 0xff, 0xbf, 0xf7, 0xff, 0xbf, 0xf7, 0xff,
  0xbf, 0xf7, 0xff, 0xbf, 0xf7, 0xff, 0xbf, 0xf7, 0xff, 0xbf, 0xf7, 0xff, 0xbf, 0xf7, 0xff, 0xbf, 0xf7, 0xff, 0xbf, 0xf7, 0xff, 0xbf, 0xf7, 0xff,
  0xbf, 0xf7, 0xff, 0xbf, 0xf7, 0xff, 0xbf, 0xf7, 0xff, 0xbf, 0xf7, 0xff, 0xbf, 0xf7, 0xff, 0xbf, 0xf7, 0xff, 0xbf, 0xf7, 0xff, 0xbf, 0xf7, 0xff,
  0xbf, 0xf7, 0xff, 0xbf, 0xf7, 0xff, 0xdc, 0xd6, 0xff, 0x9c, 0xce, 0xff, 0xbc, 0xce, 0xff, 0xdc, 0xce, 0xfe, 0x9b, 0xce, 0xf9, 0xfa, 0xad, 0xff,
  0xf6, 0x8c, 0x80, 0x00, 0x00, 0x00, 0x55, 0xad, 0x03, 0x00, 0x00, 0x00, 0x00, 0x00, 0x00, 0x00, 0x00, 0x00, 0x00, 0x00, 0x00, 0xff, 0xaf, 0x03,
  0x00, 0x00, 0x00, 0x7b, 0xc6, 0x36, 0xbf, 0xef, 0xfd, 0xbf, 0xf7, 0xfd, 0xbf, 0xf7, 0xff, 0xbf, 0xf7, 0xff, 0xbf, 0xf7, 0xff, 0xbf, 0xf7, 0xff,
  0xbf, 0xf7, 0xff, 0xbf, 0xf7, 0xff, 0xbf, 0xf7, 0xff, 0xbf, 0xf7, 0xff, 0xbf, 0xf7, 0xff, 0xbf, 0xf7, 0xff, 0xbf, 0xf7, 0xff, 0xbf, 0xf7, 0xff,
  0xbf, 0xf7, 0xff, 0xbf, 0xf7, 0xff, 0xbf, 0xf7, 0xff, 0xbf, 0xf7, 0xff, 0xbf, 0xf7, 0xff, 0xbf, 0xf7, 0xff, 0xbf, 0xf7, 0xff, 0xbf, 0xf7, 0xff,
  0xbf, 0xf7, 0xff, 0xbf, 0xf7, 0xff, 0xbf, 0xf7, 0xff, 0xbf, 0xf7, 0xff, 0xbf, 0xf7, 0xff, 0xbf, 0xf7, 0xff, 0xbf, 0xf7, 0xff, 0xbf, 0xf7, 0xff,
  0xbf, 0xf7, 0xff, 0xbf, 0xf7, 0xff, 0xbf, 0xf7, 0xff, 0xbf, 0xf7, 0xff, 0xbf, 0xf7, 0xff, 0x7e, 0xef, 0xfe, 0xbc, 0xce, 0xfe, 0xbc, 0xce, 0xfd,
  0xbc, 0xce, 0xfb, 0x1a, 0xb6, 0xfd, 0xb9, 0xa5, 0xff, 0xf6, 0x94, 0x9a, 0xff, 0xff, 0x01, 0xff, 0xff, 0x02, 0x00, 0x00, 0x00, 0x00, 0x00, 0x00,
  0x00, 0x00, 0x00, 0x00, 0x00, 0x00, 0x00, 0x00, 0x00, 0x00, 0x00, 0x00, 0xff, 0xff, 0x01, 0x96, 0x6c, 0x07, 0x1d, 0xdf, 0xdc, 0xff, 0xff, 0xfe,
  0xbf, 0xf7, 0xfd, 0xbf, 0xf7, 0xff, 0xbf, 0xf7, 0xff, 0xbf, 0xf7, 0xff, 0xbf, 0xf7, 0xff, 0xbf, 0xf7, 0xff, 0xbf, 0xf7, 0xff, 0xbf, 0xf7, 0xff,
  0xbf, 0xf7, 0xff, 0xbf, 0xf7, 0xff, 0xbf, 0xf7, 0xff, 0xbf, 0xf7, 0xff, 0xbf, 0xf7, 0xff, 0xbf, 0xf7, 0xff, 0xbf, 0xf7, 0xff, 0xbf, 0xf7, 0xff,
  0xbf, 0xf7, 0xff, 0xbf, 0xf7, 0xff, 0xbf, 0xf7, 0xff, 0xbf, 0xf7, 0xff, 0xbf, 0xf7, 0xff, 0xbf, 0xf7, 0xff, 0xbf, 0xf7, 0xff, 0xbf, 0xf7, 0xff,
  0xbf, 0xf7, 0xff, 0xbf, 0xf7, 0xff, 0xbf, 0xf7, 0xff, 0xbf, 0xf7, 0xff, 0xbf, 0xf7, 0xff, 0xbf, 0xf7, 0xff, 0xbf, 0xf7, 0xff, 0xbf, 0xf7, 0xff,
  0xbf, 0xf7, 0xfe, 0xfd, 0xd6, 0xff, 0xf9, 0xad, 0xff, 0xd9, 0xad, 0xff, 0x99, 0xa5, 0xff, 0x37, 0x95, 0xff, 0x16, 0x95, 0x8f, 0x00, 0x00, 0x00,
  0xff, 0xff, 0x01, 0xff, 0xff, 0x01, 0x00, 0x00, 0x00, 0x00, 0x00, 0x00, 0x00, 0x00, 0x00, 0x00, 0x00, 0x00, 0x00, 0x00, 0x00, 0x00, 0x00, 0x00,
  0xff, 0xff, 0x03, 0x00, 0x00, 0x00, 0x7b, 0xc6, 0x7a, 0xbf, 0xf7, 0xff, 0xbf, 0xf7, 0xf9, 0xbf, 0xf7, 0xff, 0xbf, 0xf7, 0xff, 0xbf, 0xf7, 0xff,
  0xbf, 0xf7, 0xff, 0xbf, 0xf7, 0xff, 0xbf, 0xf7, 0xff, 0xbf, 0xf7, 0xff, 0xbf, 0xf7, 0xff, 0xbf, 0xf7, 0xff, 0xbf, 0xf7, 0xff, 0xbf, 0xf7, 0xff,
  0xbf, 0xf7, 0xff, 0xbf, 0xf7, 0xff, 0xbf, 0xf7, 0xff, 0xbf, 0xf7, 0xff, 0xbf, 0xf7, 0xff, 0xbf, 0xf7, 0xff, 0xbf, 0xf7, 0xff, 0xbf, 0xf7, 0xff,
  0xbf, 0xf7, 0xff, 0xbf, 0xf7, 0xff, 0xbf, 0xf7, 0xff, 0xbf, 0xf7, 0xff, 0xbf, 0xf7, 0xff, 0xbf, 0xf7, 0xff, 0xbf, 0xf7, 0xff, 0xbf, 0xf7, 0xff,
  0xbf, 0xf7, 0xff, 0xbf, 0xf7, 0xff, 0xbf, 0xf7, 0xff, 0xbf, 0xf7, 0xfc, 0x7e, 0xe7, 0xff, 0xd9, 0xad, 0xf0, 0xf6, 0x8c, 0xed, 0x37, 0x95, 0xd6,
  0x37, 0x95, 0x9b, 0x57, 0x95, 0x38, 0x00, 0x00, 0x00, 0xff, 0xff, 0x01, 0x00, 0x00, 0x01, 0x00, 0x00, 0x00, 0x00, 0x00, 0x00, 0x00, 0x00, 0x00,
  0x00, 0x00, 0x00, 0x00, 0x00, 0x00, 0x00, 0x00, 0x00, 0x00, 0x00, 0x00, 0x00, 0x00, 0x00, 0xff, 0xff, 0x02, 0xff, 0xff, 0x02, 0xbc, 0xce, 0xba,
  0xbf, 0xef, 0xff, 0x9e, 0xef, 0xfc, 0xbf, 0xf7, 0xfb, 0xbf, 0xf7, 0xfc, 0xbf, 0xf7, 0xfc, 0xbf, 0xf7, 0xfc, 0xbf, 0xf7, 0xfc, 0xbf, 0xf7, 0xfc,
  0xbf, 0xf7, 0xfc, 0xbf, 0xf7, 0xfc, 0xbf, 0xf7, 0xfc, 0xbf, 0xf7, 0xfc, 0xbf, 0xf7, 0xfc, 0xbf, 0xf7, 0xfc, 0xbf, 0xf7, 0xfc, 0xbf, 0xf7, 0xfc,
  0xbf, 0xf7, 0xfc, 0xbf, 0xf7, 0xfc, 0xbf, 0xf7, 0xfc, 0xbf, 0xf7, 0xfc, 0xbf, 0xf7, 0xfc, 0xbf, 0xf7, 0xfc, 0xbf, 0xf7, 0xfc, 0xbf, 0xf7, 0xfc,
  0xbf, 0xf7, 0xfc, 0xbf, 0xf7, 0xfc, 0xbf, 0xf7, 0xfc, 0xbf, 0xf7, 0xfc, 0xbf, 0xf7, 0xfc, 0xbf, 0xf7, 0xfb, 0x9e, 0xef, 0xfc, 0xbf, 0xef, 0xff,
  0x9b, 0xce, 0xba, 0x77, 0xa5, 0x13, 0xbc, 0xbe, 0x12, 0xff, 0xff, 0x03, 0x00, 0x00, 0x00, 0x00, 0x00, 0x00, 0x55, 0xad, 0x03, 0x00, 0x00, 0x00,
  0x00, 0x00, 0x00, 0x00, 0x00, 0x00, 0x00, 0x00, 0x00, 0x00, 0x00, 0x00, 0x00, 0x00, 0x00, 0x00, 0x00, 0x00, 0x00, 0x00, 0x00, 0x00, 0x00, 0x00,
  0x00, 0x00, 0x00, 0xff, 0xff, 0x01, 0xff, 0x7f, 0x02, 0xfd, 0xce, 0x0f, 0xdc, 0xce, 0x9b, 0x1d, 0xdf, 0xff, 0x7e, 0xe7, 0xff, 0x9f, 0xef, 0xff,
  0x9f, 0xef, 0xff, 0x9f, 0xef, 0xff, 0x9f, 0xef, 0xff, 0x9f, 0xef, 0xff, 0x9f, 0xef, 0xff, 0x9f, 0xef, 0xff, 0x9f, 0xef, 0xff, 0x9f, 0xef, 0xff,
  0x9f, 0xef, 0xff, 0x9f, 0xef, 0xff, 0x9f, 0xef, 0xff, 0x9f, 0xef, 0xff, 0x9f, 0xef, 0xff, 0x9f, 0xef, 0xff, 0x9f, 0xef, 0xff, 0x9f, 0xef, 0xff,
  0x9f, 0xef, 0xff, 0x9f, 0xef, 0xff, 0x9f, 0xef, 0xff, 0x9f, 0xef, 0xff, 0x9f, 0xef, 0xff, 0x9f, 0xef, 0xff, 0x9f, 0xef, 0xff, 0x9f, 0xef, 0xff,
  0x9f, 0xef, 0xff, 0x7e, 0xe7, 0xff, 0x1d, 0xdf, 0xff, 0xdc, 0xce, 0x9b, 0xfd, 0xce, 0x0f, 0x00, 0x00, 0x00, 0x00, 0x00, 0x00, 0x00, 0x00, 0x00,
  0x55, 0xad, 0x03, 0xff, 0x7f, 0x02, 0x00, 0x00, 0x00, 0x00, 0x00, 0x00, 0x00, 0x00, 0x00, 0x00, 0x00, 0x00, 0x00, 0x00, 0x00, 0x00, 0x00, 0x00,
  0x00, 0x00, 0x00, 0x00, 0x00, 0x00, 0x00, 0x00, 0x00, 0x00, 0x00, 0x00, 0x00, 0x00, 0x00, 0x00, 0x00, 0x00, 0xff, 0xff, 0x01, 0x00, 0x00, 0x00,
  0x00, 0x00, 0x00, 0xdd, 0xce, 0x39, 0xbc, 0xce, 0x8b, 0xbc, 0xce, 0xbd, 0x9b, 0xc6, 0xbd, 0x9b, 0xc6, 0xbe, 0x9b, 0xc6, 0xbe, 0x9b, 0xc6, 0xbe,
  0x9b, 0xc6, 0xbe, 0x9b, 0xc6, 0xbe, 0x9b, 0xc6, 0xbe, 0x9b, 0xc6, 0xbe, 0x9b, 0xc6, 0xbe, 0x9b, 0xc6, 0xbe, 0x9b, 0xc6, 0xbe, 0x9b, 0xc6, 0xbe,
  0x9b, 0xc6, 0xbe, 0x9b, 0xc6, 0xbe, 0x9b, 0xc6, 0xbe, 0x9b, 0xc6, 0xbe, 0x9b, 0xc6, 0xbe, 0x9b, 0xc6, 0xbe, 0x9b, 0xc6, 0xbe, 0x9b, 0xc6, 0xbe,
  0x9b, 0xc6, 0xbe, 0x9b, 0xc6, 0xbe, 0x9b, 0xc6, 0xbe, 0x9b, 0xc6, 0xbd, 0xbc, 0xce, 0xbd, 0xbc, 0xce, 0x8b, 0xdd, 0xce, 0x39, 0x00, 0x00, 0x00,
  0x00, 0x00, 0x00, 0xef, 0x7b, 0x02, 0xff, 0xff, 0x01, 0x00, 0x00, 0x01, 0x00, 0x00, 0x00, 0x00, 0x00, 0x00, 0x00, 0x00, 0x00, 0x00, 0x00, 0x00,
  0x00, 0x00, 0x00, 0x00, 0x00, 0x00, 0x00, 0x00, 0x00, 0x00, 0x00, 0x00, 0x00, 0x00, 0x00, 0x00, 0x00, 0x00, 0x00, 0x00, 0x00, 0x00, 0x00, 0x00,
  0x00, 0x00, 0x00, 0x00, 0x00, 0x00, 0x00, 0x00, 0x00, 0xff, 0xff, 0x01, 0xff, 0xff, 0x01, 0x00, 0x00, 0x00, 0x00, 0x00, 0x00, 0x00, 0x00, 0x00,
  0x00, 0x00, 0x00, 0x00, 0x00, 0x00, 0x00, 0x00, 0x00, 0x00, 0x00, 0x00, 0x00, 0x00, 0x00, 0x00, 0x00, 0x00, 0x00, 0x00, 0x00, 0x00, 0x00, 0x00,
  0x00, 0x00, 0x00, 0x00, 0x00, 0x00, 0x00, 0x00, 0x00, 0x00, 0x00, 0x00, 0x00, 0x00, 0x00, 0x00, 0x00, 0x00, 0x00, 0x00, 0x00, 0x00, 0x00, 0x00,
  0x00, 0x00, 0x00, 0x00, 0x00, 0x00, 0x00, 0x00, 0x00, 0x00, 0x00, 0x00, 0x00, 0x00, 0x00, 0x00, 0x00, 0x00, 0x00, 0x00, 0x00, 0x00, 0x00, 0x00,
  0x00, 0x00, 0x00, 0x00, 0x00, 0x00, 0x00, 0x00, 0x00, 0xff, 0xff, 0x01, 0xff, 0xff, 0x01, 0x00, 0x00, 0x00, 0x00, 0x00, 0x00, 0x00, 0x00, 0x00,
  0x00, 0x00, 0x00, 0x00, 0x00, 0x00, 0x00, 0x00, 0x00, 0x00, 0x00, 0x00, 0x00, 0x00, 0x00, 0x00, 0x00, 0x00, 0x00, 0x00, 0x00, 0x00, 0x00, 0x00,
  0x00, 0x00, 0x00, 0x00, 0x00, 0x00, 0x00, 0x00, 0x00, 0x00, 0x00, 0x00, 0x00, 0x00, 0x00, 0x00, 0x00, 0x00, 0x00, 0x00, 0x00, 0x00, 0x00, 0x00,
  0x00, 0x00, 0x00, 0x55, 0xad, 0x03, 0xf7, 0xbd, 0x04, 0xff, 0xff, 0x02, 0xff, 0xff, 0x02, 0xff, 0xff, 0x02, 0xff, 0xff, 0x02, 0xff, 0xff, 0x02,
  0xff, 0xff, 0x02, 0xff, 0xff, 0x02, 0xff, 0xff, 0x02, 0xff, 0xff, 0x02, 0xff, 0xff, 0x02, 0xff, 0xff, 0x02, 0xff, 0xff, 0x02, 0xff, 0xff, 0x02,
  0xff, 0xff, 0x02, 0xff, 0xff, 0x02, 0xff, 0xff, 0x02, 0xff, 0xff, 0x02, 0xff, 0xff, 0x02, 0xff, 0xff, 0x02, 0xff, 0xff, 0x02, 0xff, 0xff, 0x02,
  0xff, 0xff, 0x02, 0xff, 0xff, 0x02, 0xff, 0xff, 0x02, 0xff, 0xff, 0x02, 0xff, 0xff, 0x02, 0xf7, 0xbd, 0x04, 0x55, 0xad, 0x03, 0x00, 0x00, 0x00,
  0x00, 0x00, 0x00, 0x00, 0x00, 0x00, 0x00, 0x00, 0x00, 0x00, 0x00, 0x00, 0x00, 0x00, 0x00, 0x00, 0x00, 0x00, 0x00, 0x00, 0x00, 0x00, 0x00, 0x00,
  0x00, 0x00, 0x00, 0x00, 0x00, 0x00, 0x00, 0x00, 0x00, 0x00, 0x00, 0x00, 0x00, 0x00, 0x00, 0x00, 0x00, 0x00, 0x00, 0x00, 0x00, 0x00, 0x00, 0x00,
  0x00, 0x00, 0x00, 0x00, 0x00, 0x00, 0x00, 0x00, 0x00, 0x00, 0x00, 0x00, 0x00, 0x00, 0x00, 0x00, 0x00, 0x00, 0x00, 0x00, 0x00, 0x00, 0x00, 0x00,
  0x00, 0x00, 0x00, 0x00, 0x00, 0x00, 0x00, 0x00, 0x00, 0x00, 0x00, 0x00, 0x00, 0x00, 0x00, 0x00, 0x00, 0x00, 0x00, 0x00, 0x00, 0x00, 0x00, 0x00,
  0x00, 0x00, 0x00, 0x00, 0x00, 0x00, 0x00, 0x00, 0x00, 0x00, 0x00, 0x00, 0x00, 0x00, 0x00, 0x00, 0x00, 0x00, 0x00, 0x00, 0x00, 0x00, 0x00, 0x00,
  0x00, 0x00, 0x00, 0x00, 0x00, 0x00, 0x00, 0x00, 0x00, 0x00, 0x00, 0x00, 0x00, 0x00, 0x00, 0x00, 0x00, 0x00, 0x00, 0x00, 0x00, 0x00, 0x00, 0x00,
  0x00, 0x00, 0x00, 0x00, 0x00, 0x00, 0x00, 0x00, 0x00, 0x00, 0x00, 0x00, 0x00, 0x00, 0x00, 0x00, 0x00, 0x00, 0x00, 0x00, 0x00, 0x00, 0x00, 0x00,
  0x00, 0x00, 0x00, 0x00, 0x00, 0x00, 0x00, 0x00, 0x00, 0x00, 0x00, 0x00, 0x00, 0x00, 0x00, 0x00, 0x00, 0x00, 0x00, 0x00, 0x00, 0x00, 0x00, 0x00,
  0x00, 0x00, 0x00, 0x00, 0x00, 0x00, 0x00, 0x00, 0x00, 0x00, 0x00, 0x00, 0x00, 0x00, 0x00, 0x00, 0x00, 0x00, 0x00, 0x00, 0x00, 0x00, 0x00, 0x00,
  0x00, 0x00, 0x00, 0x00, 0x00, 0x00, 0x00, 0x00, 0x00, 0x00, 0x00, 0x00, 0x00, 0x00, 0x00, 0x00, 0x00, 0x00, 0x00, 0x00, 0x00, 0x00, 0x00, 0x00,
  0x00, 0x00, 0x00, 0x00, 0x00, 0x00, 0x00, 0x00, 0x00, 0x00, 0x00, 0x00, 0x00, 0x00, 0x00, 0x00, 0x00, 0x00, 0x00, 0x00, 0x00, 0x00, 0x00, 0x00,
  0x00, 0x00, 0x00, 0x00, 0x00, 0x00, 0x00, 0x00, 0x00, 0x00, 0x00, 0x00, 0x00, 0x00, 0x00, 0x00, 0x00, 0x00, 0x00, 0x00, 0x00, 0x00, 0x00, 0x00,
  0x00, 0x00, 0x00, 0x00, 0x00, 0x00, 0x00, 0x00, 0x00, 0x00, 0x00, 0x00, 0x00, 0x00, 0x00, 0x00, 0x00, 0x00, 0x00, 0x00, 0x00, 0x00, 0x00, 0x00,
  0x00, 0x00, 0x00, 0x00, 0x00, 0x00, 0x00, 0x00, 0x00, 0x00, 0x00, 0x00, 0x00, 0x00, 0x00, 0x00, 0x00, 0x00, 0x00, 0x00, 0x00, 0x00, 0x00, 0x00,
  0x00, 0x00, 0x00, 0x00, 0x00, 0x00, 0x00, 0x00, 0x00, 0x00, 0x00, 0x00, 0x00, 0x00, 0x00, 0x00, 0x00, 0x00, 0x00, 0x00, 0x00, 0x00, 0x00, 0x00,
  0x00, 0x00, 0x00, 0x00, 0x00, 0x00, 0x00, 0x00, 0x00, 0x00, 0x00, 0x00, 0x00, 0x00, 0x00, 0x00, 0x00, 0x00, 0x00, 0x00, 0x00, 0x00, 0x00, 0x00,
  0x00, 0x00, 0x00, 0x00, 0x00, 0x00, 0x00, 0x00, 0x00, 0x00, 0x00, 0x00, 0x00, 0x00, 0x00, 0x00, 0x00, 0x00, 0x00, 0x00, 0x00, 0x00, 0x00, 0x00,
  0x00, 0x00, 0x00, 0x00, 0x00, 0x00, 0x00, 0x00, 0x00, 0x00, 0x00, 0x00, 0x00, 0x00, 0x00, 0x00, 0x00, 0x00, 0x00, 0x00, 0x00, 0x00, 0x00, 0x00,
  0x00, 0x00, 0x00, 0x00, 0x00, 0x00, 0x00, 0x00, 0x00, 0x00, 0x00, 0x00, 0x00, 0x00, 0x00, 0x00, 0x00, 0x00, 0x00, 0x00, 0x00, 0x00, 0x00, 0x00,
  0x00, 0x00, 0x00, 0x00, 0x00, 0x00, 0x00, 0x00, 0x00, 0x00, 0x00, 0x00, 0x00, 0x00, 0x00, 0x00, 0x00, 0x00, 0x00, 0x00, 0x00, 0x00, 0x00, 0x00,
  0x00, 0x00, 0x00, 0x00, 0x00, 0x00, 0x00, 0x00, 0x00, 0x00, 0x00, 0x00, 0x00, 0x00, 0x00, 0x00, 0x00, 0x00, 0x00, 0x00, 0x00, 0x00, 0x00, 0x00,
  0x00, 0x00, 0x00, 0x00, 0x00, 0x00, 0x00, 0x00, 0x00, 0x00, 0x00, 0x00, 0x00, 0x00, 0x00, 0x00, 0x00, 0x00, 0x00, 0x00, 0x00, 0x00, 0x00, 0x00,
  0x00, 0x00, 0x00, 0x00, 0x00, 0x00, 0x00, 0x00, 0x00, 0x00, 0x00, 0x00, 0x00, 0x00, 0x00, 0x00, 0x00, 0x00, 0x00, 0x00, 0x00, 0x00, 0x00, 0x00,
  0x00, 0x00, 0x00, 0x00, 0x00, 0x00, 0x00, 0x00, 0x00, 0x00, 0x00, 0x00, 0x00, 0x00, 0x00, 0x00, 0x00, 0x00, 0x00, 0x00, 0x00, 0x00, 0x00, 0x00,
  0x00, 0x00, 0x00, 0x00, 0x00, 0x00, 0x00, 0x00, 0x00, 0x00, 0x00, 0x00, 0x00, 0x00, 0x00, 0x00, 0x00, 0x00, 0x00, 0x00, 0x00, 0x00, 0x00, 0x00,
  0x00, 0x00, 0x00, 0x00, 0x00, 0x00, 0x00, 0x00, 0x00, 0x00, 0x00, 0x00, 0x00, 0x00, 0x00, 0x00, 0x00, 0x00, 0x00, 0x00, 0x00, 0x00, 0x00, 0x00,
  0x00, 0x00, 0x00, 0x00, 0x00, 0x00, 0x00, 0x00, 0x00, 0x00, 0x00, 0x00, 0x00, 0x00, 0x00, 0x00, 0x00, 0x00, 0x00, 0x00, 0x00, 0x00, 0x00, 0x00,
  0x00, 0x00, 0x00, 0x00, 0x00, 0x00, 0x00, 0x00, 0x00, 0x00, 0x00, 0x00, 0x00, 0x00, 0x00, 0x00, 0x00, 0x00, 0x00, 0x00, 0x00, 0x00, 0x00, 0x00,
  0x00, 0x00, 0x00, 0x00, 0x00, 0x00, 0x00, 0x00, 0x00, 0x00, 0x00, 0x00, 0x00, 0x00, 0x00, 0x00, 0x00, 0x00, 0x00, 0x00, 0x00, 0x00, 0x00, 0x00,
  0x00, 0x00, 0x00, 0x00, 0x00, 0x00, 0x00, 0x00, 0x00, 0x00, 0x00, 0x00, 0x00, 0x00, 0x00, 0x00, 0x00, 0x00, 0x00, 0x00, 0x00, 0x00, 0x00, 0x00,
  0x00, 0x00, 0x00, 0x00, 0x00, 0x00, 0x00, 0x00, 0x00, 0x00, 0x00, 0x00, 0x00, 0x00, 0x00, 0x00, 0x00, 0x00, 0x00, 0x00, 0x00, 0x00, 0x00, 0x00,
  0x00, 0x00, 0x00, 0x00, 0x00, 0x00, 0x00, 0x00, 0x00, 0x00, 0x00, 0x00, 0x00, 0x00, 0x00, 0x00, 0x00, 0x00, 0x00, 0x00, 0x00, 0x00, 0x00, 0x00,
  0x00, 0x00, 0x00, 0x00, 0x00, 0x00, 0x00, 0x00, 0x00, 0x00, 0x00, 0x00, 0x00, 0x00, 0x00, 0x00, 0x00, 0x00, 0x00, 0x00, 0x00, 0x00, 0x00, 0x00,
  0x00, 0x00, 0x00, 0x00, 0x00, 0x00, 0x00, 0x00, 0x00, 0x00, 0x00, 0x00, 0x00, 0x00, 0x00, 0x00, 0x00, 0x00, 0x00, 0x00, 0x00, 0x00, 0x00, 0x00,
  0x00, 0x00, 0x00, 0x00, 0x00, 0x00, 0x00, 0x00, 0x00, 0x00, 0x00, 0x00, 0x00, 0x00, 0x00, 0x00, 0x00, 0x00, 0x00, 0x00, 0x00, 0x00, 0x00, 0x00,
  0x00, 0x00, 0x00, 0x00, 0x00, 0x00, 0x00, 0x00, 0x00, 0x00, 0x00, 0x00, 0x00, 0x00, 0x00, 0x00, 0x00, 0x00, 0x00, 0x00, 0x00, 0x00, 0x00, 0x00,
  0x00, 0x00, 0x00, 0x00, 0x00, 0x00, 0x00, 0x00, 0x00, 0x00, 0x00, 0x00, 0x00, 0x00, 0x00, 0x00, 0x00, 0x00, 0x00, 0x00, 0x00, 0x00, 0x00, 0x00,
  0x00, 0x00, 0x00, 0x00, 0x00, 0x00, 0x00, 0x00, 0x00, 0x00, 0x00, 0x00, 0x00, 0x00, 0x00, 0x00, 0x00, 0x00, 0x00, 0x00, 0x00, 0x00, 0x00, 0x00,
  0x00, 0x00, 0x00, 0x00, 0x00, 0x00, 0x00, 0x00, 0x00, 0x00, 0x00, 0x00, 0x00, 0x00, 0x00, 0x00, 0x00, 0x00, 0x00, 0x00, 0x00, 0x00, 0x00, 0x00,
  0x00, 0x00, 0x00, 0x00, 0x00, 0x00, 0x00, 0x00, 0x00, 0x00, 0x00, 0x00, 0x00, 0x00, 0x00, 0x00, 0x00, 0x00, 0x00, 0x00, 0x00, 0x00, 0x00, 0x00,
  0x00, 0x00, 0x00, 0x00, 0x00, 0x00, 0x00, 0x00, 0x00, 0x00, 0x00, 0x00, 0x00, 0x00, 0x00, 0x00, 0x00, 0x00, 0x00, 0x00, 0x00, 0x00, 0x00, 0x00,
  0x00, 0x00, 0x00, 0x00, 0x00, 0x00, 0x00, 0x00, 0x00, 0x00, 0x00, 0x00, 0x00, 0x00, 0x00, 0x00, 0x00, 0x00, 0x00, 0x00, 0x00, 0x00, 0x00, 0x00,
  0x00, 0x00, 0x00, 0x00, 0x00, 0x00, 0x00, 0x00, 0x00, 0x00, 0x00, 0x00, 0x00, 0x00, 0x00, 0x00, 0x00, 0x00, 0x00, 0x00, 0x00, 0x00, 0x00, 0x00,
  0x00, 0x00, 0x00, 0x00, 0x00, 0x00, 0x00, 0x00, 0x00, 0x00, 0x00, 0x00, 0x00, 0x00, 0x00, 0x00, 0x00, 0x00, 0x00, 0x00, 0x00, 0x00, 0x00, 0x00,
  0x00, 0x00, 0x00, 0x00, 0x00, 0x00, 0x00, 0x00, 0x00, 0x00, 0x00, 0x00, 0x00, 0x00, 0x00, 0x00, 0x00, 0x00, 0x00, 0x00, 0x00, 0x00, 0x00, 0x00,
  0x00, 0x00, 0x00, 0x00, 0x00, 0x00, 0x00, 0x00, 0x00, 0x00, 0x00, 0x00, 0x00, 0x00, 0x00, 0x00, 0x00, 0x00, 0x00, 0x00, 0x00, 0x00, 0x00, 0x00,
  0x00, 0x00, 0x00, 0x00, 0x00, 0x00, 0x00, 0x00, 0x00, 0x00, 0x00, 0x00, 0x00, 0x00, 0x00, 0x00, 0x00, 0x00, 0x00, 0x00, 0x00, 0x00, 0x00, 0x00
};
const lv_img_dsc_t wx_cloud_L = {
  .header = { .cf = LV_IMG_CF_TRUE_COLOR_ALPHA, .always_zero = 0, .reserved = 0, .w = 52, .h = 52 },
  .data_size = 8112,
  .data = wx_cloud_L_map,
};

static const uint8_t wx_rain_L_map[] = {
  0x00, 0x00, 0x00, 0x00, 0x00, 0x00, 0x00, 0x00, 0x00, 0x00, 0x00, 0x00, 0x00, 0x00, 0x00, 0x00, 0x00, 0x00, 0x00, 0x00, 0x00, 0x00, 0x00, 0x00,
  0x00, 0x00, 0x00, 0x00, 0x00, 0x00, 0x00, 0x00, 0x00, 0x00, 0x00, 0x00, 0x00, 0x00, 0x00, 0x00, 0x00, 0x00, 0x00, 0x00, 0x00, 0x00, 0x00, 0x00,
  0x00, 0x00, 0x00, 0x00, 0x00, 0x00, 0x00, 0x00, 0x00, 0x00, 0x00, 0x00, 0x00, 0x00, 0x00, 0x00, 0x00, 0x00, 0x00, 0x00, 0x00, 0x00, 0x00, 0x00,
  0x00, 0x00, 0x00, 0xff, 0xff, 0x02, 0xff, 0xff, 0x04, 0xf7, 0xbd, 0x04, 0x55, 0xad, 0x03, 0x55, 0xad, 0x03, 0x55, 0xad, 0x03, 0x79, 0xce, 0x05,
  0xff, 0xff, 0x03, 0xff, 0xff, 0x01, 0x00, 0x00, 0x00, 0x00, 0x00, 0x00, 0x00, 0x00, 0x00, 0x00, 0x00, 0x00, 0x00, 0x00, 0x00, 0x00, 0x00, 0x00,
  0x00, 0x00, 0x00, 0x00, 0x00, 0x00, 0x00, 0x00, 0x00, 0x00, 0x00, 0x00, 0x00, 0x00, 0x00, 0x00, 0x00, 0x00, 0x00, 0x00, 0x00, 0x00, 0x00, 0x00,
  0x00, 0x00, 0x00, 0x00, 0x00, 0x00, 0x00, 0x00, 0x00, 0x00, 0x00, 0x00, 0x00, 0x00, 0x00, 0x00, 0x00, 0x00, 0x00, 0x00, 0x00, 0x00, 0x00, 0x00,
  0x00, 0x00, 0x00, 0x00, 0x00, 0x00, 0x00, 0x00, 0x00, 0x00, 0x00, 0x00, 0x00, 0x00, 0x00, 0x00, 0x00, 0x00, 0x00, 0x00, 0x00, 0x00, 0x00, 0x00,
  0x00, 0x00, 0x00, 0x00, 0x00, 0x00, 0x00, 0x00, 0x00, 0x00, 0x00, 0x00, 0x00, 0x00, 0x00, 0x00, 0x00, 0x00, 0x00, 0x00, 0x00, 0x00, 0x00, 0x00,
  0x00, 0x00, 0x00, 0x00, 0x00, 0x00, 0x00, 0x00, 0x00, 0x55, 0xad, 0x03, 0xff, 0xff, 0x01, 0x00, 0x00, 0x00, 0x00, 0x00, 0x00, 0x00, 0x00, 0x00,
  0x00, 0x00, 0x00, 0x00, 0x00, 0x00, 0x00, 0x00, 0x00, 0x00, 0x00, 0x00, 0x00, 0x00, 0x00, 0x00, 0x00, 0x00, 0xff, 0xff, 0x03, 0xff, 0xff, 0x01,
  0x00, 0x00, 0x00, 0x00, 0x00, 0x00, 0x00, 0x00, 0x00, 0x00, 0x00, 0x00, 0x00, 0x00, 0x00, 0x00, 0x00, 0x00, 0x00, 0x00, 0x00, 0x00, 0x00, 0x00,
  0x00, 0x00, 0x00, 0x00, 0x00, 0x00, 0x00, 0x00, 0x00, 0x00, 0x00, 0x00, 0x00, 0x00, 0x00, 0x00, 0x00, 0x00, 0x00, 0x00, 0x00, 0x00, 0x00, 0x00,
  0x00, 0x00, 0x00, 0x00, 0x00, 0x00, 0x00, 0x00, 0x00, 0x00, 0x00, 0x00, 0x00, 0x00, 0x00, 0x00, 0x00, 0x00, 0x00, 0x00, 0x00, 0x00, 0x00, 0x00,
  0x00, 0x00, 0x00, 0x00, 0x00, 0x00, 0x00, 0x00, 0x00, 0x00, 0x00, 0x00, 0x00, 0x00, 0x00, 0x00, 0x00, 0x00, 0x00, 0x00, 0x00, 0x00, 0x00, 0x00,
  0x00, 0x00, 0x00, 0x00, 0x00, 0x00, 0x00, 0x00, 0x00, 0x00, 0x00, 0x00, 0x00, 0x00, 0x00, 0xff, 0xff, 0x01, 0xff, 0x7f, 0x02, 0x00, 0x00, 0x00,
  0x00, 0x00, 0x00, 0x1d, 0xd7, 0x2a, 0xdd, 0xd6, 0x70, 0xdc, 0xce, 0x9f, 0xdc, 0xd6, 0xbe, 0xbc, 0xce, 0xbe, 0xbc, 0xce, 0xba, 0xdc, 0xd6, 0x84,
  0xdd, 0xd6, 0x4e, 0xbd, 0xc6, 0x0d, 0x00, 0x00, 0x00, 0x00, 0x00, 0x00, 0x55, 0xad, 0x03, 0x00, 0x00, 0x00, 0x00, 0x00, 0x00, 0x00, 0x00, 0x00,
  0x00, 0x00, 0x00, 0x00, 0x00, 0x00, 0x00, 0x00, 0x00, 0x00, 0x00, 0x00, 0x00, 0x00, 0x00, 0x00, 0x00, 0x00, 0x00, 0x00, 0x00, 0x00, 0x00, 0x00,
  0x00, 0x00, 0x00, 0x00, 0x00, 0x00, 0x00, 0x00, 0x00, 0x00, 0x00, 0x00, 0x00, 0x00, 0x00, 0x00, 0x00, 0x00, 0x00, 0x00, 0x00, 0x00, 0x00, 0x00,
  0x00, 0x00, 0x00, 0x00, 0x00, 0x00, 0x00, 0x00, 0x00, 0x00, 0x00, 0x00, 0x00, 0x00, 0x00, 0x00, 0x00, 0x00, 0x00, 0x00, 0x00, 0x00, 0x00, 0x00,
  0x00, 0x00, 0x00, 0x00, 0x00, 0x00, 0x00, 0x00, 0x00, 0x00, 0x00, 0x00, 0x00, 0x00, 0x00, 0x00, 0x00, 0x00, 0x00, 0x00, 0x00, 0x00, 0x00, 0x00,
  0xef, 0x7b, 0x02, 0x00, 0x00, 0x00, 0x00, 0x00, 0x00, 0xdd, 0xce, 0x45, 0xdc, 0xd6, 0xba, 0xdc, 0xd6, 0xfb, 0x3e, 0xdf, 0xff, 0x1d, 0xdf, 0xff,
  0x1d, 0xd7, 0xff, 0x1d, 0xd7, 0xff, 0x1d, 0xd7, 0xff, 0x3e, 0xdf, 0xff, 0x1d, 0xd7, 0xff, 0xdc, 0xd6, 0xe3, 0xdc, 0xd6, 0x80, 0x9b, 0xc6, 0x16,
  0x00, 0x00, 0x00, 0xff, 0xaf, 0x03, 0x00, 0x00, 0x00, 0x00, 0x00, 0x00, 0x00, 0x00, 0x00, 0x00, 0x00, 0x00, 0x00, 0x00, 0x00, 0x00, 0x00, 0x00,
  0x00, 0x00, 0x00, 0x00, 0x00, 0x00, 0x00, 0x00, 0x00, 0x00, 0x00, 0x00, 0x00, 0x00, 0x00, 0x00, 0x00, 0x00, 0x00, 0x00, 0x00, 0x00, 0x00, 0x00,
  0x00, 0x00, 0x00, 0x00, 0x00, 0x00, 0x00, 0x00, 0x00, 0x00, 0x00, 0x00, 0x00, 0x00, 0x00, 0x00, 0x00, 0x00, 0x00, 0x00, 0x00, 0x00, 0x00, 0x00,
  0x00, 0x00, 0x00, 0x00, 0x00, 0x00, 0x00, 0x00, 0x00, 0x00, 0x00, 0x00, 0x00, 0x00, 0x00, 0x00, 0x00, 0x00, 0x00, 0x00, 0x00, 0x00, 0x00, 0x00,
  0x00, 0x00, 0x00, 0x00, 0x00, 0x00, 0x00, 0x00, 0x00, 0xff, 0x7f, 0x02, 0x00, 0x00, 0x00, 0x59, 0xb6, 0x0e, 0xfc, 0xd6, 0x9b, 0x1d, 0xd7, 0xff,
  0xfd, 0xd6, 0xff, 0xbc, 0xce, 0xff, 0xbc, 0xce, 0xfb, 0xbc, 0xce, 0xfb, 0xbc, 0xce, 0xfc, 0xbc, 0xce, 0xfc, 0xbc, 0xce, 0xfc, 0xbc, 0xce, 0xfb,
  0xbc, 0xce, 0xfc, 0xdc, 0xce, 0xff, 0x3e, 0xdf, 0xff, 0xdc, 0xd6, 0xe5, 0x9b, 0xce, 0x47, 0x00, 0x00, 0x00, 0xff, 0xff, 0x03, 0x00, 0x00, 0x00,
  0x00, 0x00, 0x00, 0x00, 0x00, 0x00, 0x00, 0x00, 0x00, 0x00, 0x00, 0x00, 0x00, 0x00, 0x00, 0x00, 0x00, 0x00, 0x00, 0x00, 0x00, 0x00, 0x00, 0x00,
  0x00, 0x00, 0x00, 0x00, 0x00, 0x00, 0x00, 0x00, 0x00, 0x00, 0x00, 0x00, 0x00, 0x00, 0x00, 0x00, 0x00, 0x00, 0x00, 0x00, 0x00, 0x00, 0x00, 0x00,
  0x00, 0x00, 0x00, 0x00, 0x00, 0x00, 0x00, 0x00, 0x00, 0x00, 0x00, 0x00, 0x00, 0x00, 0x00, 0x00, 0x00, 0x00, 0x00, 0x00, 0x00, 0x00, 0x00, 0x00,
  0x00, 0x00, 0x00, 0x00, 0x00, 0x00, 0x00, 0x00, 0x00, 0x00, 0x00, 0x00, 0x00, 0x00, 0x00, 0x00, 0x00, 0x00, 0xff, 0x7f, 0x02, 0x00, 0x00, 0x00,
  0x9c, 0xc6, 0x11, 0xdc, 0xd6, 0xc9, 0x3e, 0xdf, 0xff, 0xbc, 0xce, 0xfc, 0xbc, 0xce, 0xfc, 0xbc, 0xce, 0xfe, 0xbc, 0xce, 0xff, 0xbc, 0xce, 0xff,
  0xbc, 0xce, 0xff, 0xbc, 0xce, 0xff, 0xbc, 0xce, 0xff, 0xbc, 0xce, 0xff, 0xbc, 0xce, 0xff, 0xbc, 0xce, 0xfe, 0xbc, 0xce, 0xfb, 0xdc, 0xd6, 0xff,
  0x1d, 0xd7, 0xff, 0xbb, 0xce, 0x65, 0x00, 0x00, 0x00, 0xff, 0xbf, 0x04, 0x00, 0x00, 0x00, 0x00, 0x00, 0x00, 0x00, 0x00, 0x00, 0x00, 0x00, 0x00,
  0x00, 0x00, 0x00, 0x00, 0x00, 0x00, 0x00, 0x00, 0x00, 0x00, 0x00, 0x00, 0x00, 0x00, 0x00, 0x00, 0x00, 0x00, 0x00, 0x00, 0x00, 0x00, 0x00, 0x00,
  0x00, 0x00, 0x00, 0x00, 0x00, 0x00, 0x00, 0x00, 0x00, 0x00, 0x00, 0x00, 0x00, 0x00, 0x00, 0x00, 0x00, 0x00, 0x00, 0x00, 0x00, 0x00, 0x00, 0x00,
  0x00, 0x00, 0x00, 0x00, 0x00, 0x00, 0x00, 0x00, 0x00, 0x00, 0x00, 0x00, 0x00, 0x00, 0x00, 0x00, 0x00, 0x00, 0x00, 0x00, 0x00, 0x00, 0x00, 0x00,
  0x00, 0x00, 0x00, 0xff, 0xff, 0x01, 0xff, 0xff, 0x02, 0x9c, 0xd6, 0x0b, 0xdc, 0xce, 0xca, 0x1e, 0xdf, 0xff, 0xbc, 0xce, 0xfa, 0xbc, 0xce, 0xff,
  0xbc, 0xce, 0xff, 0xbc, 0xce, 0xff, 0xbc, 0xce, 0xff, 0xbc, 0xce, 0xff, 0xbc, 0xce, 0xff, 0xbc, 0xce, 0xff, 0xbc, 0xce, 0xff, 0xbc, 0xce, 0xff,
  0xbc, 0xce, 0xff, 0xbc, 0xce, 0xff, 0xbc, 0xce, 0xff, 0xbc, 0xce, 0xfd, 0xbc, 0xce, 0xfc, 0x1d, 0xd7, 0xff, 0x9b, 0xce, 0x5f, 0x00, 0x00, 0x00,
  0xff, 0xaf, 0x03, 0x00, 0x00, 0x00, 0x00, 0x00, 0x00, 0x00, 0x00, 0x00, 0x00, 0x00, 0x00, 0x00, 0x00, 0x00, 0x00, 0x00, 0x00, 0x00, 0x00, 0x00,
  0x00, 0x00, 0x00, 0x00, 0x00, 0x00, 0x00, 0x00, 0x00, 0x00, 0x00, 0x00, 0x00, 0x00, 0x00, 0x00, 0x00, 0x00, 0x00, 0x00, 0x00, 0x00, 0x00, 0x00,
  0x00, 0x00, 0x00, 0x00, 0x00, 0x00, 0x00, 0x00, 0x00, 0x00, 0x00, 0x00, 0x00, 0x00, 0x00, 0x00, 0x00, 0x00, 0x00, 0x00, 0x00, 0x00, 0x00, 0x00,
  0x00, 0x00, 0x00, 0x00, 0x00, 0x00, 0x00, 0x00, 0x00, 0x00, 0x00, 0x00, 0x00, 0x00, 0x00, 0xff, 0xaf, 0x03, 0x00, 0x00, 0x00, 0x9b, 0xce, 0x9e,
  0x3e, 0xdf, 0xff, 0xbc, 0xce, 0xfa, 0xbc, 0xce, 0xff, 0xbc, 0xce, 0xff, 0xbc, 0xce, 0xff, 0xbc, 0xce, 0xff, 0xbc, 0xce, 0xff, 0xbc, 0xce, 0xff,
  0xbc, 0xce, 0xff, 0xbc, 0xce, 0xff, 0xbc, 0xce, 0xff, 0xbc, 0xce, 0xff, 0xbc, 0xce, 0xff, 0xbc, 0xce, 0xff, 0xbc, 0xce, 0xff, 0xbc, 0xce, 0xff,
  0xbc, 0xce, 0xfd, 0xdc, 0xce, 0xfd, 0xdd, 0xd6, 0xf5, 0xbb, 0xce, 0x30, 0xff, 0xff, 0x01, 0xff, 0xff, 0x02, 0x00, 0x00, 0x00, 0x00, 0x00, 0x00,
  0x00, 0x00, 0x00, 0x00, 0x00, 0x00, 0x00, 0x00, 0x00, 0x00, 0x00, 0x00, 0x00, 0x00, 0x00, 0x00, 0x00, 0x00, 0x00, 0x00, 0x00, 0x00, 0x00, 0x00,
  0x00, 0x00, 0x00, 0x00, 0x00, 0x00, 0x00, 0x00, 0x00, 0x00, 0x00, 0x00, 0x00, 0x00, 0x00, 0x00, 0x00, 0x00, 0x00, 0x00, 0x00, 0x00, 0x00, 0x00,
  0x00, 0x00, 0x00, 0x00, 0x00, 0x00, 0x00, 0x00, 0x00, 0x00, 0x00, 0x00, 0x00, 0x00, 0x00, 0x00, 0x00, 0x00, 0x00, 0x00, 0x00, 0x00, 0x00, 0x00,
  0xff, 0xaf, 0x03, 0x00, 0x00, 0x00, 0x9b, 0xce, 0x41, 0x1d, 0xdf, 0xff, 0xbc, 0xce, 0xfb, 0xbc, 0xce, 0xff, 0xbc, 0xce, 0xff, 0xbc, 0xce, 0xff,
  0xbc, 0xce, 0xff, 0xbc, 0xce, 0xff, 0xbc, 0xce, 0xff, 0xbc, 0xce, 0xff, 0xbc, 0xce, 0xff, 0xbc, 0xce, 0xff, 0xbc, 0xce, 0xff, 0xbc, 0xce, 0xff,
  0xbc, 0xce, 0xff, 0xbc, 0xce, 0xff, 0xbc, 0xce, 0xff, 0xbc, 0xce, 0xff, 0xbc, 0xce, 0xff, 0x9b, 0xce, 0xfc, 0x1d, 0xd7, 0xff, 0x9b, 0xce, 0xc1,
  0x00, 0x00, 0x00, 0xff, 0xff, 0x02, 0x00, 0x00, 0x00, 0x00, 0x00, 0x00, 0x00, 0x00, 0x00, 0x00, 0x00, 0x00, 0x00, 0x00, 0x00, 0x00, 0x00, 0x00,
  0x00, 0x00, 0x00, 0x00, 0x00, 0x00, 0x00, 0x00, 0x00, 0x00, 0x00, 0x00, 0x00, 0x00, 0x00, 0x00, 0x00, 0x00, 0x00, 0x00, 0x00, 0x00, 0x00, 0x00,
  0x00, 0x00, 0x00, 0x00, 0x00, 0x00, 0x00, 0x00, 0x00, 0x00, 0x00, 0x00, 0x00, 0x00, 0x00, 0x00, 0x00, 0x00, 0x00, 0x00, 0x00, 0x00, 0x00, 0x00,
  0x00, 0x00, 0x00, 0x00, 0x00, 0x00, 0x00, 0x00, 0x00, 0xff, 0xff, 0x01, 0xff, 0xcf, 0x05, 0x5f, 0xad, 0x03, 0xbc, 0xce, 0xbe, 0x1d, 0xd7, 0xfe,
  0xbc, 0xce, 0xfc, 0xbc, 0xce, 0xff, 0xbc, 0xce, 0xff, 0xbc, 0xce, 0xff, 0xbc, 0xce, 0xff, 0xbc, 0xce, 0xff, 0xbc, 0xce, 0xff, 0xbc, 0xce, 0xff,
  0xbc, 0xce, 0xff, 0xbc, 0xce, 0xff, 0xbc, 0xce, 0xff, 0xbc, 0xce, 0xff, 0xbc, 0xce, 0xff, 0xbc, 0xce, 0xff, 0xbc, 0xce, 0xff, 0xbc, 0xce, 0xff,
  0xbc, 0xce, 0xff, 0xbc, 0xce, 0xff, 0xbc, 0xce, 0xfc, 0xfd, 0xd6, 0xff, 0xbc, 0xce, 0x41, 0x00, 0x00, 0x00, 0xff, 0xaf, 0x03, 0x00, 0x00, 0x00,
  0x00, 0x00, 0x00, 0x00, 0x00, 0x00, 0x00, 0x00, 0x00, 0x00, 0x00, 0x00, 0x00, 0x00, 0x00, 0x00, 0x00, 0x00, 0x00, 0x00, 0x00, 0x00, 0x00, 0x00,
  0x00, 0x00, 0x00, 0x00, 0x00, 0x00, 0x00, 0x00, 0x00, 0x00, 0x00, 0x00, 0x00, 0x00, 0x00, 0x00, 0x00, 0x00, 0x00, 0x00, 0x00, 0x00, 0x00, 0x00,
  0x00, 0x00, 0x00, 0x00, 0x00, 0x00, 0x00, 0x00, 0x00, 0x00, 0x00, 0x00, 0x00, 0x00, 0x00, 0xf7, 0xbd, 0x04, 0xff, 0xff, 0x01, 0x00, 0x00, 0x00,
  0x00, 0x00, 0x00, 0xbc, 0xc6, 0x20, 0xdc, 0xd6, 0xfb, 0xbc, 0xce, 0xfe, 0xbc, 0xce, 0xff, 0xbc, 0xce, 0xff, 0xbc, 0xce, 0xff, 0xbc, 0xce, 0xff,
  0xbc, 0xce, 0xff, 0xbc, 0xce, 0xff, 0xbc, 0xce, 0xff, 0xbc, 0xce, 0xff, 0xbc, 0xce, 0xff, 0xbc, 0xce, 0xff, 0xbc, 0xce, 0xff, 0xbc, 0xce, 0xff,
  0xbc, 0xce, 0xff, 0xbc, 0xce, 0xff, 0xbc, 0xce, 0xff, 0xbc, 0xce, 0xff, 0xbc, 0xce, 0xff, 0xbc, 0xce, 0xff, 0xbc, 0xce, 0xfb, 0x1e, 0xdf, 0xff,
  0xbc, 0xce, 0xa2, 0x00, 0x00, 0x00, 0xff, 0xff, 0x03, 0x00, 0x00, 0x00, 0x00, 0x00, 0x00, 0x00, 0x00, 0x00, 0x00, 0x00, 0x00, 0x00, 0x00, 0x00,
  0x00, 0x00, 0x00, 0x00, 0x00, 0x00, 0x00, 0x00, 0x00, 0x00, 0x00, 0x00, 0x00, 0x00, 0x00, 0x00, 0x00, 0x00, 0x00, 0x00, 0x00, 0x00, 0x00, 0x00,
  0x00, 0x00, 0x00, 0x00, 0x00, 0x00, 0x00, 0x00, 0x00, 0x00, 0x00, 0x00, 0x00, 0x00, 0x00, 0x00, 0x00, 0x00, 0x00, 0x00, 0x00, 0xff, 0xff, 0x01,
  0xff, 0xff, 0x01, 0x00, 0x00, 0x00, 0x00, 0x00, 0x00, 0x5e, 0xd7, 0x17, 0xbc, 0xce, 0x3e, 0xbc, 0xce, 0x94, 0x1d, 0xd7, 0xff, 0xbc, 0xce, 0xfc,
  0xbc, 0xce, 0xff, 0xbc, 0xce, 0xff, 0xbc, 0xce, 0xff, 0xbc, 0xce, 0xff, 0xbc, 0xce, 0xff, 0xbc, 0xce, 0xff, 0xbc, 0xce, 0xff, 0xbc, 0xce, 0xff,
  0xbc, 0xce, 0xff, 0xbc, 0xce, 0xff, 0xbc, 0xce, 0xff, 0xbc, 0xce, 0xff, 0xbc, 0xce, 0xff, 0xbc, 0xce, 0xff, 0xbc, 0xce, 0xff, 0xbc, 0xce, 0xff,
  0xbc, 0xce, 0xff, 0xbc, 0xce, 0xff, 0xbc, 0xce, 0xfe, 0xdc, 0xd6, 0xff, 0xbb, 0xce, 0xe4, 0x3c, 0xc6, 0x09, 0x00, 0x00, 0x00, 0xff, 0xff, 0x01,
  0x00, 0x00, 0x00, 0x00, 0x00, 0x00, 0x00, 0x00, 0x00, 0x00, 0x00, 0x00, 0x00, 0x00, 0x00, 0x00, 0x00, 0x00, 0x00, 0x00, 0x00, 0x00, 0x00, 0x00,
  0x00, 0x00, 0x00, 0x00, 0x00, 0x00, 0x00, 0x00, 0x00, 0x00, 0x00, 0x00, 0x00, 0x00, 0x00, 0x00, 0x00, 0x00, 0x00, 0x00, 0x00, 0x00, 0x00, 0x00,
  0x00, 0x00, 0x00, 0x00, 0x00, 0x00, 0xff, 0x7f, 0x02, 0x00, 0x00, 0x00, 0x00, 0x00, 0x00, 0xdc, 0xce, 0x5e, 0xdc, 0xd6, 0xba, 0xdc, 0xd6, 0xef,
  0xfd, 0xd6, 0xff, 0xfd, 0xd6, 0xff, 0xbc, 0xce, 0xff, 0xbc, 0xce, 0xff, 0xbc, 0xce, 0xff, 0xbc, 0xce, 0xff, 0xbc, 0xce, 0xff, 0xbc, 0xce, 0xff,
  0xbc, 0xce, 0xff, 0xbc, 0xce, 0xff, 0xbc, 0xce, 0xff, 0xbc, 0xce, 0xff, 0xbc, 0xce, 0xff, 0xbc, 0xce, 0xff, 0xbc, 0xce, 0xff, 0xbc, 0xce, 0xff,
  0xbc, 0xce, 0xff, 0xbc, 0xce, 0xff, 0xbc, 0xce, 0xff, 0xbc, 0xce, 0xff, 0xbc, 0xce, 0xff, 0xbc, 0xce, 0xff, 0xbc, 0xce, 0xff, 0xbc, 0xce, 0xfe,
  0xdc, 0xce, 0xf8, 0xbc, 0xce, 0x2a, 0x00, 0x00, 0x00, 0xff, 0xff, 0x02, 0x00, 0x00, 0x00, 0x00, 0x00, 0x00, 0x00, 0x00, 0x00, 0x00, 0x00, 0x00,
  0x00, 0x00, 0x00, 0x00, 0x00, 0x00, 0x00, 0x00, 0x00, 0x00, 0x00, 0x00, 0x00, 0x00, 0x00, 0x00, 0x00, 0x00, 0x00, 0x00, 0x00, 0x00, 0x00, 0x00,
  0x00, 0x00, 0x00, 0x00, 0x00, 0x00, 0x00, 0x00, 0x00, 0x00, 0x00, 0x00, 0x00, 0x00, 0x00, 0xff, 0x7f, 0x02, 0x00, 0x00, 0x00, 0x3a, 0xbe, 0x12,
  0xdc, 0xce, 0xb8, 0x3e, 0xdf, 0xff, 0xfd, 0xd6, 0xff, 0xbc, 0xce, 0xff, 0xbc, 0xce, 0xfd, 0xbc, 0xce, 0xfd, 0xbc, 0xce, 0xff, 0xbc, 0xce, 0xff,
  0xbc, 0xce, 0xff, 0xbc, 0xce, 0xff, 0xbc, 0xce, 0xff, 0xbc, 0xce, 0xff, 0xbc, 0xce, 0xff, 0xbc, 0xce, 0xff, 0xbc, 0xce, 0xff, 0xbc, 0xce, 0xff,
  0xbc, 0xce, 0xff, 0xbc, 0xce, 0xff, 0xbc, 0xce, 0xff, 0xbc, 0xce, 0xff, 0xbc, 0xce, 0xff, 0xbc, 0xce, 0xff, 0xbc, 0xce, 0xff, 0xbc, 0xce, 0xff,
  0xbc, 0xce, 0xff, 0xbc, 0xce, 0xff, 0xbc, 0xce, 0xff, 0xbc, 0xce, 0xfd, 0x1d, 0xd7, 0xff, 0xdc, 0xce, 0x44, 0x00, 0x00, 0x00, 0xff, 0xaf, 0x03,
  0x00, 0x00, 0x00, 0x00, 0x00, 0x00, 0x00, 0x00, 0x00, 0x00, 0x00, 0x00, 0x00, 0x00, 0x00, 0x00, 0x00, 0x00, 0x00, 0x00, 0x00, 0x00, 0x00, 0x00,
  0x00, 0x00, 0x00, 0x00, 0x00, 0x00, 0x00, 0x00, 0x00, 0x00, 0x00, 0x00, 0x00, 0x00, 0x00, 0x00, 0x00, 0x00, 0x00, 0x00, 0x00, 0x00, 0x00, 0x00,
  0xff, 0xff, 0x01, 0xff, 0xff, 0x01, 0xbc, 0xc6, 0x12, 0xdc, 0xce, 0xca, 0x3e, 0xdf, 0xff, 0xbc, 0xce, 0xfa, 0xbc, 0xce, 0xfc, 0xbc, 0xce, 0xfe,
  0xbc, 0xce, 0xff, 0xbc, 0xce, 0xff, 0xbc, 0xce, 0xff, 0xbc, 0xce, 0xff, 0xbc, 0xce, 0xff, 0xbc, 0xce, 0xff, 0xbc, 0xce, 0xff, 0xbc, 0xce, 0xff,
  0xbc, 0xce, 0xff, 0xbc, 0xce, 0xff, 0xbc, 0xce, 0xff, 0xbc, 0xce, 0xff, 0xbc, 0xce, 0xff, 0xbc, 0xce, 0xff, 0xbc, 0xce, 0xff, 0xbc, 0xce, 0xff,
  0xbc, 0xce, 0xff, 0xbc, 0xce, 0xff, 0xbc, 0xce, 0xff, 0xbc, 0xce, 0xff, 0xbc, 0xce, 0xff, 0xbc, 0xce, 0xff, 0xbc, 0xce, 0xff, 0xbc, 0xce, 0xfd,
  0xfd, 0xd6, 0xff, 0xdc, 0xce, 0x42, 0xff, 0xff, 0x02, 0xff, 0xaf, 0x03, 0x00, 0x00, 0x00, 0x00, 0x00, 0x00, 0x00, 0x00, 0x00, 0x00, 0x00, 0x00,
  0x00, 0x00, 0x00, 0x00, 0x00, 0x00, 0x00, 0x00, 0x00, 0x00, 0x00, 0x00, 0x00, 0x00, 0x00, 0x00, 0x00, 0x00, 0x00, 0x00, 0x00, 0x00, 0x00, 0x00,
  0x00, 0x00, 0x00, 0x00, 0x00, 0x00, 0x00, 0x00, 0x00, 0xff, 0xff, 0x01, 0xff, 0xff, 0x02, 0xba, 0xd6, 0x06, 0xbc, 0xce, 0xc7, 0x3e, 0xdf, 0xff,
  0xbb, 0xce, 0xfa, 0xbc, 0xce, 0xff, 0xbc, 0xce, 0xff, 0xbc, 0xce, 0xff, 0xbc, 0xce, 0xff, 0xbc, 0xce, 0xff, 0xbc, 0xce, 0xff, 0xbc, 0xce, 0xff,
  0xbc, 0xce, 0xff, 0xbc, 0xce, 0xff, 0xbc, 0xce, 0xff, 0xbc, 0xce, 0xff, 0xbc, 0xce, 0xff, 0xbc, 0xce, 0xff, 0xbc, 0xce, 0xff, 0xbc, 0xce, 0xff,
  0xbc, 0xce, 0xff, 0xbc, 0xce, 0xff, 0xbc, 0xce, 0xff, 0xbc, 0xce, 0xff, 0xbc, 0xce, 0xff, 0xbc, 0xce, 0xff, 0xbc, 0xce, 0xff, 0xbc, 0xce, 0xff,
  0xbc, 0xce, 0xff, 0xbc, 0xce, 0xff, 0xbc, 0xce, 0xff, 0xbc, 0xce, 0xfd, 0x1d, 0xd7, 0xff, 0xbb, 0xce, 0x36, 0x00, 0x00, 0x00, 0xff, 0xcf, 0x05,
  0x00, 0x00, 0x00, 0x00, 0x00, 0x00, 0x00, 0x00, 0x00, 0x00, 0x00, 0x00, 0x00, 0x00, 0x00, 0x00, 0x00, 0x00, 0x00, 0x00, 0x00, 0x00, 0x00, 0x00,
  0x00, 0x00, 0x00, 0x00, 0x00, 0x00, 0x00, 0x00, 0x00, 0x00, 0x00, 0x00, 0x00, 0x00, 0x00, 0x00, 0x00, 0x00, 0x00, 0x00, 0x00, 0xff, 0xff, 0x03,
  0x00, 0x00, 0x00, 0xbb, 0xce, 0x7a, 0x3e, 0xdf, 0xff, 0xbb, 0xce, 0xfa, 0xbc, 0xce, 0xff, 0xbc, 0xce, 0xff, 0xbc, 0xce, 0xff, 0xbc, 0xce, 0xff,
  0xbc, 0xce, 0xff, 0xbc, 0xce, 0xff, 0xbc, 0xce, 0xff, 0xbc, 0xce, 0xff, 0xbc, 0xce, 0xff, 0xbc, 0xce, 0xff, 0xbc, 0xce, 0xff, 0xbc, 0xce, 0xff,
  0xbc, 0xce, 0xff, 0xbc, 0xce, 0xff, 0xbc, 0xce, 0xff, 0xbc, 0xce, 0xff, 0xbc, 0xce, 0xff, 0xbc, 0xce, 0xff, 0xbc, 0xce, 0xff, 0xbc, 0xce, 0xff,
  0xbc, 0xce, 0xff, 0xbc, 0xce, 0xff, 0xbc, 0xce, 0xff, 0xbc, 0xce, 0xff, 0xbc, 0xce, 0xff, 0xbc, 0xce, 0xff, 0xbc, 0xce, 0xff, 0xbc, 0xce, 0xfe,
  0xdc, 0xd6, 0xfd, 0xfd, 0xd6, 0xbf, 0x9b, 0xc6, 0x31, 0x00, 0x00, 0x00, 0xff, 0xaf, 0x03, 0x00, 0x00, 0x00, 0x00, 0x00, 0x00, 0x00, 0x00, 0x00,
  0x00, 0x00, 0x00, 0x00, 0x00, 0x00, 0x00, 0x00, 0x00, 0x00, 0x00, 0x00, 0x00, 0x00, 0x00, 0x00, 0x00, 0x00, 0x00, 0x00, 0x00, 0x00, 0x00, 0x00,
  0x00, 0x00, 0x00, 0x00, 0x00, 0x00, 0xff, 0xff, 0x01, 0xff, 0xff, 0x01, 0xbd, 0xd6, 0x0c, 0xbc, 0xce, 0xde, 0xfd, 0xd6, 0xfd, 0xbc, 0xce, 0xfd,
  0xbc, 0xce, 0xff, 0xbc, 0xce, 0xff, 0xbc, 0xce, 0xff, 0xbc, 0xce, 0xff, 0xbc, 0xce, 0xff, 0xbc, 0xce, 0xff, 0xbc, 0xce, 0xff, 0xbc, 0xce, 0xff,
  0xbc, 0xce, 0xff, 0xbc, 0xce, 0xff, 0xbc, 0xce, 0xff, 0xbc, 0xce, 0xff, 0xbc, 0xce, 0xff, 0xbc, 0xce, 0xff, 0xbc, 0xce, 0xff, 0xbc, 0xce, 0xff,
  0xbc, 0xce, 0xff, 0xbc, 0xce, 0xff, 0xbc, 0xce, 0xff, 0xbc, 0xce, 0xff, 0xbc, 0xce, 0xff, 0xbc, 0xce, 0xff, 0xbc, 0xce, 0xff, 0xbc, 0xce, 0xff,
  0xbc, 0xce, 0xff, 0xbc, 0xce, 0xff, 0xbc, 0xce, 0xff, 0xbc, 0xce, 0xff, 0x9b, 0xce, 0xfe, 0x1d, 0xdf, 0xff, 0xfd, 0xd6, 0xee, 0x7b, 0xc6, 0x35,
  0x00, 0x00, 0x00, 0xff, 0xff, 0x02, 0x00, 0x00, 0x00, 0x00, 0x00, 0x00, 0x00, 0x00, 0x00, 0x00, 0x00, 0x00, 0x00, 0x00, 0x00, 0x00, 0x00, 0x00,
  0x00, 0x00, 0x00, 0x00, 0x00, 0x00, 0x00, 0x00, 0x00, 0x00, 0x00, 0x00, 0x00, 0x00, 0x00, 0x00, 0x00, 0x00, 0xff, 0xaf, 0x03, 0x00, 0x00, 0x00,
  0xdc, 0xce, 0x3c, 0xfd, 0xd6, 0xff, 0xbc, 0xce, 0xfd, 0xbc, 0xce, 0xff, 0xbc, 0xce, 0xff, 0xbc, 0xce, 0xff, 0xbc, 0xce, 0xff, 0xbc, 0xce, 0xff,
  0xbc, 0xce, 0xff, 0xbc, 0xce, 0xff, 0xbc, 0xce, 0xff, 0xbc, 0xce, 0xff, 0xbc, 0xce, 0xff, 0xbc, 0xce, 0xff, 0xbc, 0xce, 0xff, 0xbc, 0xce, 0xff,
  0xbc, 0xce, 0xff, 0xbc, 0xce, 0xff, 0xbc, 0xce, 0xff, 0xbc, 0xce, 0xff, 0xbc, 0xce, 0xff, 0xbc, 0xce, 0xff, 0xbc, 0xce, 0xff, 0xbc, 0xce, 0xff,
  0xbc, 0xce, 0xff, 0xbc, 0xce, 0xff, 0xbc, 0xce, 0xff, 0xbc, 0xce, 0xff, 0xbc, 0xce, 0xff, 0xbc, 0xce, 0xff, 0xbc, 0xce, 0xff, 0xbc, 0xce, 0xff,
  0xbc, 0xce, 0xff, 0xbb, 0xce, 0xfb, 0xfd, 0xd6, 0xff, 0xdc, 0xce, 0xee, 0xdd, 0xce, 0x23, 0xff, 0xff, 0x01, 0xff, 0x7f, 0x02, 0x00, 0x00, 0x00,
  0x00, 0x00, 0x00, 0x00, 0x00, 0x00, 0x00, 0x00, 0x00, 0x00, 0x00, 0x00, 0x00, 0x00, 0x00, 0x00, 0x00, 0x00, 0x00, 0x00, 0x00, 0x00, 0x00, 0x00,
  0x00, 0x00, 0x00, 0x00, 0x00, 0x00, 0xff, 0xbf, 0x04, 0x00, 0x00, 0x00, 0xbc, 0xce, 0x70, 0x1e, 0xdf, 0xfe, 0xbc, 0xce, 0xfb, 0xbc, 0xce, 0xff,
  0xbc, 0xce, 0xff, 0xbc, 0xce, 0xff, 0xbc, 0xce, 0xff, 0xbc, 0xce, 0xff, 0xbc, 0xce, 0xff, 0xbc, 0xce, 0xff, 0xbc, 0xce, 0xff, 0xbc, 0xce, 0xff,
  0xbc, 0xce, 0xff, 0xbc, 0xce, 0xff, 0xbc, 0xce, 0xff, 0xbc, 0xce, 0xff, 0xbc, 0xce, 0xff, 0xbc, 0xce, 0xff, 0xbc, 0xce, 0xff, 0xbc, 0xce, 0xff,
  0xbc, 0xce, 0xff, 0xbc, 0xce, 0xff, 0xbc, 0xce, 0xff, 0xbc, 0xce, 0xff, 0xbc, 0xce, 0xff, 0xbc, 0xce, 0xff, 0xbc, 0xce, 0xff, 0xbc, 0xce, 0xff,
  0xbc, 0xce, 0xff, 0xbc, 0xce, 0xff, 0xbc, 0xce, 0xff, 0xbc, 0xce, 0xff, 0xbc, 0xce, 0xff, 0xbc, 0xce, 0xff, 0xbb, 0xce, 0xfa, 0x3e, 0xdf, 0xff,
  0xbc, 0xce, 0xa1, 0x00, 0x00, 0x00, 0xff, 0xaf, 0x03, 0x00, 0x00, 0x00, 0x00, 0x00, 0x00, 0x00, 0x00, 0x00, 0x00, 0x00, 0x00, 0x00, 0x00, 0x00,
  0x00, 0x00, 0x00, 0x00, 0x00, 0x00, 0x00, 0x00, 0x00, 0x00, 0x00, 0x00, 0x00, 0x00, 0x00, 0x00, 0x00, 0x00, 0xff, 0xbf, 0x04, 0x00, 0x00, 0x00,
  0xbc, 0xce, 0x83, 0x3e, 0xdf, 0xff, 0xbc, 0xce, 0xfb, 0xbc, 0xce, 0xff, 0xbc, 0xce, 0xff, 0xbc, 0xce, 0xff, 0xbc, 0xce, 0xff, 0xbc, 0xce, 0xff,
  0xbc, 0xce, 0xff, 0xbc, 0xce, 0xff, 0xbc, 0xce, 0xff, 0xbc, 0xce, 0xff, 0xbc, 0xce, 0xff, 0xbc, 0xce, 0xff, 0xbc, 0xce, 0xff, 0xbc, 0xce, 0xff,
  0xbc, 0xce, 0xff, 0xbc, 0xce, 0xff, 0xbc, 0xce, 0xff, 0xbc, 0xce, 0xff, 0xbc, 0xce, 0xff, 0xbc, 0xce, 0xff, 0xbc, 0xce, 0xff, 0xbc, 0xce, 0xff,
  0xbc, 0xce, 0xff, 0xbc, 0xce, 0xff, 0xbc, 0xce, 0xff, 0xbc, 0xce, 0xff, 0xbc, 0xce, 0xff, 0xbc, 0xce, 0xff, 0xbc, 0xce, 0xff, 0xbc, 0xce, 0xff,
  0xbc, 0xce, 0xff, 0xbc, 0xce, 0xff, 0xbc, 0xce, 0xfe, 0xbc, 0xce, 0xfd, 0xdc, 0xce, 0xf8, 0xdc, 0xce, 0x23, 0x00, 0x00, 0x00, 0xff, 0x7f, 0x02,
  0x00, 0x00, 0x00, 0x00, 0x00, 0x00, 0x00, 0x00, 0x00, 0x00, 0x00, 0x00, 0x00, 0x00, 0x00, 0x00, 0x00, 0x00, 0x00, 0x00, 0x00, 0x00, 0x00, 0x00,
  0x00, 0x00, 0x00, 0x00, 0x00, 0x00, 0xff, 0xbf, 0x04, 0xff, 0x7b, 0x02, 0x9b, 0xce, 0x7f, 0x3e, 0xdf, 0xff, 0xbc, 0xce, 0xfb, 0xbc, 0xce, 0xff,
  0xbc, 0xce, 0xff, 0xbc, 0xce, 0xff, 0xbc, 0xce, 0xff, 0xbc, 0xce, 0xff, 0xbc, 0xce, 0xff, 0xbc, 0xce, 0xff, 0xbc, 0xce, 0xff, 0xbc, 0xce, 0xff,
  0xbc, 0xce, 0xff, 0xbc, 0xce, 0xff, 0xbc, 0xce, 0xff, 0xbc, 0xce, 0xff, 0xbc, 0xce, 0xff, 0xbc, 0xce, 0xff, 0xbc, 0xce, 0xff, 0xbc, 0xce, 0xff,
  0xbc, 0xce, 0xff, 0xbc, 0xce, 0xff, 0xbc, 0xce, 0xff, 0xbc, 0xce, 0xff, 0xbc, 0xce, 0xff, 0xbc, 0xce, 0xff, 0xbc, 0xce, 0xff, 0xbc, 0xce, 0xff,
  0xbc, 0xce, 0xff, 0xbc, 0xce, 0xff, 0xbc, 0xce, 0xff, 0xbc, 0xce, 0xff, 0xbc, 0xce, 0xff, 0xbc, 0xce, 0xff, 0xbc, 0xce, 0xff, 0x9b, 0xce, 0xfc,
  0x1e, 0xdf, 0xff, 0xbc, 0xce, 0x64, 0x00, 0x00, 0x00, 0xff, 0xbf, 0x04, 0x00, 0x00, 0x00, 0x00, 0x00, 0x00, 0x00, 0x00, 0x00, 0x00, 0x00, 0x00,
  0x00, 0x00, 0x00, 0x00, 0x00, 0x00, 0x00, 0x00, 0x00, 0x00, 0x00, 0x00, 0x00, 0x00, 0x00, 0x00, 0x00, 0x00, 0xff, 0xbf, 0x04, 0x00, 0x00, 0x00,
  0xf9, 0xb5, 0x81, 0x3e, 0xdf, 0xff, 0xbc, 0xce, 0xfb, 0xbc, 0xce, 0xff, 0xbc, 0xce, 0xff, 0xbc, 0xce, 0xff, 0xbc, 0xce, 0xff, 0xbc, 0xce, 0xff,
  0xbc, 0xce, 0xff, 0xbc, 0xce, 0xff, 0xbc, 0xce, 0xff, 0xbc, 0xce, 0xff, 0xbc, 0xce, 0xff, 0xbc, 0xce, 0xff, 0xbc, 0xce, 0xff, 0xbc, 0xce, 0xff,
  0xbc, 0xce, 0xff, 0xbc, 0xce, 0xff, 0xbc, 0xce, 0xff, 0xbc, 0xce, 0xff, 0xbc, 0xce, 0xff, 0xbc, 0xce, 0xff, 0xbc, 0xce, 0xff, 0xbc, 0xce, 0xff,
  0xbc, 0xce, 0xff, 0xbc, 0xce, 0xff, 0xbc, 0xce, 0xff, 0xbc, 0xce, 0xff, 0xbc, 0xce, 0xff, 0xbc, 0xce, 0xff, 0xbc, 0xce, 0xff, 0xbc, 0xce, 0xff,
  0xbc, 0xce, 0xff, 0xbc, 0xce, 0xff, 0xbc, 0xce, 0xff, 0xbc, 0xce, 0xfb, 0x3e, 0xdf, 0xfe, 0xbc, 0xce, 0x84, 0x00, 0x00, 0x00, 0xff, 0xbf, 0x04,
  0x00, 0x00, 0x00, 0x00, 0x00, 0x00, 0x00, 0x00, 0x00, 0x00, 0x00, 0x00, 0x00, 0x00, 0x00, 0x00, 0x00, 0x00, 0x00, 0x00, 0x00, 0x00, 0x00, 0x00,
  0x00, 0x00, 0x00, 0xff, 0xff, 0x02, 0x00, 0x00, 0x00, 0xdc, 0xce, 0x2e, 0xfd, 0xd6, 0xe6, 0xdc, 0xce, 0xfd, 0xbc, 0xce, 0xfe, 0xbc, 0xce, 0xff,
  0xbc, 0xce, 0xff, 0xbc, 0xce, 0xff, 0xbc, 0xce, 0xff, 0xbc, 0xce, 0xff, 0xbc, 0xce, 0xff, 0xbc, 0xce, 0xff, 0xbc, 0xce, 0xff, 0xbc, 0xce, 0xff,
  0xbc, 0xce, 0xff, 0xbc, 0xce, 0xff, 0xbc, 0xce, 0xff, 0xbc, 0xce, 0xff, 0xbc, 0xce, 0xff, 0xbc, 0xce, 0xff, 0xbc, 0xce, 0xff, 0xbc, 0xce, 0xff,
  0xbc, 0xce, 0xff, 0xbc, 0xce, 0xff, 0xbc, 0xce, 0xff, 0xbc, 0xce, 0xff, 0xbc, 0xce, 0xff, 0xbc, 0xce, 0xff, 0xbc, 0xce, 0xff, 0xbc, 0xce, 0xff,
  0xbc, 0xce, 0xff, 0xbc, 0xce, 0xff, 0xbc, 0xce, 0xff, 0xbc, 0xce, 0xff, 0xbc, 0xce, 0xff, 0xbc, 0xce, 0xff, 0xbc, 0xce, 0xff, 0xbc, 0xce, 0xfb,
  0x3e, 0xdf, 0xff, 0xbc, 0xce, 0x80, 0x00, 0x00, 0x00, 0xff, 0xbf, 0x04, 0x00, 0x00, 0x00, 0x00, 0x00, 0x00, 0x00, 0x00, 0x00, 0x00, 0x00, 0x00,
  0x00, 0x00, 0x00, 0x00, 0x00, 0x00, 0x00, 0x00, 0x00, 0x00, 0x00, 0x00, 0xff, 0x07, 0x01, 0xff, 0x7f, 0x02, 0x1c, 0xc7, 0x09, 0xbc, 0xce, 0xcf,
  0x1d, 0xdf, 0xff, 0x9b, 0xce, 0xfd, 0xbc, 0xce, 0xff, 0xbc, 0xce, 0xff, 0xbc, 0xce, 0xff, 0xbc, 0xce, 0xff, 0xbc, 0xce, 0xff, 0xbc, 0xce, 0xff,
  0xbc, 0xce, 0xff, 0xbc, 0xce, 0xff, 0xbc, 0xce, 0xff, 0xbc, 0xce, 0xff, 0xbc, 0xce, 0xff, 0xbc, 0xce, 0xff, 0xbc, 0xce, 0xff, 0xbc, 0xce, 0xff,
  0xbc, 0xce, 0xff, 0xbc, 0xce, 0xff, 0xbc, 0xce, 0xff, 0xbc, 0xce, 0xff, 0xbc, 0xce, 0xff, 0xbc, 0xce, 0xff, 0xbc, 0xce, 0xff, 0xbc, 0xce, 0xff,
  0xbc, 0xce, 0xff, 0xbc, 0xce, 0xff, 0xbc, 0xce, 0xff, 0xbc, 0xce, 0xff, 0xbc, 0xce, 0xff, 0xbc, 0xce, 0xff, 0xbc, 0xce, 0xff, 0xbc, 0xce, 0xff,
  0xbc, 0xce, 0xff, 0xbc, 0xce, 0xff, 0xbc, 0xce, 0xff, 0xbc, 0xce, 0xfb, 0x3e, 0xdf, 0xff, 0x5b, 0xbe, 0x7d, 0x00, 0x00, 0x00, 0xff, 0xbf, 0x04,
  0x00, 0x00, 0x00, 0x00, 0x00, 0x00, 0x00, 0x00, 0x00, 0x00, 0x00, 0x00, 0x00, 0x00, 0x00, 0x00, 0x00, 0x00, 0x00, 0x00, 0x00, 0x00, 0x00, 0x00,
  0xff, 0xaf, 0x03, 0x00, 0x00, 0x00, 0xbc, 0xce, 0x4b, 0x3e, 0xdf, 0xff, 0xbc, 0xce, 0xfb, 0xbc, 0xce, 0xff, 0xbc, 0xce, 0xff, 0xbc, 0xce, 0xff,
  0xbc, 0xce, 0xff, 0xbc, 0xce, 0xff, 0xbc, 0xce, 0xff, 0xbc, 0xce, 0xff, 0xbc, 0xce, 0xff, 0xbc, 0xce, 0xff, 0xbc, 0xce, 0xff, 0xbc, 0xce, 0xff,
  0xbc, 0xce, 0xff, 0xbc, 0xce, 0xff, 0xbc, 0xce, 0xff, 0xbc, 0xce, 0xff, 0xbc, 0xce, 0xff, 0xbc, 0xce, 0xff, 0xbc, 0xce, 0xff, 0xbc, 0xce, 0xff,
  0xbc, 0xce, 0xff, 0xbc, 0xce, 0xff, 0xbc, 0xce, 0xff, 0xbc, 0xce, 0xff, 0xbc, 0xce, 0xff, 0xbc, 0xce, 0xff, 0xbc, 0xce, 0xff, 0xbc, 0xce, 0xff,
  0xbc, 0xce, 0xff, 0xbc, 0xce, 0xff, 0xbc, 0xce, 0xff, 0xbc, 0xce, 0xff, 0xbc, 0xce, 0xff, 0xbc, 0xce, 0xff, 0xbc, 0xce, 0xff, 0xbc, 0xce, 0xfb,
  0x3e, 0xdf, 0xff, 0x9b, 0xce, 0x8c, 0x00, 0x00, 0x00, 0xff, 0xbd, 0x04, 0x00, 0x00, 0x00, 0x00, 0x00, 0x00, 0x00, 0x00, 0x00, 0x00, 0x00, 0x00,
  0x00, 0x00, 0x00, 0x00, 0x00, 0x00, 0x00, 0x00, 0x00, 0x00, 0x00, 0x00, 0xff, 0xff, 0x03, 0x00, 0x00, 0x00, 0xbc, 0xce, 0xa2, 0x1d, 0xd7, 0xfe,
  0xbc, 0xce, 0xfb, 0xbc, 0xce, 0xff, 0xbc, 0xce, 0xff, 0xbc, 0xce, 0xff, 0xbc, 0xce, 0xff, 0xbc, 0xce, 0xff, 0xbc, 0xce, 0xff, 0xbc, 0xce, 0xff,
  0xbc, 0xce, 0xff, 0xbc, 0xce, 0xff, 0xbc, 0xce, 0xff, 0xbc, 0xce, 0xff, 0xbc, 0xce, 0xff, 0xbc, 0xce, 0xff, 0xbc, 0xce, 0xff, 0xbc, 0xce, 0xff,
  0xbc, 0xce, 0xff, 0xbc, 0xce, 0xff, 0xbc, 0xce, 0xff, 0xbc, 0xce, 0xff, 0xbc, 0xce, 0xff, 0xbc, 0xce, 0xff, 0xbc, 0xce, 0xff, 0xbc, 0xce, 0xff,
  0xbc, 0xce, 0xff, 0xbc, 0xce, 0xff, 0xbc, 0xce, 0xff, 0xbc, 0xce, 0xff, 0xbc, 0xce, 0xff, 0xbc, 0xce, 0xff, 0xbc, 0xce, 0xff, 0xbc, 0xce, 0xff,
  0xbc, 0xce, 0xff, 0xbc, 0xce, 0xff, 0xbc, 0xce, 0xff, 0xbc, 0xce, 0xfd, 0xfd, 0xd6, 0xff, 0xbc, 0xce, 0xd9, 0x38, 0xae, 0x09, 0xff, 0xff, 0x01,
  0xff, 0xff, 0x01, 0x00, 0x00, 0x00, 0x00, 0x00, 0x00, 0x00, 0x00, 0x00, 0x00, 0x00, 0x00, 0x00, 0x00, 0x00, 0x00, 0x00, 0x00, 0x00, 0x00, 0x00,
  0xff, 0xff, 0x02, 0x00, 0x00, 0x00, 0x9b, 0xce, 0xc2, 0xfd, 0xd6, 0xff, 0xbc, 0xce, 0xfc, 0xbc, 0xce, 0xff, 0xbc, 0xce, 0xff, 0xbc, 0xce, 0xff,
  0xbc, 0xce, 0xff, 0xbc, 0xce, 0xff, 0xbc, 0xce, 0xff, 0xbc, 0xce, 0xff, 0xbc, 0xce, 0xff, 0xbc, 0xce, 0xff, 0xbc, 0xce, 0xff, 0xbc, 0xce, 0xff,
  0xbc, 0xce, 0xff, 0xbc, 0xce, 0xff, 0xbc, 0xce, 0xff, 0xbc, 0xce, 0xff, 0xbc, 0xce, 0xff, 0xbc, 0xce, 0xff, 0xbc, 0xce, 0xff, 0xbc, 0xce, 0xff,
  0xbc, 0xce, 0xff, 0xbc, 0xce, 0xff, 0xbc, 0xce, 0xff, 0xbc, 0xce, 0xff, 0xbc, 0xce, 0xff, 0xbc, 0xce, 0xff, 0xbc, 0xce, 0xff, 0xbc, 0xce, 0xff,
  0xbc, 0xce, 0xff, 0xbc, 0xce, 0xff, 0xbc, 0xce, 0xff, 0xbc, 0xce, 0xff, 0xbc, 0xce, 0xff, 0xbc, 0xce, 0xff, 0xbc, 0xce, 0xff, 0xbc, 0xce, 0xfe,
  0xdc, 0xce, 0xff, 0xbc, 0xce, 0xf1, 0xbc, 0xc6, 0x12, 0x00, 0x00, 0x00, 0xff, 0xff, 0x01, 0x00, 0x00, 0x00, 0x00, 0x00, 0x00, 0x00, 0x00, 0x00,
  0x00, 0x00, 0x00, 0x00, 0x00, 0x00, 0x00, 0x00, 0x00, 0x00, 0x00, 0x00, 0xff, 0xff, 0x02, 0x00, 0x00, 0x00, 0xbc, 0xce, 0xbc, 0x1d, 0xd7, 0xff,
  0xbc, 0xce, 0xfc, 0xbc, 0xce, 0xff, 0xbc, 0xce, 0xff, 0xbc, 0xce, 0xff, 0xbc, 0xce, 0xff, 0xbc, 0xce, 0xff, 0xbc, 0xce, 0xff, 0xbc, 0xce, 0xff,
  0xbc, 0xce, 0xff, 0xbc, 0xce, 0xff, 0xbc, 0xce, 0xff, 0xbc, 0xce, 0xff, 0xbc, 0xce, 0xff, 0xbc, 0xce, 0xff, 0xbc, 0xce, 0xff, 0xbc, 0xce, 0xff,
  0xbc, 0xce, 0xff, 0xbc, 0xce, 0xff, 0xbc, 0xce, 0xff, 0xbc, 0xce, 0xff, 0xbc, 0xce, 0xff, 0xbc, 0xce, 0xff, 0xbc, 0xce, 0xff, 0xbc, 0xce, 0xff,
  0xbc, 0xce, 0xff, 0xbc, 0xce, 0xff, 0xbc, 0xce, 0xff, 0xbc, 0xce, 0xff, 0xbc, 0xce, 0xff, 0xbc, 0xce, 0xff, 0xbc, 0xce, 0xff, 0xbc, 0xce, 0xff,
  0xbc, 0xce, 0xff, 0xbc, 0xce, 0xff, 0xbc, 0xce, 0xff, 0xbc, 0xce, 0xfe, 0xdc, 0xce, 0xff, 0xbc, 0xce, 0xec, 0xfd, 0xce, 0x10, 0x00, 0x00, 0x00,
  0xff, 0xff, 0x01, 0x00, 0x00, 0x00, 0x00, 0x00, 0x00, 0x00, 0x00, 0x00, 0x00, 0x00, 0x00, 0x00, 0x00, 0x00, 0x00, 0x00, 0x00, 0x00, 0x00, 0x00,
  0xff, 0xff, 0x02, 0x00, 0x00, 0x00, 0x3a, 0xbe, 0xc1, 0x1d, 0xd7, 0xff, 0xbc, 0xce, 0xfc, 0xbc, 0xce, 0xff, 0xbc, 0xce, 0xff, 0xbc, 0xce, 0xff,
  0xbc, 0xce, 0xff, 0xbc, 0xce, 0xff, 0xbc, 0xce, 0xff, 0xbc, 0xce, 0xff, 0xbc, 0xce, 0xff, 0xbc, 0xce, 0xff, 0xbc, 0xce, 0xff, 0xbc, 0xce, 0xff,
  0xbc, 0xce, 0xff, 0xbc, 0xce, 0xff, 0xbc, 0xce, 0xff, 0xbc, 0xce, 0xff, 0xbc, 0xce, 0xff, 0xbc, 0xce, 0xff, 0xbc, 0xce, 0xff, 0xbc, 0xce, 0xff,
  0xbc, 0xce, 0xff, 0xbc, 0xce, 0xff, 0xbc, 0xce, 0xff, 0xbc, 0xce, 0xff, 0xbc, 0xce, 0xff, 0xbc, 0xce, 0xff, 0xbc, 0xce, 0xff, 0xbc, 0xce, 0xff,
  0xbc, 0xce, 0xff, 0xbc, 0xce, 0xff, 0xbc, 0xce, 0xff, 0xbc, 0xce, 0xff, 0xbc, 0xce, 0xff, 0xbc, 0xce, 0xff, 0xbc, 0xce, 0xff, 0xbc, 0xce, 0xfe,
  0xdc, 0xce, 0xff, 0x7b, 0xc6, 0xf0, 0x75, 0x7c, 0x12, 0x00, 0x00, 0x00, 0xff, 0xff, 0x01, 0x00, 0x00, 0x00, 0x00, 0x00, 0x00, 0x00, 0x00, 0x00,
  0x00, 0x00, 0x00, 0x00, 0x00, 0x00, 0x00, 0x00, 0x00, 0x00, 0x00, 0x00, 0xff, 0xff, 0x03, 0x00, 0x00, 0x00, 0xb8, 0xa5, 0xa4, 0x1d, 0xd7, 0xfe,
  0xbc, 0xce, 0xfb, 0xbc, 0xce, 0xff, 0xbc, 0xce, 0xff, 0xbc, 0xce, 0xff, 0xbc, 0xce, 0xff, 0xbc, 0xce, 0xff, 0xbc, 0xce, 0xff, 0xbc, 0xce, 0xff,
  0xbc, 0xce, 0xff, 0xbc, 0xce, 0xff, 0xbc, 0xce, 0xff, 0xbc, 0xce, 0xff, 0xbc, 0xce, 0xff, 0xbc, 0xce, 0xff, 0xbc, 0xce, 0xff, 0xbc, 0xce, 0xff,
  0xbc, 0xce, 0xff, 0xbc, 0xce, 0xff, 0xbc, 0xce, 0xff, 0xbc, 0xce, 0xff, 0xbc, 0xce, 0xff, 0xbc, 0xce, 0xff, 0xbc, 0xce, 0xff, 0xbc, 0xce, 0xff,
  0xbc, 0xce, 0xff, 0xbc, 0xce, 0xff, 0xbc, 0xce, 0xff, 0xbc, 0xce, 0xff, 0xbc, 0xce, 0xff, 0xbc, 0xce, 0xff, 0xbc, 0xce, 0xff, 0xbc, 0xce, 0xff,
  0xbc, 0xce, 0xff, 0xbc, 0xce, 0xff, 0xbc, 0xce, 0xff, 0x9b, 0xce, 0xfd, 0xfd, 0xd6, 0xfe, 0xf9, 0xb5, 0xdb, 0xae, 0x3a, 0x09, 0xff, 0xff, 0x01,
  0xff, 0xff, 0x01, 0x00, 0x00, 0x00, 0x00, 0x00, 0x00, 0x00, 0x00, 0x00, 0x00, 0x00, 0x00, 0x00, 0x00, 0x00, 0x00, 0x00, 0x00, 0x00, 0x00, 0x00,
  0xf7, 0xbd, 0x04, 0x00, 0x00, 0x00, 0xd6, 0x8c, 0x5a, 0x7c, 0xc6, 0xff, 0xdc, 0xd6, 0xfb, 0xbc, 0xce, 0xff, 0xbc, 0xce, 0xff, 0xbc, 0xce, 0xff,
  0xbc, 0xce, 0xff, 0xbc, 0xce, 0xff, 0xbc, 0xce, 0xff, 0xbc, 0xce, 0xff, 0xbc, 0xce, 0xff, 0xbc, 0xce, 0xff, 0xbc, 0xce, 0xff, 0xbc, 0xce, 0xff,
  0xbc, 0xce, 0xff, 0xbc, 0xce, 0xff, 0xbc, 0xce, 0xff, 0xbc, 0xce, 0xff, 0xbc, 0xce, 0xff, 0xbc, 0xce, 0xff, 0xbc, 0xce, 0xff, 0xbc, 0xce, 0xff,
  0xbc, 0xce, 0xff, 0xbc, 0xce, 0xff, 0xbc, 0xce, 0xff, 0xbc, 0xce, 0xff, 0xbc, 0xce, 0xff, 0xbc, 0xce, 0xff, 0xbc, 0xce, 0xff, 0xbc, 0xce, 0xff,
  0xbc, 0xce, 0xff, 0xbc, 0xce, 0xff, 0xbc, 0xce, 0xff, 0xbc, 0xce, 0xff, 0xbc, 0xce, 0xff, 0xbc, 0xce, 0xff, 0xbc, 0xce, 0xff, 0xbc, 0xce, 0xfb,
  0xdd, 0xce, 0xff, 0x37, 0x95, 0x9b, 0x00, 0x00, 0x00, 0xff, 0xff, 0x03, 0x00, 0x00, 0x00, 0x00, 0x00, 0x00, 0x00, 0x00, 0x00, 0x00, 0x00, 0x00,
  0x00, 0x00, 0x00, 0x00, 0x00, 0x00, 0x00, 0x00, 0x00, 0x00, 0x00, 0x00, 0x00, 0x00, 0x01, 0xff, 0xff, 0x01, 0xef, 0x5b, 0x08, 0x37, 0x95, 0xda,
  0xbc, 0xce, 0xff, 0xdc, 0xd6, 0xfb, 0xbc, 0xce, 0xff, 0xbc, 0xce, 0xff, 0xbc, 0xce, 0xff, 0xbc, 0xce, 0xff, 0xbc, 0xce, 0xff, 0xbc, 0xce, 0xff,
  0xbc, 0xce, 0xff, 0xbc, 0xce, 0xff, 0xbc, 0xce, 0xff, 0xbc, 0xce, 0xff, 0xbc, 0xce, 0xff, 0xbc, 0xce, 0xff, 0xbc, 0xce, 0xff, 0xbc, 0xce, 0xff,
  0xbc, 0xce, 0xff, 0xbc, 0xce, 0xff, 0xbc, 0xce, 0xff, 0xbc, 0xce, 0xff, 0xbc, 0xce, 0xff, 0xbc, 0xce, 0xff, 0xbc, 0xce, 0xff, 0xbc, 0xce, 0xff,
  0xbc, 0xce, 0xff, 0xbc, 0xce, 0xff, 0xbc, 0xce, 0xff, 0xbc, 0xce, 0xff, 0xbc, 0xce, 0xff, 0xbc, 0xce, 0xff, 0xbc, 0xce, 0xff, 0xbc, 0xce, 0xff,
  0xbc, 0xce, 0xff, 0xbc, 0xce, 0xff, 0xbc, 0xce, 0xfd, 0xbc, 0xce, 0xfd, 0x78, 0xa5, 0xfe, 0x95, 0x84, 0x28, 0x00, 0x00, 0x01, 0xff, 0xff, 0x02,
  0x00, 0x00, 0x00, 0x00, 0x00, 0x00, 0x00, 0x00, 0x00, 0x00, 0x00, 0x00, 0x00, 0x00, 0x00, 0x00, 0x00, 0x00, 0x00, 0x00, 0x00, 0x00, 0x00, 0x00,
  0x00, 0x00, 0x00, 0xff, 0x7f, 0x02, 0x00, 0x00, 0x00, 0xd6, 0x8c, 0x35, 0x57, 0x9d, 0xee, 0x5b, 0xbe, 0xff, 0xdc, 0xce, 0xfa, 0xdc, 0xce, 0xfd,
  0xbc, 0xce, 0xfe, 0xbc, 0xce, 0xfe, 0xbc, 0xce, 0xfe, 0xbc, 0xce, 0xfe, 0xbc, 0xce, 0xfe, 0xbc, 0xce, 0xfe, 0xbc, 0xce, 0xfe, 0xbc, 0xce, 0xfe,
  0xbc, 0xce, 0xfe, 0xbc, 0xce, 0xfe, 0xbc, 0xce, 0xfe, 0xbc, 0xce, 0xfe, 0xbc, 0xce, 0xfe, 0xbc, 0xce, 0xfe, 0xbc, 0xce, 0xfe, 0xbc, 0xce, 0xfe,
  0xbc, 0xce, 0xfe, 0xbc, 0xce, 0xfe, 0xbc, 0xce, 0xfe, 0xbc, 0xce, 0xfe, 0xbc, 0xce, 0xfe, 0xbc, 0xce, 0xfe, 0xbc, 0xce, 0xfe, 0xbc, 0xce, 0xfe,
  0xbc, 0xce, 0xfe, 0xbc, 0xce, 0xfe, 0xbc, 0xce, 0xfe, 0xbc, 0xce, 0xfe, 0xdc, 0xce, 0xfd, 0xdc, 0xce, 0xfb, 0x7b, 0xc6, 0xfe, 0xb9, 0xa5, 0xff,
  0xd6, 0x8c, 0x65, 0x00, 0x00, 0x00, 0xff, 0xff, 0x02, 0x00, 0x00, 0x00, 0x00, 0x00, 0x00, 0x00, 0x00, 0x00, 0x00, 0x00, 0x00, 0x00, 0x00, 0x00,
  0x00, 0x00, 0x00, 0x00, 0x00, 0x00, 0x00, 0x00, 0x00, 0x00, 0x00, 0x00, 0x00, 0x00, 0x00, 0x00, 0x00, 0x00, 0xff, 0xff, 0x02, 0x00, 0x00, 0x00,
  0xd6, 0x8c, 0x35, 0x37, 0x95, 0xe5, 0xd9, 0xad, 0xff, 0x3a, 0xbe, 0xff, 0x5b, 0xc6, 0xff, 0x5b, 0xbe, 0xff, 0x5b, 0xbe, 0xff, 0x5b, 0xbe, 0xff,
  0x5b, 0xbe, 0xff, 0x5b, 0xbe, 0xff, 0x5b, 0xbe, 0xff, 0x5b, 0xbe, 0xff, 0x5b, 0xbe, 0xff, 0x5b, 0xbe, 0xff, 0x5b, 0xbe, 0xff, 0x5b, 0xbe, 0xff,
  0x5b, 0xbe, 0xff, 0x5b, 0xbe, 0xff, 0x5b, 0xbe, 0xff, 0x5b, 0xbe, 0xff, 0x5b, 0xbe, 0xff, 0x5b, 0xbe, 0xff, 0x5b, 0xbe, 0xff, 0x5b, 0xbe, 0xff,
  0x5b, 0xbe, 0xff, 0x5b, 0xbe, 0xff, 0x5b, 0xbe, 0xff, 0x5b, 0xbe, 0xff, 0x5b, 0xbe, 0xff, 0x5b, 0xbe, 0xff, 0x5b, 0xbe, 0xff, 0x7b, 0xc6, 0xff,
  0x5b, 0xbe, 0xff, 0xfa, 0xad, 0xff, 0x57, 0x9d, 0xfa, 0xf6, 0x8c, 0x65, 0x00, 0x00, 0x00, 0x55, 0xad, 0x03, 0x00, 0x00, 0x00, 0x00, 0x00, 0x00,
  0x00, 0x00, 0x00, 0x00, 0x00, 0x00, 0x00, 0x00, 0x00, 0x00, 0x00, 0x00, 0x00, 0x00, 0x00, 0x00, 0x00, 0x00, 0x00, 0x00, 0x00, 0x00, 0x00, 0x00,
  0x00, 0x00, 0x00, 0x00, 0x00, 0x00, 0x00, 0x00, 0x00, 0x55, 0xad, 0x03, 0x00, 0x00, 0x00, 0x15, 0x8d, 0x16, 0x17, 0x95, 0x80, 0x17, 0x95, 0xc9,
  0x16, 0x95, 0xed, 0x16, 0x95, 0xee, 0x16, 0x95, 0xef, 0x16, 0x95, 0xee, 0x16, 0x95, 0xf0, 0x16, 0x95, 0xef, 0x16, 0x95, 0xee, 0x16, 0x95, 0xef,
  0x16, 0x95, 0xee, 0x16, 0x95, 0xee, 0x16, 0x95, 0xee, 0x16, 0x95, 0xee, 0x16, 0x95, 0xee, 0x16, 0x95, 0xee, 0x16, 0x95, 0xee, 0x16, 0x95, 0xee,
  0x16, 0x95, 0xee, 0x16, 0x95, 0xee, 0x16, 0x95, 0xee, 0x16, 0x95, 0xee, 0x16, 0x95, 0xee, 0x16, 0x95, 0xee, 0x16, 0x95, 0xef, 0x16, 0x95, 0xee,
  0x16, 0x95, 0xef, 0x16, 0x95, 0xf0, 0x16, 0x95, 0xee, 0x17, 0x95, 0xed, 0x37, 0x95, 0xd5, 0x17, 0x95, 0x9b, 0x16, 0x95, 0x2c, 0x00, 0x00, 0x00,
  0x55, 0xad, 0x03, 0x00, 0x00, 0x00, 0x00, 0x00, 0x00, 0x00, 0x00, 0x00, 0x00, 0x00, 0x00, 0x00, 0x00, 0x00, 0x00, 0x00, 0x00, 0x00, 0x00, 0x00,
  0x00, 0x00, 0x00, 0x00, 0x00, 0x00, 0x00, 0x00, 0x00, 0x00, 0x00, 0x00, 0x00, 0x00, 0x00, 0x00, 0x00, 0x00, 0x00, 0x00, 0x00, 0x00, 0x00, 0x00,
  0xef, 0x7b, 0x02, 0x00, 0x00, 0x00, 0x00, 0x00, 0x00, 0x00, 0x00, 0x00, 0xb8, 0xa5, 0x11, 0x77, 0x9d, 0x10, 0x77, 0x9d, 0x10, 0x38, 0x95, 0x11,
  0x51, 0xc5, 0x09, 0x77, 0x9d, 0x10, 0x36, 0x95, 0x11, 0x77, 0x9d, 0x10, 0x36, 0x95, 0x11, 0x36, 0x95, 0x11, 0x36, 0x95, 0x11, 0x36, 0x95, 0x11,
  0x36, 0x95, 0x11, 0x36, 0x95, 0x11, 0x36, 0x95, 0x11, 0x36, 0x95, 0x11, 0x36, 0x95, 0x11, 0x36, 0x95, 0x11, 0x36, 0x95, 0x11, 0x36, 0x95, 0x11,
  0x36, 0x95, 0x11, 0x36, 0x95, 0x11, 0x77, 0x9d, 0x10, 0x36, 0x95, 0x11, 0x77, 0x9d, 0x10, 0x51, 0xc5, 0x09, 0x38, 0x95, 0x11, 0xfb, 0xad, 0x10,
  0xff, 0xff, 0x03, 0x00, 0x00, 0x00, 0x00, 0x00, 0x00, 0xff, 0x7b, 0x02, 0x00, 0x00, 0x00, 0x00, 0x00, 0x00, 0x00, 0x00, 0x00, 0x00, 0x00, 0x00,
  0x00, 0x00, 0x00, 0x00, 0x00, 0x00, 0x00, 0x00, 0x00, 0x00, 0x00, 0x00, 0x00, 0x00, 0x00, 0x00, 0x00, 0x00, 0x00, 0x00, 0x00, 0x00, 0x00, 0x00,
  0x00, 0x00, 0x00, 0x00, 0x00, 0x00, 0x00, 0x00, 0x00, 0x00, 0x00, 0x00, 0x00, 0x00, 0x00, 0xff, 0xff, 0x01, 0xf7, 0x7b, 0x04, 0x00, 0x00, 0x01,
  0x00, 0x00, 0x00, 0x00, 0x00, 0x00, 0x00, 0x00, 0x00, 0x00, 0x00, 0x00, 0x1f, 0x5d, 0x42, 0x5f, 0x05, 0x03, 0x00, 0x00, 0x00, 0x00, 0x00, 0x00,
  0x00, 0x00, 0x00, 0x00, 0x00, 0x00, 0x00, 0x00, 0x00, 0x00, 0x00, 0x00, 0x00, 0x00, 0x00, 0x00, 0x00, 0x00, 0x00, 0x00, 0x00, 0x00, 0x00, 0x00,
  0x00, 0x00, 0x00, 0x00, 0x00, 0x00, 0x00, 0x00, 0x00, 0x00, 0x00, 0x00, 0x00, 0x00, 0x00, 0x00, 0x00, 0x00, 0x00, 0x00, 0x00, 0x00, 0x00, 0x00,
  0x5f, 0x05, 0x03, 0x1f, 0x5d, 0x42, 0x00, 0x00, 0x00, 0x00, 0x00, 0x00, 0x00, 0x00, 0x00, 0x55, 0xad, 0x03, 0xef, 0x7b, 0x02, 0x00, 0x00, 0x00,
  0x00, 0x00, 0x00, 0x00, 0x00, 0x00, 0x00, 0x00, 0x00, 0x00, 0x00, 0x00, 0x00, 0x00, 0x00, 0x00, 0x00, 0x00, 0x00, 0x00, 0x00, 0x00, 0x00, 0x00,
  0x00, 0x00, 0x00, 0x00, 0x00, 0x00, 0x00, 0x00, 0x00, 0x00, 0x00, 0x00, 0x00, 0x00, 0x00, 0x00, 0x00, 0x00, 0x00, 0x00, 0x00, 0x00, 0x00, 0x00,
  0x00, 0x00, 0x00, 0x00, 0x00, 0x00, 0x00, 0x00, 0x00, 0x00, 0x00, 0x00, 0xff, 0xff, 0x01, 0xff, 0x7f, 0x02, 0xff, 0x7b, 0x02, 0xfe, 0x64, 0x15,
  0x5f, 0x65, 0xf1, 0x3f, 0x65, 0x49, 0xff, 0x7b, 0x02, 0xff, 0x7d, 0x04, 0xff, 0xff, 0x01, 0xff, 0xff, 0x01, 0xff, 0xff, 0x01, 0xff, 0xff, 0x01,
  0xff, 0xff, 0x01, 0xff, 0xff, 0x01, 0xff, 0x7b, 0x02, 0xff, 0x7f, 0x02, 0xff, 0xff, 0x01, 0xff, 0xff, 0x01, 0xff, 0xff, 0x01, 0xff, 0xff, 0x01,
  0xff, 0xff, 0x01, 0xff, 0xff, 0x01, 0xff, 0x7d, 0x04, 0xff, 0x7b, 0x02, 0x3f, 0x65, 0x49, 0x5f, 0x65, 0xf1, 0xfe, 0x64, 0x15, 0xff, 0x7b, 0x02,
  0xff, 0x7b, 0x02, 0x00, 0x00, 0x00, 0x00, 0x00, 0x00, 0x00, 0x00, 0x00, 0x00, 0x00, 0x00, 0x00, 0x00, 0x00, 0x00, 0x00, 0x00, 0x00, 0x00, 0x00,
  0x00, 0x00, 0x00, 0x00, 0x00, 0x00, 0x00, 0x00, 0x00, 0x00, 0x00, 0x00, 0x00, 0x00, 0x00, 0x00, 0x00, 0x00, 0x00, 0x00, 0x00, 0x00, 0x00, 0x00,
  0x00, 0x00, 0x00, 0x00, 0x00, 0x00, 0x00, 0x00, 0x00, 0x00, 0x00, 0x00, 0x00, 0x00, 0x00, 0x00, 0x00, 0x00, 0x00, 0x00, 0x00, 0x00, 0x00, 0x00,
  0x00, 0x00, 0x00, 0xff, 0x7d, 0x04, 0x00, 0x00, 0x00, 0x3f, 0x65, 0x6f, 0xff, 0x6d, 0xff, 0x1f, 0x5d, 0xb0, 0x00, 0x00, 0x00, 0x5f, 0x55, 0x03,
  0x00, 0x00, 0x00, 0x00, 0x00, 0x00, 0x00, 0x00, 0x00, 0x00, 0x00, 0x00, 0x00, 0x00, 0x00, 0x00, 0x00, 0x00, 0x00, 0x00, 0x00, 0x00, 0x00, 0x00,
  0x00, 0x00, 0x00, 0x00, 0x00, 0x00, 0x00, 0x00, 0x00, 0x00, 0x00, 0x00, 0x00, 0x00, 0x00, 0x00, 0x00, 0x00, 0x5f, 0x55, 0x03, 0x00, 0x00, 0x00,
  0x1f, 0x5d, 0xb0, 0xff, 0x6d, 0xff, 0x3f, 0x65, 0x6f, 0x00, 0x00, 0x00, 0xff, 0x7d, 0x04, 0x00, 0x00, 0x00, 0x00, 0x00, 0x00, 0x00, 0x00, 0x00,
  0x00, 0x00, 0x00, 0x00, 0x00, 0x00, 0x00, 0x00, 0x00, 0x00, 0x00, 0x00, 0x00, 0x00, 0x00, 0x00, 0x00, 0x00, 0x00, 0x00, 0x00, 0x00, 0x00, 0x00,
  0x00, 0x00, 0x00, 0x00, 0x00, 0x00, 0x00, 0x00, 0x00, 0x00, 0x00, 0x00, 0x00, 0x00, 0x00, 0x00, 0x00, 0x00, 0x00, 0x00, 0x00, 0x00, 0x00, 0x00,
  0x00, 0x00, 0x00, 0x00, 0x00, 0x00, 0x00, 0x00, 0x00, 0x00, 0x00, 0x00, 0x1f, 0x00, 0x01, 0xff, 0xff, 0x01, 0x9b, 0x4c, 0x07, 0x3f, 0x5d, 0xd5,
  0x5f, 0x65, 0xfe, 0x5f, 0x65, 0xf4, 0x1f, 0x65, 0x27, 0x00, 0x00, 0x00, 0xff, 0x7f, 0x02, 0x00, 0x00, 0x00, 0x00, 0x00, 0x00, 0x00, 0x00, 0x00,
  0x1f, 0x00, 0x01, 0x00, 0x00, 0x00, 0x9f, 0x65, 0x0d, 0x5f, 0x5d, 0x18, 0x1f, 0x00, 0x01, 0xff, 0xff, 0x01, 0x00, 0x00, 0x00, 0x00, 0x00, 0x00,
  0x00, 0x00, 0x00, 0xff, 0x7f, 0x02, 0x00, 0x00, 0x00, 0x1f, 0x65, 0x27, 0x5f, 0x65, 0xf4, 0x5f, 0x65, 0xfe, 0x3f, 0x5d, 0xd5, 0x9b, 0x4c, 0x07,
  0xff, 0xff, 0x01, 0x1f, 0x00, 0x01, 0x00, 0x00, 0x00, 0x00, 0x00, 0x00, 0x00, 0x00, 0x00, 0x00, 0x00, 0x00, 0x00, 0x00, 0x00, 0x00, 0x00, 0x00,
  0x00, 0x00, 0x00, 0x00, 0x00, 0x00, 0x00, 0x00, 0x00, 0x00, 0x00, 0x00, 0x00, 0x00, 0x00, 0x00, 0x00, 0x00, 0x00, 0x00, 0x00, 0x00, 0x00, 0x00,
  0x00, 0x00, 0x00, 0x00, 0x00, 0x00, 0x00, 0x00, 0x00, 0x00, 0x00, 0x00, 0x00, 0x00, 0x00, 0x00, 0x00, 0x00, 0x00, 0x00, 0x00, 0x00, 0x00, 0x00,
  0x5f, 0x55, 0x03, 0x00, 0x00, 0x00, 0x1f, 0x65, 0x5f, 0x7f, 0x65, 0xff, 0x1f, 0x5d, 0xf9, 0x9f, 0x65, 0xff, 0x3f, 0x5d, 0x9e, 0x00, 0x00, 0x00,
  0x5f, 0x55, 0x03, 0x00, 0x00, 0x00, 0x00, 0x00, 0x00, 0x00, 0x00, 0x00, 0xff, 0x57, 0x03, 0x00, 0x00, 0x00, 0x1f, 0x5d, 0x70, 0x3f, 0x5d, 0xae,
  0x00, 0x00, 0x00, 0x5f, 0x55, 0x03, 0x00, 0x00, 0x00, 0x00, 0x00, 0x00, 0x00, 0x00, 0x00, 0x5f, 0x55, 0x03, 0x00, 0x00, 0x00, 0x3f, 0x5d, 0x9e,
  0x9f, 0x65, 0xff, 0x1f, 0x5d, 0xf9, 0x7f, 0x65, 0xff, 0x1f, 0x65, 0x5f, 0x00, 0x00, 0x00, 0x5f, 0x55, 0x03, 0x00, 0x00, 0x00, 0x00, 0x00, 0x00,
  0x00, 0x00, 0x00, 0x00, 0x00, 0x00, 0x00, 0x00, 0x00, 0x00, 0x00, 0x00, 0x00, 0x00, 0x00, 0x00, 0x00, 0x00, 0x00, 0x00, 0x00, 0x00, 0x00, 0x00,
  0x00, 0x00, 0x00, 0x00, 0x00, 0x00, 0x00, 0x00, 0x00, 0x00, 0x00, 0x00, 0x00, 0x00, 0x00, 0x00, 0x00, 0x00, 0x00, 0x00, 0x00, 0x00, 0x00, 0x00,
  0x00, 0x00, 0x00, 0x00, 0x00, 0x00, 0x00, 0x00, 0x00, 0x00, 0x00, 0x00, 0xff, 0x7d, 0x04, 0x00, 0x00, 0x00, 0x3f, 0x5d, 0x86, 0xbf, 0x6d, 0xff,
  0x1f, 0x5d, 0xf3, 0x7f, 0x65, 0xfe, 0x3f, 0x5d, 0xc6, 0x00, 0x00, 0x00, 0xff, 0x7f, 0x02, 0x00, 0x00, 0x00, 0x00, 0x00, 0x00, 0x00, 0x00, 0x00,
  0xff, 0xff, 0x01, 0xff, 0x3d, 0x04, 0x3f, 0x65, 0xd7, 0x5f, 0x65, 0xff, 0x3f, 0x5d, 0x20, 0xff, 0x07, 0x01, 0xff, 0x03, 0x02, 0x00, 0x00, 0x00,
  0x00, 0x00, 0x00, 0xff, 0x7f, 0x02, 0x00, 0x00, 0x00, 0x3f, 0x5d, 0xc6, 0x7f, 0x65, 0xfe, 0x1f, 0x5d, 0xf3, 0xbf, 0x6d, 0xff, 0x3f, 0x5d, 0x86,
  0x00, 0x00, 0x00, 0xff, 0x7d, 0x04, 0x00, 0x00, 0x00, 0x00, 0x00, 0x00, 0x00, 0x00, 0x00, 0x00, 0x00, 0x00, 0x00, 0x00, 0x00, 0x00, 0x00, 0x00,
  0x00, 0x00, 0x00, 0x00, 0x00, 0x00, 0x00, 0x00, 0x00, 0x00, 0x00, 0x00, 0x00, 0x00, 0x00, 0x00, 0x00, 0x00, 0x00, 0x00, 0x00, 0x00, 0x00, 0x00,
  0x00, 0x00, 0x00, 0x00, 0x00, 0x00, 0x00, 0x00, 0x00, 0x00, 0x00, 0x00, 0x00, 0x00, 0x00, 0x00, 0x00, 0x00, 0x00, 0x00, 0x00, 0x00, 0x00, 0x00,
  0xff, 0x7b, 0x02, 0xff, 0x07, 0x01, 0x1f, 0x65, 0x27, 0x5f, 0x65, 0xec, 0xbf, 0x6d, 0xff, 0x7f, 0x65, 0xff, 0x3f, 0x5d, 0x56, 0x00, 0x00, 0x00,
  0x5f, 0x55, 0x03, 0x00, 0x00, 0x00, 0x00, 0x00, 0x00, 0x5f, 0x55, 0x03, 0x00, 0x00, 0x00, 0x3f, 0x5d, 0x40, 0x5f, 0x65, 0xfd, 0x7f, 0x65, 0xff,
  0x1f, 0x5d, 0x80, 0x00, 0x00, 0x00, 0xff, 0xaf, 0x03, 0x00, 0x00, 0x00, 0x00, 0x00, 0x00, 0x5f, 0x55, 0x03, 0x00, 0x00, 0x00, 0x3f, 0x5d, 0x56,
  0x7f, 0x65, 0xff, 0xbf, 0x6d, 0xff, 0x5f, 0x65, 0xec, 0x1f, 0x65, 0x27, 0xff, 0x07, 0x01, 0xff, 0x7b, 0x02, 0x00, 0x00, 0x00, 0x00, 0x00, 0x00,
  0x00, 0x00, 0x00, 0x00, 0x00, 0x00, 0x00, 0x00, 0x00, 0x00, 0x00, 0x00, 0x00, 0x00, 0x00, 0x00, 0x00, 0x00, 0x00, 0x00, 0x00, 0x00, 0x00, 0x00,
  0x00, 0x00, 0x00, 0x00, 0x00, 0x00, 0x00, 0x00, 0x00, 0x00, 0x00, 0x00, 0x00, 0x00, 0x00, 0x00, 0x00, 0x00, 0x00, 0x00, 0x00, 0x00, 0x00, 0x00,
  0x00, 0x00, 0x00, 0x00, 0x00, 0x00, 0x00, 0x00, 0x00, 0x00, 0x00, 0x00, 0x00, 0x00, 0x00, 0xff, 0x07, 0x01, 0x00, 0x00, 0x00, 0x1e, 0x5d, 0x24,
  0x7f, 0x65, 0x7f, 0x1e, 0x5d, 0x43, 0x00, 0x00, 0x00, 0xff, 0x07, 0x01, 0x00, 0x00, 0x00, 0x00, 0x00, 0x00, 0x00, 0x00, 0x00, 0xff, 0x7f, 0x02,
  0xd9, 0x64, 0x05, 0x3f, 0x65, 0xbe, 0x7f, 0x65, 0xff, 0x3f, 0x65, 0xfe, 0x3f, 0x65, 0xea, 0x1f, 0x65, 0x19, 0x00, 0x00, 0x00, 0xff, 0x07, 0x01,
  0x00, 0x00, 0x00, 0x00, 0x00, 0x00, 0xff, 0x07, 0x01, 0x00, 0x00, 0x00, 0x1e, 0x5d, 0x43, 0x7f, 0x65, 0x7f, 0x1e, 0x5d, 0x24, 0x00, 0x00, 0x00,
  0xff, 0x07, 0x01, 0x00, 0x00, 0x00, 0x00, 0x00, 0x00, 0x00, 0x00, 0x00, 0x00, 0x00, 0x00, 0x00, 0x00, 0x00, 0x00, 0x00, 0x00, 0x00, 0x00, 0x00,
  0x00, 0x00, 0x00, 0x00, 0x00, 0x00, 0x00, 0x00, 0x00, 0x00, 0x00, 0x00, 0x00, 0x00, 0x00, 0x00, 0x00, 0x00, 0x00, 0x00, 0x00, 0x00, 0x00, 0x00,
  0x00, 0x00, 0x00, 0x00, 0x00, 0x00, 0x00, 0x00, 0x00, 0x00, 0x00, 0x00, 0x00, 0x00, 0x00, 0x00, 0x00, 0x00, 0x00, 0x00, 0x00, 0x00, 0x00, 0x00,
  0x00, 0x00, 0x00, 0x00, 0x00, 0x00, 0xff, 0x07, 0x01, 0x00, 0x00, 0x00, 0x00, 0x00, 0x00, 0x00, 0x00, 0x00, 0xef, 0x7b, 0x02, 0x00, 0x00, 0x00,
  0x00, 0x00, 0x00, 0x00, 0x00, 0x00, 0xff, 0x07, 0x01, 0x00, 0x00, 0x00, 0x3e, 0x5d, 0x11, 0x3f, 0x65, 0xf8, 0x3f, 0x65, 0xfc, 0x3f, 0x65, 0xf7,
  0x9f, 0x65, 0xff, 0x3f, 0x65, 0x42, 0x00, 0x00, 0x00, 0x5f, 0x55, 0x03, 0x00, 0x00, 0x00, 0x00, 0x00, 0x00, 0x00, 0x00, 0x00, 0xef, 0x7b, 0x02,
  0x00, 0x00, 0x00, 0x00, 0x00, 0x00, 0x00, 0x00, 0x00, 0xff, 0x07, 0x01, 0x00, 0x00, 0x00, 0x00, 0x00, 0x00, 0x00, 0x00, 0x00, 0x00, 0x00, 0x00,
  0x00, 0x00, 0x00, 0x00, 0x00, 0x00, 0x00, 0x00, 0x00, 0x00, 0x00, 0x00, 0x00, 0x00, 0x00, 0x00, 0x00, 0x00, 0x00, 0x00, 0x00, 0x00, 0x00, 0x00,
  0x00, 0x00, 0x00, 0x00, 0x00, 0x00, 0x00, 0x00, 0x00, 0x00, 0x00, 0x00, 0x00, 0x00, 0x00, 0x00, 0x00, 0x00, 0x00, 0x00, 0x00, 0x00, 0x00, 0x00,
  0x00, 0x00, 0x00, 0x00, 0x00, 0x00, 0x00, 0x00, 0x00, 0x00, 0x00, 0x00, 0x00, 0x00, 0x00, 0x00, 0x00, 0x00, 0x00, 0x00, 0x00, 0xff, 0x7b, 0x02,
  0xff, 0x7d, 0x04, 0x5f, 0x55, 0x03, 0x00, 0x00, 0x00, 0x00, 0x00, 0x00, 0x00, 0x00, 0x00, 0x00, 0x00, 0x00, 0x00, 0x00, 0x00, 0x5f, 0x55, 0x03,
  0xff, 0x07, 0x01, 0x3f, 0x5d, 0x8e, 0xbf, 0x6d, 0xff, 0xbf, 0x6d, 0xff, 0x3f, 0x5d, 0xc5, 0x1f, 0x5d, 0x0b, 0xff, 0x7b, 0x02, 0xff, 0x07, 0x01,
  0x00, 0x00, 0x00, 0x00, 0x00, 0x00, 0x00, 0x00, 0x00, 0x00, 0x00, 0x00, 0x5f, 0x55, 0x03, 0xff, 0x7d, 0x04, 0xff, 0x7b, 0x02, 0x00, 0x00, 0x00,
  0x00, 0x00, 0x00, 0x00, 0x00, 0x00, 0x00, 0x00, 0x00, 0x00, 0x00, 0x00, 0x00, 0x00, 0x00, 0x00, 0x00, 0x00, 0x00, 0x00, 0x00, 0x00, 0x00, 0x00,
  0x00, 0x00, 0x00, 0x00, 0x00, 0x00, 0x00, 0x00, 0x00, 0x00, 0x00, 0x00, 0x00, 0x00, 0x00, 0x00, 0x00, 0x00, 0x00, 0x00, 0x00, 0x00, 0x00, 0x00,
  0x00, 0x00, 0x00, 0x00, 0x00, 0x00, 0x00, 0x00, 0x00, 0x00, 0x00, 0x00, 0x00, 0x00, 0x00, 0x00, 0x00, 0x00, 0x00, 0x00, 0x00, 0x00, 0x00, 0x00,
  0x00, 0x00, 0x00, 0x00, 0x00, 0x00, 0x00, 0x00, 0x00, 0x00, 0x00, 0x00, 0x00, 0x00, 0x00, 0x00, 0x00, 0x00, 0x00, 0x00, 0x00, 0x00, 0x00, 0x00,
  0x00, 0x00, 0x00, 0x00, 0x00, 0x00, 0x00, 0x00, 0x00, 0x1f, 0x00, 0x01, 0xff, 0x07, 0x01, 0x00, 0x00, 0x00, 0x3f, 0x5d, 0x60, 0x5f, 0x65, 0x74,
  0x1d, 0x5d, 0x0e, 0x00, 0x00, 0x00, 0xff, 0x07, 0x01, 0x00, 0x00, 0x00, 0x00, 0x00, 0x00, 0x00, 0x00, 0x00, 0x00, 0x00, 0x00, 0x00, 0x00, 0x00,
  0x00, 0x00, 0x00, 0x00, 0x00, 0x00, 0x00, 0x00, 0x00, 0x00, 0x00, 0x00, 0x00, 0x00, 0x00, 0x00, 0x00, 0x00, 0x00, 0x00, 0x00, 0x00, 0x00, 0x00,
  0x00, 0x00, 0x00, 0x00, 0x00, 0x00, 0x00, 0x00, 0x00, 0x00, 0x00, 0x00, 0x00, 0x00, 0x00, 0x00, 0x00, 0x00, 0x00, 0x00, 0x00, 0x00, 0x00, 0x00,
  0x00, 0x00, 0x00, 0x00, 0x00, 0x00, 0x00, 0x00, 0x00, 0x00, 0x00, 0x00, 0x00, 0x00, 0x00, 0x00, 0x00, 0x00, 0x00, 0x00, 0x00, 0x00, 0x00, 0x00,
  0x00, 0x00, 0x00, 0x00, 0x00, 0x00, 0x00, 0x00, 0x00, 0x00, 0x00, 0x00, 0x00, 0x00, 0x00, 0x00, 0x00, 0x00, 0x00, 0x00, 0x00, 0x00, 0x00, 0x00,
  0x00, 0x00, 0x00, 0x00, 0x00, 0x00, 0x00, 0x00, 0x00, 0x00, 0x00, 0x00, 0x00, 0x00, 0x00, 0x00, 0x00, 0x00, 0x00, 0x00, 0x00, 0x00, 0x00, 0x00,
  0x00, 0x00, 0x00, 0x00, 0x00, 0x00, 0x00, 0x00, 0x00, 0x00, 0x00, 0x00, 0x00, 0x00, 0x00, 0x00, 0x00, 0x00, 0x00, 0x00, 0x00, 0x00, 0x00, 0x00,
  0x00, 0x00, 0x00, 0x00, 0x00, 0x00, 0x00, 0x00, 0x00, 0x00, 0x00, 0x00, 0x00, 0x00, 0x00, 0x00, 0x00, 0x00, 0x00, 0x00, 0x00, 0x00, 0x00, 0x00,
  0x00, 0x00, 0x00, 0x00, 0x00, 0x00, 0x00, 0x00, 0x00, 0x00, 0x00, 0x00, 0x00, 0x00, 0x00, 0x00, 0x00, 0x00, 0x00, 0x00, 0x00, 0x00, 0x00, 0x00,
  0x00, 0x00, 0x00, 0x00, 0x00, 0x00, 0x00, 0x00, 0x00, 0x00, 0x00, 0x00, 0x00, 0x00, 0x00, 0x00, 0x00, 0x00, 0x00, 0x00, 0x00, 0x00, 0x00, 0x00,
  0x00, 0x00, 0x00, 0x00, 0x00, 0x00, 0x00, 0x00, 0x00, 0x00, 0x00, 0x00, 0x00, 0x00, 0x00, 0x00, 0x00, 0x00, 0x00, 0x00, 0x00, 0x00, 0x00, 0x00,
  0x00, 0x00, 0x00, 0x00, 0x00, 0x00, 0x00, 0x00, 0x00, 0x00, 0x00, 0x00, 0x00, 0x00, 0x00, 0x00, 0x00, 0x00, 0x00, 0x00, 0x00, 0x00, 0x00, 0x00,
  0x00, 0x00, 0x00, 0x00, 0x00, 0x00, 0x00, 0x00, 0x00, 0x00, 0x00, 0x00, 0x00, 0x00, 0x00, 0x00, 0x00, 0x00, 0xff, 0x3b, 0x04, 0xff, 0x7d, 0x04,
  0xff, 0x07, 0x01, 0x00, 0x00, 0x00, 0x00, 0x00, 0x00, 0x00, 0x00, 0x00, 0x00, 0x00, 0x00, 0x00, 0x00, 0x00, 0x00, 0x00, 0x00, 0x00, 0x00, 0x00,
  0x00, 0x00, 0x00, 0x00, 0x00, 0x00, 0x00, 0x00, 0x00, 0x00, 0x00, 0x00, 0x00, 0x00, 0x00, 0x00, 0x00, 0x00, 0x00, 0x00, 0x00, 0x00, 0x00, 0x00,
  0x00, 0x00, 0x00, 0x00, 0x00, 0x00, 0x00, 0x00, 0x00, 0x00, 0x00, 0x00, 0x00, 0x00, 0x00, 0x00, 0x00, 0x00, 0x00, 0x00, 0x00, 0x00, 0x00, 0x00,
  0x00, 0x00, 0x00, 0x00, 0x00, 0x00, 0x00, 0x00, 0x00, 0x00, 0x00, 0x00, 0x00, 0x00, 0x00, 0x00, 0x00, 0x00, 0x00, 0x00, 0x00, 0x00, 0x00, 0x00,
  0x00, 0x00, 0x00, 0x00, 0x00, 0x00, 0x00, 0x00, 0x00, 0x00, 0x00, 0x00, 0x00, 0x00, 0x00, 0x00, 0x00, 0x00, 0x00, 0x00, 0x00, 0x00, 0x00, 0x00,
  0x00, 0x00, 0x00, 0x00, 0x00, 0x00, 0x00, 0x00, 0x00, 0x00, 0x00, 0x00, 0x00, 0x00, 0x00, 0x00, 0x00, 0x00, 0x00, 0x00, 0x00, 0x00, 0x00, 0x00,
  0x00, 0x00, 0x00, 0x00, 0x00, 0x00, 0x00, 0x00, 0x00, 0x00, 0x00, 0x00, 0x00, 0x00, 0x00, 0x00, 0x00, 0x00, 0x00, 0x00, 0x00, 0x00, 0x00, 0x00,
  0x00, 0x00, 0x00, 0x00, 0x00, 0x00, 0x00, 0x00, 0x00, 0x00, 0x00, 0x00, 0x00, 0x00, 0x00, 0x00, 0x00, 0x00, 0x00, 0x00, 0x00, 0x00, 0x00, 0x00,
  0x00, 0x00, 0x00, 0x00, 0x00, 0x00, 0x00, 0x00, 0x00, 0x00, 0x00, 0x00, 0x00, 0x00, 0x00, 0x00, 0x00, 0x00, 0x00, 0x00, 0x00, 0x00, 0x00, 0x00,
  0x00, 0x00, 0x00, 0x00, 0x00, 0x00, 0x00, 0x00, 0x00, 0x00, 0x00, 0x00, 0x00, 0x00, 0x00, 0x00, 0x00, 0x00, 0x00, 0x00, 0x00, 0x00, 0x00, 0x00,
  0x00, 0x00, 0x00, 0x00, 0x00, 0x00, 0x00, 0x00, 0x00, 0x00, 0x00, 0x00, 0x00, 0x00, 0x00, 0x00, 0x00, 0x00, 0x00, 0x00, 0x00, 0x00, 0x00, 0x00,
  0x00, 0x00, 0x00, 0x00, 0x00, 0x00, 0x00, 0x00, 0x00, 0x00, 0x00, 0x00, 0x00, 0x00, 0x00, 0x00, 0x00, 0x00, 0x00, 0x00, 0x00, 0x00, 0x00, 0x00,
  0x00, 0x00, 0x00, 0x00, 0x00, 0x00, 0x00, 0x00, 0x00, 0x00, 0x00, 0x00, 0x00, 0x00, 0x00, 0x00, 0x00, 0x00, 0x00, 0x00, 0x00, 0x00, 0x00, 0x00,
  0x00, 0x00, 0x00, 0x00, 0x00, 0x00, 0x00, 0x00, 0x00, 0x00, 0x00, 0x00, 0x00, 0x00, 0x00, 0x00, 0x00, 0x00, 0x00, 0x00, 0x00, 0x00, 0x00, 0x00,
  0x00, 0x00, 0x00, 0x00, 0x00, 0x00, 0x00, 0x00, 0x00, 0x00, 0x00, 0x00, 0x00, 0x00, 0x00, 0x00, 0x00, 0x00, 0x00, 0x00, 0x00, 0x00, 0x00, 0x00,
  0x00, 0x00, 0x00, 0x00, 0x00, 0x00, 0x00, 0x00, 0x00, 0x00, 0x00, 0x00, 0x00, 0x00, 0x00, 0x00, 0x00, 0x00, 0x00, 0x00, 0x00, 0x00, 0x00, 0x00
};
const lv_img_dsc_t wx_rain_L = {
  .header = { .cf = LV_IMG_CF_TRUE_COLOR_ALPHA, .always_zero = 0, .reserved = 0, .w = 52, .h = 52 },
  .data_size = 8112,
  .data = wx_rain_L_map,
};

static const uint8_t wx_snow_L_map[] = {
  0x00, 0x00, 0x00, 0x00, 0x00, 0x00, 0x00, 0x00, 0x00, 0x00, 0x00, 0x00, 0x00, 0x00, 0x00, 0x00, 0x00, 0x00, 0x00, 0x00, 0x00, 0x00, 0x00, 0x00,
  0x00, 0x00, 0x00, 0x00, 0x00, 0x00, 0x00, 0x00, 0x00, 0x00, 0x00, 0x00, 0x00, 0x00, 0x00, 0x00, 0x00, 0x00, 0x00, 0x00, 0x00, 0x00, 0x00, 0x00,
  0x00, 0x00, 0x00, 0x00, 0x00, 0x00, 0x00, 0x00, 0x00, 0x00, 0x00, 0x00, 0x00, 0x00, 0x00, 0x00, 0x00, 0x00, 0x00, 0x00, 0x00, 0x00, 0x00, 0x00,
  0x00, 0x00, 0x00, 0xff, 0xff, 0x02, 0xff, 0xff, 0x04, 0xff, 0xbd, 0x04, 0x55, 0xad, 0x03, 0x5f, 0xad, 0x03, 0xff, 0xff, 0x03, 0x79, 0xce, 0x05,
  0xff, 0xff, 0x03, 0xff, 0xff, 0x01, 0x00, 0x00, 0x00, 0x00, 0x00, 0x00, 0x00, 0x00, 0x00, 0x00, 0x00, 0x00, 0x00, 0x00, 0x00, 0x00, 0x00, 0x00,
  0x00, 0x00, 0x00, 0x00, 0x00, 0x00, 0x00, 0x00, 0x00, 0x00, 0x00, 0x00, 0x00, 0x00, 0x00, 0x00, 0x00, 0x00, 0x00, 0x00, 0x00, 0x00, 0x00, 0x00,
  0x00, 0x00, 0x00, 0x00, 0x00, 0x00, 0x00, 0x00, 0x00, 0x00, 0x00, 0x00, 0x00, 0x00, 0x00, 0x00, 0x00, 0x00, 0x00, 0x00, 0x00, 0x00, 0x00, 0x00,
  0x00, 0x00, 0x00, 0x00, 0x00, 0x00, 0x00, 0x00, 0x00, 0x00, 0x00, 0x00, 0x00, 0x00, 0x00, 0x00, 0x00, 0x00, 0x00, 0x00, 0x00, 0x00, 0x00, 0x00,
  0x00, 0x00, 0x00, 0x00, 0x00, 0x00, 0x00, 0x00, 0x00, 0x00, 0x00, 0x00, 0x00, 0x00, 0x00, 0x00, 0x00, 0x00, 0x00, 0x00, 0x00, 0x00, 0x00, 0x00,
  0x00, 0x00, 0x00, 0x00, 0x00, 0x00, 0x00, 0x00, 0x00, 0xff, 0xff, 0x03, 0xff, 0xff, 0x01, 0x00, 0x00, 0x00, 0x00, 0x00, 0x00, 0x00, 0x00, 0x00,
  0x00, 0x00, 0x00, 0x00, 0x00, 0x00, 0x00, 0x00, 0x00, 0x00, 0x00, 0x00, 0x00, 0x00, 0x00, 0x00, 0x00, 0x00, 0xff, 0xff, 0x03, 0xff, 0xff, 0x01,
  0x00, 0x00, 0x00, 0x00, 0x00, 0x00, 0x00, 0x00, 0x00, 0x00, 0x00, 0x00, 0x00, 0x00, 0x00, 0x00, 0x00, 0x00, 0x00, 0x00, 0x00, 0x00, 0x00, 0x00,
  0x00, 0x00, 0x00, 0x00, 0x00, 0x00, 0x00, 0x00, 0x00, 0x00, 0x00, 0x00, 0x00, 0x00, 0x00, 0x00, 0x00, 0x00, 0x00, 0x00, 0x00, 0x00, 0x00, 0x00,
  0x00, 0x00, 0x00, 0x00, 0x00, 0x00, 0x00, 0x00, 0x00, 0x00, 0x00, 0x00, 0x00, 0x00, 0x00, 0x00, 0x00, 0x00, 0x00, 0x00, 0x00, 0x00, 0x00, 0x00,
  0x00, 0x00, 0x00, 0x00, 0x00, 0x00, 0x00, 0x00, 0x00, 0x00, 0x00, 0x00, 0x00, 0x00, 0x00, 0x00, 0x00, 0x00, 0x00, 0x00, 0x00, 0x00, 0x00, 0x00,
  0x00, 0x00, 0x00, 0x00, 0x00, 0x00, 0x00, 0x00, 0x00, 0x00, 0x00, 0x00, 0x00, 0x00, 0x00, 0xff, 0xff, 0x01, 0xff, 0xff, 0x02, 0x00, 0x00, 0x00,
  0x00, 0x00, 0x00, 0xff, 0xff, 0x2a, 0xdf, 0xf7, 0x70, 0xdf, 0xf7, 0x9f, 0xdf, 0xf7, 0xbe, 0xbf, 0xf7, 0xbe, 0xbf, 0xef, 0xba, 0xdf, 0xf7, 0x84,
  0xdf, 0xff, 0x4e, 0xff, 0xef, 0x0d, 0x00, 0x00, 0x00, 0x00, 0x00, 0x00, 0xff, 0xff, 0x03, 0x00, 0x00, 0x00, 0x00, 0x00, 0x00, 0x00, 0x00, 0x00,
  0x00, 0x00, 0x00, 0x00, 0x00, 0x00, 0x00, 0x00, 0x00, 0x00, 0x00, 0x00, 0x00, 0x00, 0x00, 0x00, 0x00, 0x00, 0x00, 0x00, 0x00, 0x00, 0x00, 0x00,
  0x00, 0x00, 0x00, 0x00, 0x00, 0x00, 0x00, 0x00, 0x00, 0x00, 0x00, 0x00, 0x00, 0x00, 0x00, 0x00, 0x00, 0x00, 0x00, 0x00, 0x00, 0x00, 0x00, 0x00,
  0x00, 0x00, 0x00, 0x00, 0x00, 0x00, 0x00, 0x00, 0x00, 0x00, 0x00, 0x00, 0x00, 0x00, 0x00, 0x00, 0x00, 0x00, 0x00, 0x00, 0x00, 0x00, 0x00, 0x00,
  0x00, 0x00, 0x00, 0x00, 0x00, 0x00, 0x00, 0x00, 0x00, 0x00, 0x00, 0x00, 0x00, 0x00, 0x00, 0x00, 0x00, 0x00, 0x00, 0x00, 0x00, 0x00, 0x00, 0x00,
  0xff, 0xff, 0x02, 0x00, 0x00, 0x00, 0x00, 0x00, 0x00, 0xdf, 0xf7, 0x45, 0xdf, 0xff, 0xba, 0xdf, 0xf7, 0xfb, 0xff, 0xff, 0xff, 0xff, 0xff, 0xff,
  0xff, 0xff, 0xff, 0xff, 0xff, 0xff, 0xff, 0xff, 0xff, 0xff, 0xff, 0xff, 0xff, 0xff, 0xff, 0xdf, 0xf7, 0xe3, 0xdf, 0xf7, 0x80, 0x3e, 0xe7, 0x16,
  0x00, 0x00, 0x00, 0xff, 0xff, 0x03, 0x00, 0x00, 0x00, 0x00, 0x00, 0x00, 0x00, 0x00, 0x00, 0x00, 0x00, 0x00, 0x00, 0x00, 0x00, 0x00, 0x00, 0x00,
  0x00, 0x00, 0x00, 0x00, 0x00, 0x00, 0x00, 0x00, 0x00, 0x00, 0x00, 0x00, 0x00, 0x00, 0x00, 0x00, 0x00, 0x00, 0x00, 0x00, 0x00, 0x00, 0x00, 0x00,
  0x00, 0x00, 0x00, 0x00, 0x00, 0x00, 0x00, 0x00, 0x00, 0x00, 0x00, 0x00, 0x00, 0x00, 0x00, 0x00, 0x00, 0x00, 0x00, 0x00, 0x00, 0x00, 0x00, 0x00,
  0x00, 0x00, 0x00, 0x00, 0x00, 0x00, 0x00, 0x00, 0x00, 0x00, 0x00, 0x00, 0x00, 0x00, 0x00, 0x00, 0x00, 0x00, 0x00, 0x00, 0x00, 0x00, 0x00, 0x00,
  0x00, 0x00, 0x00, 0x00, 0x00, 0x00, 0x00, 0x00, 0x00, 0xff, 0xff, 0x02, 0x00, 0x00, 0x00, 0x7d, 0xdf, 0x0e, 0xdf, 0xff, 0x9b, 0xff, 0xff, 0xff,
  0xff, 0xff, 0xff, 0xbf, 0xf7, 0xff, 0xbf, 0xf7, 0xfb, 0xbf, 0xf7, 0xfb, 0xbf, 0xf7, 0xfc, 0xbf, 0xf7, 0xfc, 0xbf, 0xf7, 0xfc, 0xbf, 0xf7, 0xfb,
  0xbf, 0xf7, 0xfc, 0xdf, 0xf7, 0xff, 0xff, 0xff, 0xff, 0xdf, 0xf7, 0xe5, 0xbe, 0xf7, 0x47, 0x00, 0x00, 0x00, 0xff, 0xff, 0x03, 0x00, 0x00, 0x00,
  0x00, 0x00, 0x00, 0x00, 0x00, 0x00, 0x00, 0x00, 0x00, 0x00, 0x00, 0x00, 0x00, 0x00, 0x00, 0x00, 0x00, 0x00, 0x00, 0x00, 0x00, 0x00, 0x00, 0x00,
  0x00, 0x00, 0x00, 0x00, 0x00, 0x00, 0x00, 0x00, 0x00, 0x00, 0x00, 0x00, 0x00, 0x00, 0x00, 0x00, 0x00, 0x00, 0x00, 0x00, 0x00, 0x00, 0x00, 0x00,
  0x00, 0x00, 0x00, 0x00, 0x00, 0x00, 0x00, 0x00, 0x00, 0x00, 0x00, 0x00, 0x00, 0x00, 0x00, 0x00, 0x00, 0x00, 0x00, 0x00, 0x00, 0x00, 0x00, 0x00,
  0x00, 0x00, 0x00, 0x00, 0x00, 0x00, 0x00, 0x00, 0x00, 0x00, 0x00, 0x00, 0x00, 0x00, 0x00, 0x00, 0x00, 0x00, 0xff, 0xff, 0x02, 0x00, 0x00, 0x00,
  0x9f, 0xf7, 0x11, 0xdf, 0xf7, 0xc9, 0xff, 0xff, 0xff, 0xbf, 0xf7, 0xfc, 0xbf, 0xf7, 0xfc, 0xbf, 0xf7, 0xfe, 0xbf, 0xf7, 0xff, 0xbf, 0xf7, 0xff,
  0xbf, 0xf7, 0xff, 0xbf, 0xf7, 0xff, 0xbf, 0xf7, 0xff, 0xbf, 0xf7, 0xff, 0xbf, 0xf7, 0xff, 0xbf, 0xf7, 0xfe, 0x9f, 0xef, 0xfb, 0xdf, 0xf7, 0xff,
  0xff, 0xff, 0xff, 0xbe, 0xef, 0x65, 0x00, 0x00, 0x00, 0xff, 0xff, 0x04, 0x00, 0x00, 0x00, 0x00, 0x00, 0x00, 0x00, 0x00, 0x00, 0x00, 0x00, 0x00,
  0x00, 0x00, 0x00, 0x00, 0x00, 0x00, 0x00, 0x00, 0x00, 0x00, 0x00, 0x00, 0x00, 0x00, 0x00, 0x00, 0x00, 0x00, 0x00, 0x00, 0x00, 0x00, 0x00, 0x00,
  0x00, 0x00, 0x00, 0x00, 0x00, 0x00, 0x00, 0x00, 0x00, 0x00, 0x00, 0x00, 0x00, 0x00, 0x00, 0x00, 0x00, 0x00, 0x00, 0x00, 0x00, 0x00, 0x00, 0x00,
  0x00, 0x00, 0x00, 0x00, 0x00, 0x00, 0x00, 0x00, 0x00, 0x00, 0x00, 0x00, 0x00, 0x00, 0x00, 0x00, 0x00, 0x00, 0x00, 0x00, 0x00, 0x00, 0x00, 0x00,
  0x00, 0x00, 0x00, 0xff, 0xff, 0x01, 0xff, 0xff, 0x02, 0x3c, 0xe7, 0x0b, 0xdf, 0xf7, 0xca, 0xff, 0xff, 0xff, 0xbf, 0xf7, 0xfa, 0xbf, 0xf7, 0xff,
  0xbf, 0xf7, 0xff, 0xbf, 0xf7, 0xff, 0xbf, 0xf7, 0xff, 0xbf, 0xf7, 0xff, 0xbf, 0xf7, 0xff, 0xbf, 0xf7, 0xff, 0xbf, 0xf7, 0xff, 0xbf, 0xf7, 0xff,
  0xbf, 0xf7, 0xff, 0xbf, 0xf7, 0xff, 0xbf, 0xf7, 0xff, 0xbf, 0xef, 0xfd, 0xbf, 0xf7, 0xfc, 0xff, 0xff, 0xff, 0xbf, 0xef, 0x5f, 0x00, 0x00, 0x00,
  0xff, 0xff, 0x03, 0x00, 0x00, 0x00, 0x00, 0x00, 0x00, 0x00, 0x00, 0x00, 0x00, 0x00, 0x00, 0x00, 0x00, 0x00, 0x00, 0x00, 0x00, 0x00, 0x00, 0x00,
  0x00, 0x00, 0x00, 0x00, 0x00, 0x00, 0x00, 0x00, 0x00, 0x00, 0x00, 0x00, 0x00, 0x00, 0x00, 0x00, 0x00, 0x00, 0x00, 0x00, 0x00, 0x00, 0x00, 0x00,
  0x00, 0x00, 0x00, 0x00, 0x00, 0x00, 0x00, 0x00, 0x00, 0x00, 0x00, 0x00, 0x00, 0x00, 0x00, 0x00, 0x00, 0x00, 0x00, 0x00, 0x00, 0x00, 0x00, 0x00,
  0x00, 0x00, 0x00, 0x00, 0x00, 0x00, 0x00, 0x00, 0x00, 0x00, 0x00, 0x00, 0x00, 0x00, 0x00, 0xff, 0xff, 0x03, 0x00, 0x00, 0x00, 0x9f, 0xef, 0x9e,
  0xff, 0xff, 0xff, 0xbf, 0xf7, 0xfa, 0xbf, 0xf7, 0xff, 0xbf, 0xf7, 0xff, 0xbf, 0xf7, 0xff, 0xbf, 0xf7, 0xff, 0xbf, 0xf7, 0xff, 0xbf, 0xf7, 0xff,
  0xbf, 0xf7, 0xff, 0xbf, 0xf7, 0xff, 0xbf, 0xf7, 0xff, 0xbf, 0xf7, 0xff, 0xbf, 0xf7, 0xff, 0xbf, 0xf7, 0xff, 0xbf, 0xf7, 0xff, 0xbf, 0xf7, 0xff,
  0xbf, 0xf7, 0xfd, 0xdf, 0xf7, 0xfd, 0xdf, 0xf7, 0xf5, 0xbe, 0xef, 0x30, 0xff, 0xff, 0x01, 0xff, 0xff, 0x02, 0x00, 0x00, 0x00, 0x00, 0x00, 0x00,
  0x00, 0x00, 0x00, 0x00, 0x00, 0x00, 0x00, 0x00, 0x00, 0x00, 0x00, 0x00, 0x00, 0x00, 0x00, 0x00, 0x00, 0x00, 0x00, 0x00, 0x00, 0x00, 0x00, 0x00,
  0x00, 0x00, 0x00, 0x00, 0x00, 0x00, 0x00, 0x00, 0x00, 0x00, 0x00, 0x00, 0x00, 0x00, 0x00, 0x00, 0x00, 0x00, 0x00, 0x00, 0x00, 0x00, 0x00, 0x00,
  0x00, 0x00, 0x00, 0x00, 0x00, 0x00, 0x00, 0x00, 0x00, 0x00, 0x00, 0x00, 0x00, 0x00, 0x00, 0x00, 0x00, 0x00, 0x00, 0x00, 0x00, 0x00, 0x00, 0x00,
  0xff, 0xff, 0x03, 0x00, 0x00, 0x00, 0x9e, 0xef, 0x41, 0xff, 0xff, 0xff, 0xbf, 0xf7, 0xfb, 0xbf, 0xf7, 0xff, 0xbf, 0xf7, 0xff, 0xbf, 0xf7, 0xff,
  0xbf, 0xf7, 0xff, 0xbf, 0xf7, 0xff, 0xbf, 0xf7, 0xff, 0xbf, 0xf7, 0xff, 0xbf, 0xf7, 0xff, 0xbf, 0xf7, 0xff, 0xbf, 0xf7, 0xff, 0xbf, 0xf7, 0xff,
  0xbf, 0xf7, 0xff, 0xbf, 0xf7, 0xff, 0xbf, 0xf7, 0xff, 0xbf, 0xf7, 0xff, 0xbf, 0xf7, 0xff, 0x9e, 0xef, 0xfc, 0xff, 0xff, 0xff, 0xbf, 0xf7, 0xc1,
  0x00, 0x00, 0x00, 0xff, 0xff, 0x02, 0x00, 0x00, 0x00, 0x00, 0x00, 0x00, 0x00, 0x00, 0x00, 0x00, 0x00, 0x00, 0x00, 0x00, 0x00, 0x00, 0x00, 0x00,
  0x00, 0x00, 0x00, 0x00, 0x00, 0x00, 0x00, 0x00, 0x00, 0x00, 0x00, 0x00, 0x00, 0x00, 0x00, 0x00, 0x00, 0x00, 0x00, 0x00, 0x00, 0x00, 0x00, 0x00,
  0x00, 0x00, 0x00, 0x00, 0x00, 0x00, 0x00, 0x00, 0x00, 0x00, 0x00, 0x00, 0x00, 0x00, 0x00, 0x00, 0x00, 0x00, 0x00, 0x00, 0x00, 0x00, 0x00, 0x00,
  0x00, 0x00, 0x00, 0x00, 0x00, 0x00, 0x00, 0x00, 0x00, 0xff, 0xff, 0x01, 0xff, 0xff, 0x05, 0xff, 0xff, 0x03, 0xbf, 0xf7, 0xbe, 0xff, 0xff, 0xfe,
  0xbf, 0xf7, 0xfc, 0xbf, 0xf7, 0xff, 0xbf, 0xf7, 0xff, 0xbf, 0xf7, 0xff, 0xbf, 0xf7, 0xff, 0xbf, 0xf7, 0xff, 0xbf, 0xf7, 0xff, 0xbf, 0xf7, 0xff,
  0xbf, 0xf7, 0xff, 0xbf, 0xf7, 0xff, 0xbf, 0xf7, 0xff, 0xbf, 0xf7, 0xff, 0xbf, 0xf7, 0xff, 0xbf, 0xf7, 0xff, 0xbf, 0xf7, 0xff, 0xbf, 0xf7, 0xff,
  0xbf, 0xf7, 0xff, 0xbf, 0xf7, 0xff, 0xbf, 0xf7, 0xfc, 0xff, 0xff, 0xff, 0xbf, 0xf7, 0x41, 0x00, 0x00, 0x00, 0xff, 0xff, 0x03, 0x00, 0x00, 0x00,
  0x00, 0x00, 0x00, 0x00, 0x00, 0x00, 0x00, 0x00, 0x00, 0x00, 0x00, 0x00, 0x00, 0x00, 0x00, 0x00, 0x00, 0x00, 0x00, 0x00, 0x00, 0x00, 0x00, 0x00,
  0x00, 0x00, 0x00, 0x00, 0x00, 0x00, 0x00, 0x00, 0x00, 0x00, 0x00, 0x00, 0x00, 0x00, 0x00, 0x00, 0x00, 0x00, 0x00, 0x00, 0x00, 0x00, 0x00, 0x00,
  0x00, 0x00, 0x00, 0x00, 0x00, 0x00, 0x00, 0x00, 0x00, 0x00, 0x00, 0x00, 0x00, 0x00, 0x00, 0xf7, 0xbd, 0x04, 0xff, 0xff, 0x01, 0x00, 0x00, 0x00,
  0x00, 0x00, 0x00, 0xbe, 0xef, 0x20, 0xdf, 0xf7, 0xfb, 0xbf, 0xf7, 0xfe, 0xbf, 0xf7, 0xff, 0xbf, 0xf7, 0xff, 0xbf, 0xf7, 0xff, 0xbf, 0xf7, 0xff,
  0xbf, 0xf7, 0xff, 0xbf, 0xf7, 0xff, 0xbf, 0xf7, 0xff, 0xbf, 0xf7, 0xff, 0xbf, 0xf7, 0xff, 0xbf, 0xf7, 0xff, 0xbf, 0xf7, 0xff, 0xbf, 0xf7, 0xff,
  0xbf, 0xf7, 0xff, 0xbf, 0xf7, 0xff, 0xbf, 0xf7, 0xff, 0xbf, 0xf7, 0xff, 0xbf, 0xf7, 0xff, 0xbf, 0xf7, 0xff, 0xbf, 0xf7, 0xfb, 0xff, 0xff, 0xff,
  0xbf, 0xf7, 0xa2, 0x00, 0x00, 0x00, 0xff, 0xff, 0x03, 0x00, 0x00, 0x00, 0x00, 0x00, 0x00, 0x00, 0x00, 0x00, 0x00, 0x00, 0x00, 0x00, 0x00, 0x00,
  0x00, 0x00, 0x00, 0x00, 0x00, 0x00, 0x00, 0x00, 0x00, 0x00, 0x00, 0x00, 0x00, 0x00, 0x00, 0x00, 0x00, 0x00, 0x00, 0x00, 0x00, 0x00, 0x00, 0x00,
  0x00, 0x00, 0x00, 0x00, 0x00, 0x00, 0x00, 0x00, 0x00, 0x00, 0x00, 0x00, 0x00, 0x00, 0x00, 0x00, 0x00, 0x00, 0x00, 0x00, 0x00, 0xff, 0xff, 0x01,
  0xff, 0xff, 0x01, 0x00, 0x00, 0x00, 0x00, 0x00, 0x00, 0xff, 0xff, 0x17, 0x9e, 0xef, 0x3e, 0xbf, 0xf7, 0x94, 0xff, 0xff, 0xff, 0xbf, 0xf7, 0xfc,
  0xbf, 0xf7, 0xff, 0xbf, 0xf7, 0xff, 0xbf, 0xf7, 0xff, 0xbf, 0xf7, 0xff, 0xbf, 0xf7, 0xff, 0xbf, 0xf7, 0xff, 0xbf, 0xf7, 0xff, 0xbf, 0xf7, 0xff,
  0xbf, 0xf7, 0xff, 0xbf, 0xf7, 0xff, 0xbf, 0xf7, 0xff, 0xbf, 0xf7, 0xff, 0xbf, 0xf7, 0xff, 0xbf, 0xf7, 0xff, 0xbf, 0xf7, 0xff, 0xbf, 0xf7, 0xff,
  0xbf, 0xf7, 0xff, 0xbf, 0xf7, 0xff, 0xbf, 0xf7, 0xfe, 0xdf, 0xf7, 0xff, 0x9f, 0xef, 0xe4, 0x1c, 0xe7, 0x09, 0x00, 0x00, 0x00, 0xff, 0xff, 0x01,
  0x00, 0x00, 0x00, 0x00, 0x00, 0x00, 0x00, 0x00, 0x00, 0x00, 0x00, 0x00, 0x00, 0x00, 0x00, 0x00, 0x00, 0x00, 0x00, 0x00, 0x00, 0x00, 0x00, 0x00,
  0x00, 0x00, 0x00, 0x00, 0x00, 0x00, 0x00, 0x00, 0x00, 0x00, 0x00, 0x00, 0x00, 0x00, 0x00, 0x00, 0x00, 0x00, 0x00, 0x00, 0x00, 0x00, 0x00, 0x00,
  0x00, 0x00, 0x00, 0x00, 0x00, 0x00, 0xff, 0xff, 0x02, 0x00, 0x00, 0x00, 0x00, 0x00, 0x00, 0xbf, 0xf7, 0x5e, 0xdf, 0xf7, 0xba, 0xdf, 0xf7, 0xef,
  0xff, 0xff, 0xff, 0xff, 0xff, 0xff, 0xbf, 0xf7, 0xff, 0xbf, 0xf7, 0xff, 0xbf, 0xf7, 0xff, 0xbf, 0xf7, 0xff, 0xbf, 0xf7, 0xff, 0xbf, 0xf7, 0xff,
  0xbf, 0xf7, 0xff, 0xbf, 0xf7, 0xff, 0xbf, 0xf7, 0xff, 0xbf, 0xf7, 0xff, 0xbf, 0xf7, 0xff, 0xbf, 0xf7, 0xff, 0xbf, 0xf7, 0xff, 0xbf, 0xf7, 0xff,
  0xbf, 0xf7, 0xff, 0xbf, 0xf7, 0xff, 0xbf, 0xf7, 0xff, 0xbf, 0xf7, 0xff, 0xbf, 0xf7, 0xff, 0xbf, 0xf7, 0xff, 0xbf, 0xf7, 0xff, 0xbf, 0xf7, 0xfe,
  0xdf, 0xf7, 0xf8, 0x9f, 0xf7, 0x2a, 0x00, 0x00, 0x00, 0xff, 0xff, 0x02, 0x00, 0x00, 0x00, 0x00, 0x00, 0x00, 0x00, 0x00, 0x00, 0x00, 0x00, 0x00,
  0x00, 0x00, 0x00, 0x00, 0x00, 0x00, 0x00, 0x00, 0x00, 0x00, 0x00, 0x00, 0x00, 0x00, 0x00, 0x00, 0x00, 0x00, 0x00, 0x00, 0x00, 0x00, 0x00, 0x00,
  0x00, 0x00, 0x00, 0x00, 0x00, 0x00, 0x00, 0x00, 0x00, 0x00, 0x00, 0x00, 0x00, 0x00, 0x00, 0xff, 0xff, 0x02, 0x00, 0x00, 0x00, 0x1e, 0xe7, 0x12,
  0xdf, 0xf7, 0xb8, 0xff, 0xff, 0xff, 0xff, 0xff, 0xff, 0xdf, 0xf7, 0xff, 0xbf, 0xf7, 0xfd, 0xbf, 0xf7, 0xfd, 0xbf, 0xf7, 0xff, 0xbf, 0xf7, 0xff,
  0xbf, 0xf7, 0xff, 0xbf, 0xf7, 0xff, 0xbf, 0xf7, 0xff, 0xbf, 0xf7, 0xff, 0xbf, 0xf7, 0xff, 0xbf, 0xf7, 0xff, 0xbf, 0xf7, 0xff, 0xbf, 0xf7, 0xff,
  0xbf, 0xf7, 0xff, 0xbf, 0xf7, 0xff, 0xbf, 0xf7, 0xff, 0xbf, 0xf7, 0xff, 0xbf, 0xf7, 0xff, 0xbf, 0xf7, 0xff, 0xbf, 0xf7, 0xff, 0xbf, 0xf7, 0xff,
  0xbf, 0xf7, 0xff, 0xbf, 0xf7, 0xff, 0xbf, 0xf7, 0xff, 0xbf, 0xf7, 0xfd, 0xff, 0xff, 0xff, 0xbf, 0xf7, 0x44, 0x00, 0x00, 0x00, 0xff, 0xff, 0x03,
  0x00, 0x00, 0x00, 0x00, 0x00, 0x00, 0x00, 0x00, 0x00, 0x00, 0x00, 0x00, 0x00, 0x00, 0x00, 0x00, 0x00, 0x00, 0x00, 0x00, 0x00, 0x00, 0x00, 0x00,
  0x00, 0x00, 0x00, 0x00, 0x00, 0x00, 0x00, 0x00, 0x00, 0x00, 0x00, 0x00, 0x00, 0x00, 0x00, 0x00, 0x00, 0x00, 0x00, 0x00, 0x00, 0x00, 0x00, 0x00,
  0xff, 0xff, 0x01, 0xff, 0xff, 0x01, 0x9e, 0xf7, 0x12, 0xdf, 0xf7, 0xca, 0xff, 0xff, 0xff, 0xbf, 0xf7, 0xfa, 0xbf, 0xf7, 0xfc, 0xbf, 0xf7, 0xfe,
  0xbf, 0xf7, 0xff, 0xbf, 0xf7, 0xff, 0xbf, 0xf7, 0xff, 0xbf, 0xf7, 0xff, 0xbf, 0xf7, 0xff, 0xbf, 0xf7, 0xff, 0xbf, 0xf7, 0xff, 0xbf, 0xf7, 0xff,
  0xbf, 0xf7, 0xff, 0xbf, 0xf7, 0xff, 0xbf, 0xf7, 0xff, 0xbf, 0xf7, 0xff, 0xbf, 0xf7, 0xff, 0xbf, 0xf7, 0xff, 0xbf, 0xf7, 0xff, 0xbf, 0xf7, 0xff,
  0xbf, 0xf7, 0xff, 0xbf, 0xf7, 0xff, 0xbf, 0xf7, 0xff, 0xbf, 0xf7, 0xff, 0xbf, 0xf7, 0xff, 0xbf, 0xf7, 0xff, 0xbf, 0xf7, 0xff, 0xbf, 0xf7, 0xfd,
  0xff, 0xff, 0xff, 0xdf, 0xf7, 0x42, 0xff, 0xff, 0x02, 0xff, 0xff, 0x03, 0x00, 0x00, 0x00, 0x00, 0x00, 0x00, 0x00, 0x00, 0x00, 0x00, 0x00, 0x00,
  0x00, 0x00, 0x00, 0x00, 0x00, 0x00, 0x00, 0x00, 0x00, 0x00, 0x00, 0x00, 0x00, 0x00, 0x00, 0x00, 0x00, 0x00, 0x00, 0x00, 0x00, 0x00, 0x00, 0x00,
  0x00, 0x00, 0x00, 0x00, 0x00, 0x00, 0x00, 0x00, 0x00, 0xff, 0xff, 0x01, 0xff, 0xff, 0x02, 0xff, 0xff, 0x06, 0xbf, 0xf7, 0xc7, 0xff, 0xff, 0xff,
  0xbf, 0xef, 0xfa, 0xbf, 0xf7, 0xff, 0xbf, 0xf7, 0xff, 0xbf, 0xf7, 0xff, 0xbf, 0xf7, 0xff, 0xbf, 0xf7, 0xff, 0xbf, 0xf7, 0xff, 0xbf, 0xf7, 0xff,
  0xbf, 0xf7, 0xff, 0xbf, 0xf7, 0xff, 0xbf, 0xf7, 0xff, 0xbf, 0xf7, 0xff, 0xbf, 0xf7, 0xff, 0xbf, 0xf7, 0xff, 0xbf, 0xf7, 0xff, 0xbf, 0xf7, 0xff,
  0xbf, 0xf7, 0xff, 0xbf, 0xf7, 0xff, 0xbf, 0xf7, 0xff, 0xbf, 0xf7, 0xff, 0xbf, 0xf7, 0xff, 0xbf, 0xf7, 0xff, 0xbf, 0xf7, 0xff, 0xbf, 0xf7, 0xff,
  0xbf, 0xf7, 0xff, 0xbf, 0xf7, 0xff, 0xbf, 0xf7, 0xff, 0xbf, 0xf7, 0xfd, 0xff, 0xff, 0xff, 0xbf, 0xf7, 0x36, 0x00, 0x00, 0x00, 0xff, 0xff, 0x05,
  0x00, 0x00, 0x00, 0x00, 0x00, 0x00, 0x00, 0x00, 0x00, 0x00, 0x00, 0x00, 0x00, 0x00, 0x00, 0x00, 0x00, 0x00, 0x00, 0x00, 0x00, 0x00, 0x00, 0x00,
  0x00, 0x00, 0x00, 0x00, 0x00, 0x00, 0x00, 0x00, 0x00, 0x00, 0x00, 0x00, 0x00, 0x00, 0x00, 0x00, 0x00, 0x00, 0x00, 0x00, 0x00, 0xff, 0xff, 0x03,
  0x00, 0x00, 0x00, 0xbf, 0xf7, 0x7a, 0xff, 0xff, 0xff, 0x9f, 0xef, 0xfa, 0xbf, 0xf7, 0xff, 0xbf, 0xf7, 0xff, 0xbf, 0xf7, 0xff, 0xbf, 0xf7, 0xff,
  0xbf, 0xf7, 0xff, 0xbf, 0xf7, 0xff, 0xbf, 0xf7, 0xff, 0xbf, 0xf7, 0xff, 0xbf, 0xf7, 0xff, 0xbf, 0xf7, 0xff, 0xbf, 0xf7, 0xff, 0xbf, 0xf7, 0xff,
  0xbf, 0xf7, 0xff, 0xbf, 0xf7, 0xff, 0xbf, 0xf7, 0xff, 0xbf, 0xf7, 0xff, 0xbf, 0xf7, 0xff, 0xbf, 0xf7, 0xff, 0xbf, 0xf7, 0xff, 0xbf, 0xf7, 0xff,
  0xbf, 0xf7, 0xff, 0xbf, 0xf7, 0xff, 0xbf, 0xf7, 0xff, 0xbf, 0xf7, 0xff, 0xbf, 0xf7, 0xff, 0xbf, 0xf7, 0xff, 0xbf, 0xf7, 0xff, 0xbf, 0xf7, 0xfe,
  0xdf, 0xf7, 0xfd, 0xff, 0xff, 0xbf, 0x7f, 0xef, 0x31, 0x00, 0x00, 0x00, 0xff, 0xff, 0x03, 0x00, 0x00, 0x00, 0x00, 0x00, 0x00, 0x00, 0x00, 0x00,
  0x00, 0x00, 0x00, 0x00, 0x00, 0x00, 0x00, 0x00, 0x00, 0x00, 0x00, 0x00, 0x00, 0x00, 0x00, 0x00, 0x00, 0x00, 0x00, 0x00, 0x00, 0x00, 0x00, 0x00,
  0x00, 0x00, 0x00, 0x00, 0x00, 0x00, 0xff, 0xff, 0x01, 0xff, 0xff, 0x01, 0xff, 0xff, 0x0c, 0xbf, 0xf7, 0xde, 0xdf, 0xff, 0xfd, 0xbf, 0xf7, 0xfd,
  0xbf, 0xf7, 0xff, 0xbf, 0xf7, 0xff, 0xbf, 0xf7, 0xff, 0xbf, 0xf7, 0xff, 0xbf, 0xf7, 0xff, 0xbf, 0xf7, 0xff, 0xbf, 0xf7, 0xff, 0xbf, 0xf7, 0xff,
  0xbf, 0xf7, 0xff, 0xbf, 0xf7, 0xff, 0xbf, 0xf7, 0xff, 0xbf, 0xf7, 0xff, 0xbf, 0xf7, 0xff, 0xbf, 0xf7, 0xff, 0xbf, 0xf7, 0xff, 0xbf, 0xf7, 0xff,
  0xbf, 0xf7, 0xff, 0xbf, 0xf7, 0xff, 0xbf, 0xf7, 0xff, 0xbf, 0xf7, 0xff, 0xbf, 0xf7, 0xff, 0xbf, 0xf7, 0xff, 0xbf, 0xf7, 0xff, 0xbf, 0xf7, 0xff,
  0xbf, 0xf7, 0xff, 0xbf, 0xf7, 0xff, 0xbf, 0xf7, 0xff, 0xbf, 0xf7, 0xff, 0x9e, 0xef, 0xfe, 0xff, 0xff, 0xff, 0xdf, 0xff, 0xee, 0x9e, 0xef, 0x35,
  0x00, 0x00, 0x00, 0xff, 0xff, 0x02, 0x00, 0x00, 0x00, 0x00, 0x00, 0x00, 0x00, 0x00, 0x00, 0x00, 0x00, 0x00, 0x00, 0x00, 0x00, 0x00, 0x00, 0x00,
  0x00, 0x00, 0x00, 0x00, 0x00, 0x00, 0x00, 0x00, 0x00, 0x00, 0x00, 0x00, 0x00, 0x00, 0x00, 0x00, 0x00, 0x00, 0xff, 0xff, 0x03, 0x00, 0x00, 0x00,
  0xbf, 0xf7, 0x3c, 0xff, 0xff, 0xff, 0xbf, 0xf7, 0xfd, 0xbf, 0xf7, 0xff, 0xbf, 0xf7, 0xff, 0xbf, 0xf7, 0xff, 0xbf, 0xf7, 0xff, 0xbf, 0xf7, 0xff,
  0xbf, 0xf7, 0xff, 0xbf, 0xf7, 0xff, 0xbf, 0xf7, 0xff, 0xbf, 0xf7, 0xff, 0xbf, 0xf7, 0xff, 0xbf, 0xf7, 0xff, 0xbf, 0xf7, 0xff, 0xbf, 0xf7, 0xff,
  0xbf, 0xf7, 0xff, 0xbf, 0xf7, 0xff, 0xbf, 0xf7, 0xff, 0xbf, 0xf7, 0xff, 0xbf, 0xf7, 0xff, 0xbf, 0xf7, 0xff, 0xbf, 0xf7, 0xff, 0xbf, 0xf7, 0xff,
  0xbf, 0xf7, 0xff, 0xbf, 0xf7, 0xff, 0xbf, 0xf7, 0xff, 0xbf, 0xf7, 0xff, 0xbf, 0xf7, 0xff, 0xbf, 0xf7, 0xff, 0xbf, 0xf7, 0xff, 0xbf, 0xf7, 0xff,
  0xbf, 0xf7, 0xff, 0x9f, 0xef, 0xfb, 0xdf, 0xff, 0xff, 0xdf, 0xf7, 0xee, 0xbf, 0xf7, 0x23, 0xff, 0xff, 0x01, 0xff, 0xff, 0x02, 0x00, 0x00, 0x00,
  0x00, 0x00, 0x00, 0x00, 0x00, 0x00, 0x00, 0x00, 0x00, 0x00, 0x00, 0x00, 0x00, 0x00, 0x00, 0x00, 0x00, 0x00, 0x00, 0x00, 0x00, 0x00, 0x00, 0x00,
  0x00, 0x00, 0x00, 0x00, 0x00, 0x00, 0xff, 0xff, 0x04, 0x00, 0x00, 0x00, 0xbf, 0xf7, 0x70, 0xff, 0xff, 0xfe, 0xbf, 0xf7, 0xfb, 0xbf, 0xf7, 0xff,
  0xbf, 0xf7, 0xff, 0xbf, 0xf7, 0xff, 0xbf, 0xf7, 0xff, 0xbf, 0xf7, 0xff, 0xbf, 0xf7, 0xff, 0xbf, 0xf7, 0xff, 0xbf, 0xf7, 0xff, 0xbf, 0xf7, 0xff,
  0xbf, 0xf7, 0xff, 0xbf, 0xf7, 0xff, 0xbf, 0xf7, 0xff, 0xbf, 0xf7, 0xff, 0xbf, 0xf7, 0xff, 0xbf, 0xf7, 0xff, 0xbf, 0xf7, 0xff, 0xbf, 0xf7, 0xff,
  0xbf, 0xf7, 0xff, 0xbf, 0xf7, 0xff, 0xbf, 0xf7, 0xff, 0xbf, 0xf7, 0xff, 0xbf, 0xf7, 0xff, 0xbf, 0xf7, 0xff, 0xbf, 0xf7, 0xff, 0xbf, 0xf7, 0xff,
  0xbf, 0xf7, 0xff, 0xbf, 0xf7, 0xff, 0xbf, 0xf7, 0xff, 0xbf, 0xf7, 0xff, 0xbf, 0xf7, 0xff, 0xbf, 0xf7, 0xff, 0xbf, 0xef, 0xfa, 0xff, 0xff, 0xff,
  0x9f, 0xf7, 0xa1, 0x00, 0x00, 0x00, 0xff, 0xff, 0x03, 0x00, 0x00, 0x00, 0x00, 0x00, 0x00, 0x00, 0x00, 0x00, 0x00, 0x00, 0x00, 0x00, 0x00, 0x00,
  0x00, 0x00, 0x00, 0x00, 0x00, 0x00, 0x00, 0x00, 0x00, 0x00, 0x00, 0x00, 0x00, 0x00, 0x00, 0x00, 0x00, 0x00, 0xff, 0xff, 0x04, 0x00, 0x00, 0x00,
  0xbf, 0xf7, 0x83, 0xff, 0xff, 0xff, 0xbf, 0xf7, 0xfb, 0xbf, 0xf7, 0xff, 0xbf, 0xf7, 0xff, 0xbf, 0xf7, 0xff, 0xbf, 0xf7, 0xff, 0xbf, 0xf7, 0xff,
  0xbf, 0xf7, 0xff, 0xbf, 0xf7, 0xff, 0xbf, 0xf7, 0xff, 0xbf, 0xf7, 0xff, 0xbf, 0xf7, 0xff, 0xbf, 0xf7, 0xff, 0xbf, 0xf7, 0xff, 0xbf, 0xf7, 0xff,
  0xbf, 0xf7, 0xff, 0xbf, 0xf7, 0xff, 0xbf, 0xf7, 0xff, 0xbf, 0xf7, 0xff, 0xbf, 0xf7, 0xff, 0xbf, 0xf7, 0xff, 0xbf, 0xf7, 0xff, 0xbf, 0xf7, 0xff,
  0xbf, 0xf7, 0xff, 0xbf, 0xf7, 0xff, 0xbf, 0xf7, 0xff, 0xbf, 0xf7, 0xff, 0xbf, 0xf7, 0xff, 0xbf, 0xf7, 0xff, 0xbf, 0xf7, 0xff, 0xbf, 0xf7, 0xff,
  0xbf, 0xf7, 0xff, 0xbf, 0xf7, 0xff, 0xbf, 0xf7, 0xfe, 0xbf, 0xf7, 0xfd, 0xdf, 0xf7, 0xf8, 0xbe, 0xf7, 0x23, 0x00, 0x00, 0x00, 0xff, 0xff, 0x02,
  0x00, 0x00, 0x00, 0x00, 0x00, 0x00, 0x00, 0x00, 0x00, 0x00, 0x00, 0x00, 0x00, 0x00, 0x00, 0x00, 0x00, 0x00, 0x00, 0x00, 0x00, 0x00, 0x00, 0x00,
  0x00, 0x00, 0x00, 0x00, 0x00, 0x00, 0xff, 0xff, 0x04, 0xff, 0xff, 0x02, 0x9e, 0xef, 0x7f, 0xff, 0xff, 0xff, 0xbf, 0xf7, 0xfb, 0xbf, 0xf7, 0xff,
  0xbf, 0xf7, 0xff, 0xbf, 0xf7, 0xff, 0xbf, 0xf7, 0xff, 0xbf, 0xf7, 0xff, 0xbf, 0xf7, 0xff, 0xbf, 0xf7, 0xff, 0xbf, 0xf7, 0xff, 0xbf, 0xf7, 0xff,
  0xbf, 0xf7, 0xff, 0xbf, 0xf7, 0xff, 0xbf, 0xf7, 0xff, 0xbf, 0xf7, 0xff, 0xbf, 0xf7, 0xff, 0xbf, 0xf7, 0xff, 0xbf, 0xf7, 0xff, 0xbf, 0xf7, 0xff,
  0xbf, 0xf7, 0xff, 0xbf, 0xf7, 0xff, 0xbf, 0xf7, 0xff, 0xbf, 0xf7, 0xff, 0xbf, 0xf7, 0xff, 0xbf, 0xf7, 0xff, 0xbf, 0xf7, 0xff, 0xbf, 0xf7, 0xff,
  0xbf, 0xf7, 0xff, 0xbf, 0xf7, 0xff, 0xbf, 0xf7, 0xff, 0xbf, 0xf7, 0xff, 0xbf, 0xf7, 0xff, 0xbf, 0xf7, 0xff, 0xbf, 0xf7, 0xff, 0x9f, 0xef, 0xfc,
  0xff, 0xff, 0xff, 0xbf, 0xf7, 0x64, 0x00, 0x00, 0x00, 0xff, 0xff, 0x04, 0x00, 0x00, 0x00, 0x00, 0x00, 0x00, 0x00, 0x00, 0x00, 0x00, 0x00, 0x00,
  0x00, 0x00, 0x00, 0x00, 0x00, 0x00, 0x00, 0x00, 0x00, 0x00, 0x00, 0x00, 0x00, 0x00, 0x00, 0x00, 0x00, 0x00, 0xff, 0xff, 0x04, 0x00, 0x00, 0x00,
  0x3d, 0xe7, 0x81, 0xff, 0xff, 0xff, 0xbf, 0xf7, 0xfb, 0xbf, 0xf7, 0xff, 0xbf, 0xf7, 0xff, 0xbf, 0xf7, 0xff, 0xbf, 0xf7, 0xff, 0xbf, 0xf7, 0xff,
  0xbf, 0xf7, 0xff, 0xbf, 0xf7, 0xff, 0xbf, 0xf7, 0xff, 0xbf, 0xf7, 0xff, 0xbf, 0xf7, 0xff, 0xbf, 0xf7, 0xff, 0xbf, 0xf7, 0xff, 0xbf, 0xf7, 0xff,
  0xbf, 0xf7, 0xff, 0xbf, 0xf7, 0xff, 0xbf, 0xf7, 0xff, 0xbf, 0xf7, 0xff, 0xbf, 0xf7, 0xff, 0xbf, 0xf7, 0xff, 0xbf, 0xf7, 0xff, 0xbf, 0xf7, 0xff,
  0xbf, 0xf7, 0xff, 0xbf, 0xf7, 0xff, 0xbf, 0xf7, 0xff, 0xbf, 0xf7, 0xff, 0xbf, 0xf7, 0xff, 0xbf, 0xf7, 0xff, 0xbf, 0xf7, 0xff, 0xbf, 0xf7, 0xff,
  0xbf, 0xf7, 0xff, 0xbf, 0xf7, 0xff, 0xbf, 0xf7, 0xff, 0xbf, 0xf7, 0xfb, 0xff, 0xff, 0xfe, 0xbf, 0xef, 0x84, 0x00, 0x00, 0x00, 0xff, 0xff, 0x04,
  0x00, 0x00, 0x00, 0x00, 0x00, 0x00, 0x00, 0x00, 0x00, 0x00, 0x00, 0x00, 0x00, 0x00, 0x00, 0x00, 0x00, 0x00, 0x00, 0x00, 0x00, 0x00, 0x00, 0x00,
  0x00, 0x00, 0x00, 0xff, 0xff, 0x02, 0x00, 0x00, 0x00, 0x9f, 0xf7, 0x2e, 0xdf, 0xff, 0xe6, 0xdf, 0xf7, 0xfd, 0xbf, 0xf7, 0xfe, 0xbf, 0xf7, 0xff,
  0xbf, 0xf7, 0xff, 0xbf, 0xf7, 0xff, 0xbf, 0xf7, 0xff, 0xbf, 0xf7, 0xff, 0xbf, 0xf7, 0xff, 0xbf, 0xf7, 0xff, 0xbf, 0xf7, 0xff, 0xbf, 0xf7, 0xff,
  0xbf, 0xf7, 0xff, 0xbf, 0xf7, 0xff, 0xbf, 0xf7, 0xff, 0xbf, 0xf7, 0xff, 0xbf, 0xf7, 0xff, 0xbf, 0xf7, 0xff, 0xbf, 0xf7, 0xff, 0xbf, 0xf7, 0xff,
  0xbf, 0xf7, 0xff, 0xbf, 0xf7, 0xff, 0xbf, 0xf7, 0xff, 0xbf, 0xf7, 0xff, 0xbf, 0xf7, 0xff, 0xbf, 0xf7, 0xff, 0xbf, 0xf7, 0xff, 0xbf, 0xf7, 0xff,
  0xbf, 0xf7, 0xff, 0xbf, 0xf7, 0xff, 0xbf, 0xf7, 0xff, 0xbf, 0xf7, 0xff, 0xbf, 0xf7, 0xff, 0xbf, 0xf7, 0xff, 0xbf, 0xf7, 0xff, 0xbf, 0xf7, 0xfb,
  0xff, 0xff, 0xff, 0xbf, 0xf7, 0x80, 0x00, 0x00, 0x00, 0xff, 0xff, 0x04, 0x00, 0x00, 0x00, 0x00, 0x00, 0x00, 0x00, 0x00, 0x00, 0x00, 0x00, 0x00,
  0x00, 0x00, 0x00, 0x00, 0x00, 0x00, 0x00, 0x00, 0x00, 0x00, 0x00, 0x00, 0xff, 0xff, 0x01, 0xff, 0xff, 0x02, 0xff, 0xff, 0x09, 0xbf, 0xf7, 0xcf,
  0xff, 0xff, 0xff, 0x9e, 0xef, 0xfd, 0xbf, 0xf7, 0xff, 0xbf, 0xf7, 0xff, 0xbf, 0xf7, 0xff, 0xbf, 0xf7, 0xff, 0xbf, 0xf7, 0xff, 0xbf, 0xf7, 0xff,
  0xbf, 0xf7, 0xff, 0xbf, 0xf7, 0xff, 0xbf, 0xf7, 0xff, 0xbf, 0xf7, 0xff, 0xbf, 0xf7, 0xff, 0xbf, 0xf7, 0xff, 0xbf, 0xf7, 0xff, 0xbf, 0xf7, 0xff,
  0xbf, 0xf7, 0xff, 0xbf, 0xf7, 0xff, 0xbf, 0xf7, 0xff, 0xbf, 0xf7, 0xff, 0xbf, 0xf7, 0xff, 0xbf, 0xf7, 0xff, 0xbf, 0xf7, 0xff, 0xbf, 0xf7, 0xff,
  0xbf, 0xf7, 0xff, 0xbf, 0xf7, 0xff, 0xbf, 0xf7, 0xff, 0xbf, 0xf7, 0xff, 0xbf, 0xf7, 0xff, 0xbf, 0xf7, 0xff, 0xbf, 0xf7, 0xff, 0xbf, 0xf7, 0xff,
  0xbf, 0xf7, 0xff, 0xbf, 0xf7, 0xff, 0xbf, 0xf7, 0xff, 0xbf, 0xf7, 0xfb, 0xff, 0xff, 0xff, 0x7e, 0xef, 0x7d, 0x00, 0x00, 0x00, 0xff, 0xff, 0x04,
  0x00, 0x00, 0x00, 0x00, 0x00, 0x00, 0x00, 0x00, 0x00, 0x00, 0x00, 0x00, 0x00, 0x00, 0x00, 0x00, 0x00, 0x00, 0x00, 0x00, 0x00, 0x00, 0x00, 0x00,
  0xff, 0xff, 0x03, 0x00, 0x00, 0x00, 0xbf, 0xf7, 0x4b, 0xff, 0xff, 0xff, 0xbf, 0xf7, 0xfb, 0xbf, 0xf7, 0xff, 0xbf, 0xf7, 0xff, 0xbf, 0xf7, 0xff,
  0xbf, 0xf7, 0xff, 0xbf, 0xf7, 0xff, 0xbf, 0xf7, 0xff, 0xbf, 0xf7, 0xff, 0xbf, 0xf7, 0xff, 0xbf, 0xf7, 0xff, 0xbf, 0xf7, 0xff, 0xbf, 0xf7, 0xff,
  0xbf, 0xf7, 0xff, 0xbf, 0xf7, 0xff, 0xbf, 0xf7, 0xff, 0xbf, 0xf7, 0xff, 0xbf, 0xf7, 0xff, 0xbf, 0xf7, 0xff, 0xbf, 0xf7, 0xff, 0xbf, 0xf7, 0xff,
  0xbf, 0xf7, 0xff, 0xbf, 0xf7, 0xff, 0xbf, 0xf7, 0xff, 0xbf, 0xf7, 0xff, 0xbf, 0xf7, 0xff, 0xbf, 0xf7, 0xff, 0xbf, 0xf7, 0xff, 0xbf, 0xf7, 0xff,
  0xbf, 0xf7, 0xff, 0xbf, 0xf7, 0xff, 0xbf, 0xf7, 0xff, 0xbf, 0xf7, 0xff, 0xbf, 0xf7, 0xff, 0xbf, 0xf7, 0xff, 0xbf, 0xf7, 0xff, 0xbf, 0xf7, 0xfb,
  0xff, 0xff, 0xff, 0x9e, 0xef, 0x8c, 0x00, 0x00, 0x00, 0xff, 0xff, 0x04, 0x00, 0x00, 0x00, 0x00, 0x00, 0x00, 0x00, 0x00, 0x00, 0x00, 0x00, 0x00,
  0x00, 0x00, 0x00, 0x00, 0x00, 0x00, 0x00, 0x00, 0x00, 0x00, 0x00, 0x00, 0xff, 0xff, 0x03, 0x00, 0x00, 0x00, 0xbf, 0xf7, 0xa2, 0xff, 0xff, 0xfe,
  0xbf, 0xf7, 0xfb, 0xbf, 0xf7, 0xff, 0xbf, 0xf7, 0xff, 0xbf, 0xf7, 0xff, 0xbf, 0xf7, 0xff, 0xbf, 0xf7, 0xff, 0xbf, 0xf7, 0xff, 0xbf, 0xf7, 0xff,
  0xbf, 0xf7, 0xff, 0xbf, 0xf7, 0xff, 0xbf, 0xf7, 0xff, 0xbf, 0xf7, 0xff, 0xbf, 0xf7, 0xff, 0xbf, 0xf7, 0xff, 0xbf, 0xf7, 0xff, 0xbf, 0xf7, 0xff,
  0xbf, 0xf7, 0xff, 0xbf, 0xf7, 0xff, 0xbf, 0xf7, 0xff, 0xbf, 0xf7, 0xff, 0xbf, 0xf7, 0xff, 0xbf, 0xf7, 0xff, 0xbf, 0xf7, 0xff, 0xbf, 0xf7, 0xff,
  0xbf, 0xf7, 0xff, 0xbf, 0xf7, 0xff, 0xbf, 0xf7, 0xff, 0xbf, 0xf7, 0xff, 0xbf, 0xf7, 0xff, 0xbf, 0xf7, 0xff, 0xbf, 0xf7, 0xff, 0xbf, 0xf7, 0xff,
  0xbf, 0xf7, 0xff, 0xbf, 0xf7, 0xff, 0xbf, 0xf7, 0xff, 0xbf, 0xf7, 0xfd, 0xff, 0xff, 0xff, 0xbf, 0xf7, 0xd9, 0x1c, 0xe7, 0x09, 0xff, 0xff, 0x01,
  0xff, 0xff, 0x01, 0x00, 0x00, 0x00, 0x00, 0x00, 0x00, 0x00, 0x00, 0x00, 0x00, 0x00, 0x00, 0x00, 0x00, 0x00, 0x00, 0x00, 0x00, 0x00, 0x00, 0x00,
  0xff, 0xff, 0x02, 0x00, 0x00, 0x00, 0xbf, 0xef, 0xc2, 0xff, 0xff, 0xff, 0xbf, 0xf7, 0xfc, 0xbf, 0xf7, 0xff, 0xbf, 0xf7, 0xff, 0xbf, 0xf7, 0xff,
  0xbf, 0xf7, 0xff, 0xbf, 0xf7, 0xff, 0xbf, 0xf7, 0xff, 0xbf, 0xf7, 0xff, 0xbf, 0xf7, 0xff, 0xbf, 0xf7, 0xff, 0xbf, 0xf7, 0xff, 0xbf, 0xf7, 0xff,
  0xbf, 0xf7, 0xff, 0xbf, 0xf7, 0xff, 0xbf, 0xf7, 0xff, 0xbf, 0xf7, 0xff, 0xbf, 0xf7, 0xff, 0xbf, 0xf7, 0xff, 0xbf, 0xf7, 0xff, 0xbf, 0xf7, 0xff,
  0xbf, 0xf7, 0xff, 0xbf, 0xf7, 0xff, 0xbf, 0xf7, 0xff, 0xbf, 0xf7, 0xff, 0xbf, 0xf7, 0xff, 0xbf, 0xf7, 0xff, 0xbf, 0xf7, 0xff, 0xbf, 0xf7, 0xff,
  0xbf, 0xf7, 0xff, 0xbf, 0xf7, 0xff, 0xbf, 0xf7, 0xff, 0xbf, 0xf7, 0xff, 0xbf, 0xf7, 0xff, 0xbf, 0xf7, 0xff, 0xbf, 0xf7, 0xff, 0xbf, 0xf7, 0xfe,
  0xdf, 0xf7, 0xff, 0xbf, 0xf7, 0xf1, 0x9e, 0xf7, 0x12, 0x00, 0x00, 0x00, 0xff, 0xff, 0x01, 0x00, 0x00, 0x00, 0x00, 0x00, 0x00, 0x00, 0x00, 0x00,
  0x00, 0x00, 0x00, 0x00, 0x00, 0x00, 0x00, 0x00, 0x00, 0x00, 0x00, 0x00, 0xff, 0xff, 0x02, 0x00, 0x00, 0x00, 0xbf, 0xf7, 0xbc, 0xff, 0xff, 0xff,
  0xbf, 0xf7, 0xfc, 0xbf, 0xf7, 0xff, 0xbf, 0xf7, 0xff, 0xbf, 0xf7, 0xff, 0xbf, 0xf7, 0xff, 0xbf, 0xf7, 0xff, 0xbf, 0xf7, 0xff, 0xbf, 0xf7, 0xff,
  0xbf, 0xf7, 0xff, 0xbf, 0xf7, 0xff, 0xbf, 0xf7, 0xff, 0xbf, 0xf7, 0xff, 0xbf, 0xf7, 0xff, 0xbf, 0xf7, 0xff, 0xbf, 0xf7, 0xff, 0xbf, 0xf7, 0xff,
  0xbf, 0xf7, 0xff, 0xbf, 0xf7, 0xff, 0xbf, 0xf7, 0xff, 0xbf, 0xf7, 0xff, 0xbf, 0xf7, 0xff, 0xbf, 0xf7, 0xff, 0xbf, 0xf7, 0xff, 0xbf, 0xf7, 0xff,
  0xbf, 0xf7, 0xff, 0xbf, 0xf7, 0xff, 0xbf, 0xf7, 0xff, 0xbf, 0xf7, 0xff, 0xbf, 0xf7, 0xff, 0xbf, 0xf7, 0xff, 0xbf, 0xf7, 0xff, 0xbf, 0xf7, 0xff,
  0xbf, 0xf7, 0xff, 0xbf, 0xf7, 0xff, 0xbf, 0xf7, 0xff, 0xbf, 0xf7, 0xfe, 0xdf, 0xf7, 0xff, 0xbf, 0xf7, 0xec, 0xff, 0xff, 0x10, 0x00, 0x00, 0x00,
  0xff, 0xff, 0x01, 0x00, 0x00, 0x00, 0x00, 0x00, 0x00, 0x00, 0x00, 0x00, 0x00, 0x00, 0x00, 0x00, 0x00, 0x00, 0x00, 0x00, 0x00, 0x00, 0x00, 0x00,
  0xff, 0xff, 0x02, 0x00, 0x00, 0x00, 0x7e, 0xe7, 0xc1, 0xff, 0xff, 0xff, 0xbf, 0xf7, 0xfc, 0xbf, 0xf7, 0xff, 0xbf, 0xf7, 0xff, 0xbf, 0xf7, 0xff,
  0xbf, 0xf7, 0xff, 0xbf, 0xf7, 0xff, 0xbf, 0xf7, 0xff, 0xbf, 0xf7, 0xff, 0xbf, 0xf7, 0xff, 0xbf, 0xf7, 0xff, 0xbf, 0xf7, 0xff, 0xbf, 0xf7, 0xff,
  0xbf, 0xf7, 0xff, 0xbf, 0xf7, 0xff, 0xbf, 0xf7, 0xff, 0xbf, 0xf7, 0xff, 0xbf, 0xf7, 0xff, 0xbf, 0xf7, 0xff, 0xbf, 0xf7, 0xff, 0xbf, 0xf7, 0xff,
  0xbf, 0xf7, 0xff, 0xbf, 0xf7, 0xff, 0xbf, 0xf7, 0xff, 0xbf, 0xf7, 0xff, 0xbf, 0xf7, 0xff, 0xbf, 0xf7, 0xff, 0xbf, 0xf7, 0xff, 0xbf, 0xf7, 0xff,
  0xbf, 0xf7, 0xff, 0xbf, 0xf7, 0xff, 0xbf, 0xf7, 0xff, 0xbf, 0xf7, 0xff, 0xbf, 0xf7, 0xff, 0xbf, 0xf7, 0xff, 0xbf, 0xf7, 0xff, 0xbf, 0xf7, 0xfe,
  0xdf, 0xf7, 0xff, 0x9e, 0xef, 0xf0, 0x3a, 0xbe, 0x12, 0x00, 0x00, 0x00, 0xff, 0xff, 0x01, 0x00, 0x00, 0x00, 0x00, 0x00, 0x00, 0x00, 0x00, 0x00,
  0x00, 0x00, 0x00, 0x00, 0x00, 0x00, 0x00, 0x00, 0x00, 0x00, 0x00, 0x00, 0xff, 0xff, 0x03, 0x00, 0x00, 0x00, 0xfd, 0xde, 0xa4, 0xff, 0xff, 0xfe,
  0xbf, 0xf7, 0xfb, 0xbf, 0xf7, 0xff, 0xbf, 0xf7, 0xff, 0xbf, 0xf7, 0xff, 0xbf, 0xf7, 0xff, 0xbf, 0xf7, 0xff, 0xbf, 0xf7, 0xff, 0xbf, 0xf7, 0xff,
  0xbf, 0xf7, 0xff, 0xbf, 0xf7, 0xff, 0xbf, 0xf7, 0xff, 0xbf, 0xf7, 0xff, 0xbf, 0xf7, 0xff, 0xbf, 0xf7, 0xff, 0xbf, 0xf7, 0xff, 0xbf, 0xf7, 0xff,
  0xbf, 0xf7, 0xff, 0xbf, 0xf7, 0xff, 0xbf, 0xf7, 0xff, 0xbf, 0xf7, 0xff, 0xbf, 0xf7, 0xff, 0xbf, 0xf7, 0xff, 0xbf, 0xf7, 0xff, 0xbf, 0xf7, 0xff,
  0xbf, 0xf7, 0xff, 0xbf, 0xf7, 0xff, 0xbf, 0xf7, 0xff, 0xbf, 0xf7, 0xff, 0xbf, 0xf7, 0xff, 0xbf, 0xf7, 0xff, 0xbf, 0xf7, 0xff, 0xbf, 0xf7, 0xff,
  0xbf, 0xf7, 0xff, 0xbf, 0xf7, 0xff, 0xbf, 0xf7, 0xff, 0xbf, 0xef, 0xfd, 0xff, 0xff, 0xfe, 0x3d, 0xdf, 0xdb, 0x75, 0x8c, 0x09, 0xff, 0xff, 0x01,
  0xff, 0xff, 0x01, 0x00, 0x00, 0x00, 0x00, 0x00, 0x00, 0x00, 0x00, 0x00, 0x00, 0x00, 0x00, 0x00, 0x00, 0x00, 0x00, 0x00, 0x00, 0x00, 0x00, 0x00,
  0xff, 0xbf, 0x04, 0x00, 0x00, 0x00, 0x9b, 0xc6, 0x5a, 0xdf, 0xf7, 0xff, 0xbf, 0xf7, 0xfb, 0xbf, 0xf7, 0xff, 0xbf, 0xf7, 0xff, 0xbf, 0xf7, 0xff,
  0xbf, 0xf7, 0xff, 0xbf, 0xf7, 0xff, 0xbf, 0xf7, 0xff, 0xbf, 0xf7, 0xff, 0xbf, 0xf7, 0xff, 0xbf, 0xf7, 0xff, 0xbf, 0xf7, 0xff, 0xbf, 0xf7, 0xff,
  0xbf, 0xf7, 0xff, 0xbf, 0xf7, 0xff, 0xbf, 0xf7, 0xff, 0xbf, 0xf7, 0xff, 0xbf, 0xf7, 0xff, 0xbf, 0xf7, 0xff, 0xbf, 0xf7, 0xff, 0xbf, 0xf7, 0xff,
  0xbf, 0xf7, 0xff, 0xbf, 0xf7, 0xff, 0xbf, 0xf7, 0xff, 0xbf, 0xf7, 0xff, 0xbf, 0xf7, 0xff, 0xbf, 0xf7, 0xff, 0xbf, 0xf7, 0xff, 0xbf, 0xf7, 0xff,
  0xbf, 0xf7, 0xff, 0xbf, 0xf7, 0xff, 0xbf, 0xf7, 0xff, 0xbf, 0xf7, 0xff, 0xbf, 0xf7, 0xff, 0xbf, 0xf7, 0xff, 0xbf, 0xf7, 0xff, 0xbf, 0xf7, 0xfb,
  0xff, 0xff, 0xff, 0xbc, 0xce, 0x9b, 0x00, 0x00, 0x00, 0xff, 0xff, 0x03, 0x00, 0x00, 0x00, 0x00, 0x00, 0x00, 0x00, 0x00, 0x00, 0x00, 0x00, 0x00,
  0x00, 0x00, 0x00, 0x00, 0x00, 0x00, 0x00, 0x00, 0x00, 0x00, 0x00, 0x00, 0xff, 0x07, 0x01, 0xff, 0xff, 0x01, 0xf7, 0x9c, 0x08, 0xbc, 0xce, 0xda,
  0xdf, 0xf7, 0xff, 0xbf, 0xf7, 0xfb, 0xbf, 0xf7, 0xff, 0xbf, 0xf7, 0xff, 0xbf, 0xf7, 0xff, 0xbf, 0xf7, 0xff, 0xbf, 0xf7, 0xff, 0xbf, 0xf7, 0xff,
  0xbf, 0xf7, 0xff, 0xbf, 0xf7, 0xff, 0xbf, 0xf7, 0xff, 0xbf, 0xf7, 0xff, 0xbf, 0xf7, 0xff, 0xbf, 0xf7, 0xff, 0xbf, 0xf7, 0xff, 0xbf, 0xf7, 0xff,
  0xbf, 0xf7, 0xff, 0xbf, 0xf7, 0xff, 0xbf, 0xf7, 0xff, 0xbf, 0xf7, 0xff, 0xbf, 0xf7, 0xff, 0xbf, 0xf7, 0xff, 0xbf, 0xf7, 0xff, 0xbf, 0xf7, 0xff,
  0xbf, 0xf7, 0xff, 0xbf, 0xf7, 0xff, 0xbf, 0xf7, 0xff, 0xbf, 0xf7, 0xff, 0xbf, 0xf7, 0xff, 0xbf, 0xf7, 0xff, 0xbf, 0xf7, 0xff, 0xbf, 0xf7, 0xff,
  0xbf, 0xf7, 0xff, 0xbf, 0xf7, 0xff, 0xbf, 0xf7, 0xfd, 0xbf, 0xf7, 0xfd, 0x1d, 0xd7, 0xfe, 0x7b, 0xbe, 0x28, 0x00, 0x00, 0x01, 0xff, 0xff, 0x02,
  0x00, 0x00, 0x00, 0x00, 0x00, 0x00, 0x00, 0x00, 0x00, 0x00, 0x00, 0x00, 0x00, 0x00, 0x00, 0x00, 0x00, 0x00, 0x00, 0x00, 0x00, 0x00, 0x00, 0x00,
  0x00, 0x00, 0x00, 0xff, 0xff, 0x02, 0x00, 0x00, 0x00, 0x7b, 0xc6, 0x35, 0xfd, 0xd6, 0xee, 0x9f, 0xef, 0xff, 0xbf, 0xf7, 0xfa, 0xbf, 0xf7, 0xfd,
  0xbf, 0xf7, 0xfe, 0xbf, 0xf7, 0xfe, 0xbf, 0xf7, 0xfe, 0xbf, 0xf7, 0xfe, 0xbf, 0xf7, 0xfe, 0xbf, 0xf7, 0xfe, 0xbf, 0xf7, 0xfe, 0xbf, 0xf7, 0xfe,
  0xbf, 0xf7, 0xfe, 0xbf, 0xf7, 0xfe, 0xbf, 0xf7, 0xfe, 0xbf, 0xf7, 0xfe, 0xbf, 0xf7, 0xfe, 0xbf, 0xf7, 0xfe, 0xbf, 0xf7, 0xfe, 0xbf, 0xf7, 0xfe,
  0xbf, 0xf7, 0xfe, 0xbf, 0xf7, 0xfe, 0xbf, 0xf7, 0xfe, 0xbf, 0xf7, 0xfe, 0xbf, 0xf7, 0xfe, 0xbf, 0xf7, 0xfe, 0xbf, 0xf7, 0xfe, 0xbf, 0xf7, 0xfe,
  0xbf, 0xf7, 0xfe, 0xbf, 0xf7, 0xfe, 0xbf, 0xf7, 0xfe, 0xbf, 0xf7, 0xfe, 0xbf, 0xf7, 0xfd, 0xbf, 0xf7, 0xfb, 0x9e, 0xef, 0xfe, 0x3e, 0xdf, 0xff,
  0x7b, 0xc6, 0x65, 0x00, 0x00, 0x00, 0xff, 0xff, 0x02, 0x00, 0x00, 0x00, 0x00, 0x00, 0x00, 0x00, 0x00, 0x00, 0x00, 0x00, 0x00, 0x00, 0x00, 0x00,
  0x00, 0x00, 0x00, 0x00, 0x00, 0x00, 0x00, 0x00, 0x00, 0x00, 0x00, 0x00, 0x00, 0x00, 0x00, 0x00, 0x00, 0x00, 0xff, 0xff, 0x02, 0x00, 0x00, 0x00,
  0x7b, 0xc6, 0x35, 0xdd, 0xd6, 0xe5, 0x7e, 0xe7, 0xff, 0x7e, 0xef, 0xff, 0x9e, 0xef, 0xff, 0x9e, 0xef, 0xff, 0x9e, 0xef, 0xff, 0x9e, 0xef, 0xff,
  0x9e, 0xef, 0xff, 0x9e, 0xef, 0xff, 0x9e, 0xef, 0xff, 0x9e, 0xef, 0xff, 0x9e, 0xef, 0xff, 0x9e, 0xef, 0xff, 0x9e, 0xef, 0xff, 0x9e, 0xef, 0xff,
  0x9e, 0xef, 0xff, 0x9e, 0xef, 0xff, 0x9e, 0xef, 0xff, 0x9e, 0xef, 0xff, 0x9e, 0xef, 0xff, 0x9e, 0xef, 0xff, 0x9e, 0xef, 0xff, 0x9e, 0xef, 0xff,
  0x9e, 0xef, 0xff, 0x9e, 0xef, 0xff, 0x9e, 0xef, 0xff, 0x9e, 0xef, 0xff, 0x9e, 0xef, 0xff, 0x9e, 0xef, 0xff, 0x9e, 0xef, 0xff, 0x9e, 0xef, 0xff,
  0x9e, 0xef, 0xff, 0x7e, 0xe7, 0xff, 0xfd, 0xd6, 0xfa, 0x9b, 0xc6, 0x65, 0x00, 0x00, 0x00, 0xff, 0xaf, 0x03, 0x00, 0x00, 0x00, 0x00, 0x00, 0x00,
  0x00, 0x00, 0x00, 0x00, 0x00, 0x00, 0x00, 0x00, 0x00, 0x00, 0x00, 0x00, 0x00, 0x00, 0x00, 0x00, 0x00, 0x00, 0x00, 0x00, 0x00, 0x00, 0x00, 0x00,
  0x00, 0x00, 0x00, 0x00, 0x00, 0x00, 0x00, 0x00, 0x00, 0x5f, 0xad, 0x03, 0x00, 0x00, 0x00, 0x9a, 0xc6, 0x16, 0xbc, 0xce, 0x80, 0xdc, 0xce, 0xc9,
  0xbc, 0xce, 0xed, 0x9b, 0xce, 0xee, 0xbb, 0xce, 0xee, 0xbb, 0xce, 0xee, 0xbb, 0xce, 0xee, 0xbb, 0xce, 0xee, 0xbb, 0xce, 0xee, 0xbb, 0xce, 0xee,
  0xbb, 0xce, 0xee, 0xbb, 0xce, 0xee, 0xbb, 0xce, 0xee, 0xbb, 0xce, 0xee, 0xbb, 0xce, 0xee, 0xbb, 0xce, 0xee, 0xbb, 0xce, 0xee, 0xbb, 0xce, 0xee,
  0xbb, 0xce, 0xee, 0xbb, 0xce, 0xee, 0xbb, 0xce, 0xee, 0xbb, 0xce, 0xee, 0xbb, 0xce, 0xee, 0xbb, 0xce, 0xee, 0xbb, 0xce, 0xee, 0xbb, 0xce, 0xee,
  0xbb, 0xce, 0xee, 0xbb, 0xce, 0xee, 0x9b, 0xce, 0xee, 0xbc, 0xce, 0xed, 0xdc, 0xce, 0xd5, 0xbc, 0xce, 0x9b, 0x9b, 0xc6, 0x2c, 0x00, 0x00, 0x00,
  0xff, 0xff, 0x03, 0x00, 0x00, 0x00, 0x00, 0x00, 0x00, 0x00, 0x00, 0x00, 0x00, 0x00, 0x00, 0x00, 0x00, 0x00, 0x00, 0x00, 0x00, 0x00, 0x00, 0x00,
  0x00, 0x00, 0x00, 0x00, 0x00, 0x00, 0x00, 0x00, 0x00, 0x00, 0x00, 0x00, 0x00, 0x00, 0x00, 0x00, 0x00, 0x00, 0x00, 0x00, 0x00, 0x00, 0x00, 0x00,
  0xff, 0xff, 0x02, 0x00, 0x00, 0x00, 0x00, 0x00, 0x00, 0x00, 0x00, 0x00, 0x1e, 0xd7, 0x11, 0xfd, 0xce, 0x10, 0x9c, 0xc6, 0x11, 0x9c, 0xc6, 0x11,
  0x9c, 0xc6, 0x11, 0x9c, 0xc6, 0x11, 0x9c, 0xc6, 0x11, 0x9c, 0xc6, 0x11, 0x9c, 0xc6, 0x11, 0x9c, 0xc6, 0x11, 0x9c, 0xc6, 0x11, 0x9c, 0xc6, 0x11,
  0x9c, 0xc6, 0x11, 0x9c, 0xc6, 0x11, 0x9c, 0xc6, 0x11, 0x9c, 0xc6, 0x11, 0x9c, 0xc6, 0x11, 0x9c, 0xc6, 0x11, 0x9c, 0xc6, 0x11, 0x9c, 0xc6, 0x11,
  0x9c, 0xc6, 0x11, 0x9c, 0xc6, 0x11, 0x9c, 0xc6, 0x11, 0x9c, 0xc6, 0x11, 0x9c, 0xc6, 0x11, 0x9c, 0xc6, 0x11, 0xfb, 0xce, 0x10, 0xff, 0xef, 0x10,
  0xff, 0xff, 0x03, 0x00, 0x00, 0x00, 0x00, 0x00, 0x00, 0xff, 0xff, 0x02, 0x00, 0x00, 0x00, 0x00, 0x00, 0x00, 0x00, 0x00, 0x00, 0x00, 0x00, 0x00,
  0x00, 0x00, 0x00, 0x00, 0x00, 0x00, 0x00, 0x00, 0x00, 0x00, 0x00, 0x00, 0x00, 0x00, 0x00, 0x00, 0x00, 0x00, 0x00, 0x00, 0x00, 0x00, 0x00, 0x00,
  0x00, 0x00, 0x00, 0x00, 0x00, 0x00, 0x00, 0x00, 0x00, 0x00, 0x00, 0x00, 0x00, 0x00, 0x00, 0xff, 0xff, 0x01, 0xf7, 0xbd, 0x04, 0xff, 0xff, 0x01,
  0x00, 0x00, 0x00, 0x00, 0x00, 0x00, 0x00, 0x00, 0x00, 0x00, 0x00, 0x00, 0x00, 0x00, 0x00, 0x00, 0x00, 0x00, 0x00, 0x00, 0x00, 0x00, 0x00, 0x00,
  0x00, 0x00, 0x00, 0x00, 0x00, 0x00, 0x00, 0x00, 0x00, 0x00, 0x00, 0x00, 0x00, 0x00, 0x00, 0x00, 0x00, 0x00, 0x00, 0x00, 0x00, 0x00, 0x00, 0x00,
  0x00, 0x00, 0x00, 0x00, 0x00, 0x00, 0x00, 0x00, 0x00, 0x00, 0x00, 0x00, 0x00, 0x00, 0x00, 0x00, 0x00, 0x00, 0x00, 0x00, 0x00, 0x00, 0x00, 0x00,
  0x00, 0x00, 0x00, 0x00, 0x00, 0x00, 0x00, 0x00, 0x00, 0x00, 0x00, 0x00, 0x00, 0x00, 0x00, 0xff, 0xff, 0x03, 0xff, 0xff, 0x02, 0x00, 0x00, 0x00,
  0x00, 0x00, 0x00, 0x00, 0x00, 0x00, 0x00, 0x00, 0x00, 0x00, 0x00, 0x00, 0x00, 0x00, 0x00, 0x00, 0x00, 0x00, 0x00, 0x00, 0x00, 0x00, 0x00, 0x00,
  0x00, 0x00, 0x00, 0x00, 0x00, 0x00, 0x00, 0x00, 0x00, 0x00, 0x00, 0x00, 0x00, 0x00, 0x00, 0x00, 0x00, 0x00, 0x00, 0x00, 0x00, 0x00, 0x00, 0x00,
  0x00, 0x00, 0x00, 0x00, 0x00, 0x00, 0x00, 0x00, 0x00, 0x00, 0x00, 0x00, 0xff, 0xff, 0x01, 0xff, 0xff, 0x01, 0x00, 0x00, 0x00, 0x00, 0x00, 0x00,
  0xff, 0xff, 0x01, 0x00, 0x00, 0x00, 0x00, 0x00, 0x00, 0xff, 0xff, 0x01, 0xff, 0xff, 0x01, 0xff, 0xff, 0x01, 0xff, 0xff, 0x01, 0xff, 0xff, 0x01,
  0xff, 0xff, 0x01, 0xff, 0xff, 0x01, 0xff, 0xff, 0x01, 0xff, 0xff, 0x01, 0xff, 0xff, 0x01, 0xff, 0xff, 0x01, 0xff, 0xff, 0x01, 0xff, 0xff, 0x01,
  0xff, 0xff, 0x01, 0xff, 0xff, 0x01, 0xff, 0xff, 0x01, 0xff, 0xff, 0x01, 0xef, 0x7b, 0x02, 0xff, 0xff, 0x01, 0x00, 0x00, 0x00, 0x00, 0x00, 0x00,
  0xff, 0x07, 0x01, 0x00, 0x00, 0x00, 0x00, 0x00, 0x00, 0x00, 0x00, 0x00, 0x00, 0x00, 0x00, 0x00, 0x00, 0x00, 0x00, 0x00, 0x00, 0x00, 0x00, 0x00,
  0x00, 0x00, 0x00, 0x00, 0x00, 0x00, 0x00, 0x00, 0x00, 0x00, 0x00, 0x00, 0x00, 0x00, 0x00, 0x00, 0x00, 0x00, 0x00, 0x00, 0x00, 0x00, 0x00, 0x00,
  0x00, 0x00, 0x00, 0x00, 0x00, 0x00, 0x00, 0x00, 0x00, 0x00, 0x00, 0x00, 0x00, 0x00, 0x00, 0x00, 0x00, 0x00, 0x00, 0x00, 0x00, 0x00, 0x00, 0x00,
  0x00, 0x00, 0x00, 0x00, 0x00, 0x00, 0x7f, 0xce, 0x05, 0x9f, 0xe7, 0x11, 0xff, 0xff, 0x02, 0xdf, 0xde, 0x07, 0x7f, 0xdf, 0x10, 0x00, 0x00, 0x00,
  0xff, 0xff, 0x01, 0x00, 0x00, 0x00, 0x00, 0x00, 0x00, 0x00, 0x00, 0x00, 0x00, 0x00, 0x00, 0x00, 0x00, 0x00, 0x00, 0x00, 0x00, 0x00, 0x00, 0x00,
  0x00, 0x00, 0x00, 0x00, 0x00, 0x00, 0x00, 0x00, 0x00, 0x00, 0x00, 0x00, 0x00, 0x00, 0x00, 0x00, 0x00, 0x00, 0x00, 0x00, 0x00, 0x00, 0x00, 0x00,
  0x00, 0x00, 0x00, 0xff, 0xff, 0x02, 0x5f, 0xd7, 0x0d, 0xbf, 0xe7, 0x19, 0x00, 0x00, 0x00, 0x00, 0x00, 0x00, 0x00, 0x00, 0x00, 0x00, 0x00, 0x00,
  0x00, 0x00, 0x00, 0x00, 0x00, 0x00, 0x00, 0x00, 0x00, 0x00, 0x00, 0x00, 0x00, 0x00, 0x00, 0x00, 0x00, 0x00, 0x00, 0x00, 0x00, 0x00, 0x00, 0x00,
  0x00, 0x00, 0x00, 0x00, 0x00, 0x00, 0x00, 0x00, 0x00, 0x00, 0x00, 0x00, 0x00, 0x00, 0x00, 0x00, 0x00, 0x00, 0x00, 0x00, 0x00, 0x00, 0x00, 0x00,
  0x00, 0x00, 0x00, 0x00, 0x00, 0x00, 0x00, 0x00, 0x00, 0x00, 0x00, 0x00, 0xff, 0xff, 0x03, 0xff, 0xff, 0x02, 0xbf, 0xe7, 0x4c, 0x9f, 0xdf, 0xe5,
  0x00, 0x00, 0x00, 0x9f, 0xe7, 0x6b, 0x9f, 0xdf, 0xcd, 0xff, 0xff, 0x06, 0xff, 0xff, 0x03, 0x00, 0x00, 0x00, 0x00, 0x00, 0x00, 0x00, 0x00, 0x00,
  0x00, 0x00, 0x00, 0xff, 0xff, 0x01, 0x00, 0x00, 0x00, 0x00, 0x00, 0x00, 0xff, 0xff, 0x03, 0xff, 0xff, 0x01, 0x00, 0x00, 0x00, 0x00, 0x00, 0x00,
  0x00, 0x00, 0x00, 0xff, 0xff, 0x03, 0x5f, 0xad, 0x03, 0xbf, 0xe7, 0x4a, 0x9f, 0xe7, 0xb6, 0x00, 0x00, 0x00, 0x9f, 0xdf, 0xb2, 0x9f, 0xe7, 0x8c,
  0xff, 0xaf, 0x03, 0xff, 0xff, 0x04, 0x00, 0x00, 0x00, 0x00, 0x00, 0x00, 0x00, 0x00, 0x00, 0x00, 0x00, 0x00, 0x00, 0x00, 0x00, 0x00, 0x00, 0x00,
  0x00, 0x00, 0x00, 0x00, 0x00, 0x00, 0x00, 0x00, 0x00, 0x00, 0x00, 0x00, 0x00, 0x00, 0x00, 0x00, 0x00, 0x00, 0x00, 0x00, 0x00, 0x00, 0x00, 0x00,
  0x00, 0x00, 0x00, 0x00, 0x00, 0x00, 0x00, 0x00, 0x00, 0x00, 0x00, 0x00, 0x00, 0x00, 0x00, 0x00, 0x00, 0x00, 0x00, 0x00, 0x00, 0x00, 0x00, 0x00,
  0xff, 0xff, 0x01, 0x00, 0x00, 0x00, 0x00, 0x00, 0x00, 0x9f, 0xe7, 0xcd, 0xdf, 0xef, 0x7f, 0x9f, 0xdf, 0xd4, 0x9f, 0xdf, 0x57, 0x00, 0x00, 0x00,
  0x00, 0x00, 0x00, 0x00, 0x00, 0x00, 0x00, 0x00, 0x00, 0x00, 0x00, 0x00, 0x00, 0x00, 0x00, 0x00, 0x00, 0x00, 0x00, 0x00, 0x00, 0xff, 0xff, 0x01,
  0x00, 0x00, 0x00, 0x00, 0x00, 0x00, 0x00, 0x00, 0x00, 0x00, 0x00, 0x00, 0x00, 0x00, 0x00, 0x00, 0x00, 0x00, 0x00, 0x00, 0x00, 0x00, 0x00, 0x00,
  0x9f, 0xe7, 0xd3, 0xbf, 0xef, 0x7c, 0x9f, 0xdf, 0xd5, 0xff, 0xdf, 0x08, 0x00, 0x00, 0x00, 0x00, 0x00, 0x00, 0x00, 0x00, 0x00, 0x00, 0x00, 0x00,
  0x00, 0x00, 0x00, 0x00, 0x00, 0x00, 0x00, 0x00, 0x00, 0x00, 0x00, 0x00, 0x00, 0x00, 0x00, 0x00, 0x00, 0x00, 0x00, 0x00, 0x00, 0x00, 0x00, 0x00,
  0x00, 0x00, 0x00, 0x00, 0x00, 0x00, 0x00, 0x00, 0x00, 0x00, 0x00, 0x00, 0x00, 0x00, 0x00, 0x00, 0x00, 0x00, 0x00, 0x00, 0x00, 0x00, 0x00, 0x00,
  0x00, 0x00, 0x00, 0x00, 0x00, 0x00, 0x00, 0x00, 0x00, 0xff, 0xff, 0x01, 0x00, 0x00, 0x00, 0x9f, 0xe7, 0x3d, 0xff, 0xef, 0x4d, 0x9f, 0xe7, 0x81,
  0xff, 0xff, 0xff, 0x9f, 0xe7, 0xdd, 0xbf, 0xdf, 0x4a, 0xdf, 0xef, 0x50, 0x9f, 0xe7, 0x14, 0x00, 0x00, 0x00, 0xff, 0xff, 0x01, 0x00, 0x00, 0x00,
  0xff, 0x7b, 0x02, 0xbf, 0xe7, 0x1d, 0xff, 0xff, 0x04, 0x00, 0x00, 0x00, 0x9f, 0xdf, 0x4f, 0x7f, 0xdf, 0x10, 0x00, 0x00, 0x00, 0xff, 0xff, 0x01,
  0x00, 0x00, 0x00, 0xff, 0xff, 0x05, 0xbf, 0xe7, 0x4c, 0xbf, 0xe7, 0x4d, 0x9f, 0xe7, 0x95, 0xff, 0xf7, 0xff, 0x9f, 0xe7, 0xb0, 0xdf, 0xe7, 0x4c,
  0x9f, 0xe7, 0x4c, 0xff, 0xff, 0x05, 0x00, 0x00, 0x00, 0x00, 0x00, 0x00, 0x00, 0x00, 0x00, 0x00, 0x00, 0x00, 0x00, 0x00, 0x00, 0x00, 0x00, 0x00,
  0x00, 0x00, 0x00, 0x00, 0x00, 0x00, 0x00, 0x00, 0x00, 0x00, 0x00, 0x00, 0x00, 0x00, 0x00, 0x00, 0x00, 0x00, 0x00, 0x00, 0x00, 0x00, 0x00, 0x00,
  0x00, 0x00, 0x00, 0x00, 0x00, 0x00, 0x00, 0x00, 0x00, 0x00, 0x00, 0x00, 0x00, 0x00, 0x00, 0x00, 0x00, 0x00, 0x00, 0x00, 0x00, 0xff, 0xff, 0x02,
  0x00, 0x00, 0x00, 0x9f, 0xe7, 0x97, 0xff, 0xef, 0xca, 0x9f, 0xdf, 0xcd, 0xff, 0xef, 0xff, 0x9f, 0xe7, 0xf1, 0x9f, 0xdf, 0xc2, 0xff, 0xef, 0xca,
  0xbf, 0xe7, 0x33, 0x00, 0x00, 0x00, 0xff, 0xff, 0x03, 0x7f, 0xce, 0x05, 0xff, 0xdf, 0x07, 0x9f, 0xdf, 0xcd, 0x9f, 0xdf, 0x5e, 0x9f, 0xdf, 0x36,
  0x9f, 0xdf, 0xf8, 0xff, 0xe7, 0x13, 0xff, 0xbd, 0x04, 0xff, 0xff, 0x02, 0x00, 0x00, 0x00, 0xff, 0xef, 0x0d, 0x9f, 0xdf, 0xbd, 0xbf, 0xe7, 0xc9,
  0x9f, 0xdf, 0xda, 0xff, 0xf7, 0xff, 0x9f, 0xe7, 0xdf, 0xbf, 0xe7, 0xc9, 0x9f, 0xdf, 0xbd, 0xff, 0xef, 0x0d, 0x00, 0x00, 0x00, 0xff, 0xff, 0x01,
  0x00, 0x00, 0x00, 0x00, 0x00, 0x00, 0x00, 0x00, 0x00, 0x00, 0x00, 0x00, 0x00, 0x00, 0x00, 0x00, 0x00, 0x00, 0x00, 0x00, 0x00, 0x00, 0x00, 0x00,
  0x00, 0x00, 0x00, 0x00, 0x00, 0x00, 0x00, 0x00, 0x00, 0x00, 0x00, 0x00, 0x00, 0x00, 0x00, 0x00, 0x00, 0x00, 0x00, 0x00, 0x00, 0x00, 0x00, 0x00,
  0x00, 0x00, 0x00, 0x00, 0x00, 0x00, 0x00, 0x00, 0x00, 0x00, 0x00, 0x00, 0x00, 0x00, 0x00, 0x00, 0x00, 0x00, 0x00, 0x00, 0x00, 0x9f, 0xe7, 0xa4,
  0xff, 0xf7, 0xb5, 0x9f, 0xdf, 0xdd, 0x9f, 0xe7, 0x2c, 0x00, 0x00, 0x00, 0x00, 0x00, 0x00, 0x00, 0x00, 0x00, 0x00, 0x00, 0x00, 0x00, 0x00, 0x00,
  0x00, 0x00, 0x00, 0xbf, 0xe7, 0x34, 0xbf, 0xe7, 0xd2, 0xbf, 0xe7, 0xd1, 0x9f, 0xdf, 0x47, 0x00, 0x00, 0x00, 0x00, 0x00, 0x00, 0x00, 0x00, 0x00,
  0x00, 0x00, 0x00, 0x00, 0x00, 0x00, 0x00, 0x00, 0x00, 0x00, 0x00, 0x00, 0x9f, 0xe7, 0xb6, 0xbf, 0xef, 0xb0, 0x9f, 0xdf, 0xc4, 0x00, 0x00, 0x00,
  0x00, 0x00, 0x00, 0x00, 0x00, 0x00, 0x00, 0x00, 0x00, 0x00, 0x00, 0x00, 0x00, 0x00, 0x00, 0x00, 0x00, 0x00, 0x00, 0x00, 0x00, 0x00, 0x00, 0x00,
  0x00, 0x00, 0x00, 0x00, 0x00, 0x00, 0x00, 0x00, 0x00, 0x00, 0x00, 0x00, 0x00, 0x00, 0x00, 0x00, 0x00, 0x00, 0x00, 0x00, 0x00, 0x00, 0x00, 0x00,
  0x00, 0x00, 0x00, 0x00, 0x00, 0x00, 0x00, 0x00, 0x00, 0x00, 0x00, 0x00, 0x00, 0x00, 0x00, 0x00, 0x00, 0x00, 0x00, 0x00, 0x00, 0x00, 0x00, 0x00,
  0xff, 0xff, 0x03, 0xff, 0xff, 0x01, 0x9f, 0xdf, 0x47, 0xdf, 0xe7, 0xff, 0xff, 0x03, 0x02, 0x9f, 0xe7, 0x8c, 0x9f, 0xe7, 0xd6, 0xff, 0xcf, 0x05,
  0xff, 0xff, 0x03, 0xff, 0xff, 0x02, 0x00, 0x00, 0x00, 0x9f, 0xdf, 0x49, 0xff, 0xf7, 0x94, 0x9f, 0xdf, 0x88, 0x9f, 0xdf, 0xeb, 0x9f, 0xe7, 0xf7,
  0x9f, 0xdf, 0x87, 0xff, 0xf7, 0x94, 0x9f, 0xdf, 0x49, 0x00, 0x00, 0x00, 0xff, 0xff, 0x02, 0xff, 0xff, 0x03, 0xff, 0xff, 0x02, 0xbf, 0xe7, 0x48,
  0x9f, 0xe7, 0xe0, 0x5f, 0x55, 0x03, 0x9f, 0xe7, 0xd2, 0x9f, 0xe7, 0x7d, 0xff, 0xff, 0x02, 0xff, 0xff, 0x04, 0x00, 0x00, 0x00, 0x00, 0x00, 0x00,
  0x00, 0x00, 0x00, 0x00, 0x00, 0x00, 0x00, 0x00, 0x00, 0x00, 0x00, 0x00, 0x00, 0x00, 0x00, 0x00, 0x00, 0x00, 0x00, 0x00, 0x00, 0x00, 0x00, 0x00,
  0x00, 0x00, 0x00, 0x00, 0x00, 0x00, 0x00, 0x00, 0x00, 0x00, 0x00, 0x00, 0x00, 0x00, 0x00, 0x00, 0x00, 0x00, 0x00, 0x00, 0x00, 0x00, 0x00, 0x00,
  0x00, 0x00, 0x00, 0x00, 0x00, 0x00, 0x00, 0x00, 0x00, 0x00, 0x00, 0x00, 0xff, 0xff, 0x01, 0x00, 0x00, 0x00, 0x9f, 0xdf, 0x17, 0x9f, 0xe7, 0x3b,
  0x00, 0x00, 0x00, 0x9f, 0xe7, 0x16, 0x7f, 0xdf, 0x3b, 0xff, 0x7f, 0x02, 0xff, 0xff, 0x01, 0xff, 0xff, 0x02, 0x00, 0x00, 0x00, 0x9f, 0xe7, 0x4b,
  0xff, 0xf7, 0x92, 0x9f, 0xe7, 0x9d, 0x9f, 0xe7, 0xfe, 0x9f, 0xe7, 0xff, 0x9f, 0xdf, 0xa3, 0xff, 0xf7, 0x92, 0x9f, 0xe7, 0x4b, 0x00, 0x00, 0x00,
  0xff, 0xff, 0x02, 0x00, 0x00, 0x00, 0x00, 0x00, 0x00, 0x9f, 0xe7, 0x11, 0xbf, 0xdf, 0x18, 0x00, 0x00, 0x00, 0x9f, 0xe7, 0x2c, 0x9f, 0xe7, 0x3e,
  0x00, 0x00, 0x00, 0xff, 0xff, 0x01, 0x00, 0x00, 0x00, 0x00, 0x00, 0x00, 0x00, 0x00, 0x00, 0x00, 0x00, 0x00, 0x00, 0x00, 0x00, 0x00, 0x00, 0x00,
  0x00, 0x00, 0x00, 0x00, 0x00, 0x00, 0x00, 0x00, 0x00, 0x00, 0x00, 0x00, 0x00, 0x00, 0x00, 0x00, 0x00, 0x00, 0x00, 0x00, 0x00, 0x00, 0x00, 0x00,
  0x00, 0x00, 0x00, 0x00, 0x00, 0x00, 0x00, 0x00, 0x00, 0x00, 0x00, 0x00, 0x00, 0x00, 0x00, 0x00, 0x00, 0x00, 0x00, 0x00, 0x00, 0x00, 0x00, 0x00,
  0x00, 0x00, 0x00, 0x00, 0x00, 0x00, 0x00, 0x00, 0x00, 0x00, 0x00, 0x00, 0xff, 0xff, 0x01, 0x00, 0x00, 0x00, 0x00, 0x00, 0x00, 0x00, 0x00, 0x00,
  0x00, 0x00, 0x00, 0x00, 0x00, 0x00, 0x00, 0x00, 0x00, 0x00, 0x00, 0x00, 0x00, 0x00, 0x00, 0x9f, 0xe7, 0x8e, 0xbf, 0xe7, 0x9e, 0xbf, 0xe7, 0x82,
  0x9f, 0xdf, 0xa7, 0x00, 0x00, 0x00, 0x00, 0x00, 0x00, 0x00, 0x00, 0x00, 0x00, 0x00, 0x00, 0x00, 0x00, 0x00, 0x00, 0x00, 0x00, 0x00, 0x00, 0x00,
  0x00, 0x00, 0x00, 0xff, 0xff, 0x01, 0x00, 0x00, 0x00, 0x00, 0x00, 0x00, 0x00, 0x00, 0x00, 0x00, 0x00, 0x00, 0x00, 0x00, 0x00, 0x00, 0x00, 0x00,
  0x00, 0x00, 0x00, 0x00, 0x00, 0x00, 0x00, 0x00, 0x00, 0x00, 0x00, 0x00, 0x00, 0x00, 0x00, 0x00, 0x00, 0x00, 0x00, 0x00, 0x00, 0x00, 0x00, 0x00,
  0x00, 0x00, 0x00, 0x00, 0x00, 0x00, 0x00, 0x00, 0x00, 0x00, 0x00, 0x00, 0x00, 0x00, 0x00, 0x00, 0x00, 0x00, 0x00, 0x00, 0x00, 0x00, 0x00, 0x00,
  0x00, 0x00, 0x00, 0x00, 0x00, 0x00, 0x00, 0x00, 0x00, 0x00, 0x00, 0x00, 0x00, 0x00, 0x00, 0x00, 0x00, 0x00, 0xff, 0xff, 0x01, 0x5f, 0xad, 0x03,
  0x00, 0x00, 0x00, 0xff, 0xff, 0x01, 0xff, 0xff, 0x02, 0x00, 0x00, 0x00, 0x00, 0x00, 0x00, 0x00, 0x00, 0x00, 0x00, 0x00, 0x00, 0xff, 0xff, 0x03,
  0xff, 0xdf, 0x08, 0x9f, 0xdf, 0x89, 0x9f, 0xdf, 0x24, 0xff, 0xe7, 0x0a, 0x9f, 0xe7, 0xc7, 0xbf, 0xe7, 0x1d, 0xff, 0xff, 0x02, 0xff, 0xff, 0x01,
  0x00, 0x00, 0x00, 0x00, 0x00, 0x00, 0x00, 0x00, 0x00, 0xff, 0xff, 0x01, 0xff, 0xff, 0x01, 0x00, 0x00, 0x00, 0xff, 0xff, 0x02, 0xff, 0xff, 0x02,
  0x00, 0x00, 0x00, 0x00, 0x00, 0x00, 0x00, 0x00, 0x00, 0x00, 0x00, 0x00, 0x00, 0x00, 0x00, 0x00, 0x00, 0x00, 0x00, 0x00, 0x00, 0x00, 0x00, 0x00,
  0x00, 0x00, 0x00, 0x00, 0x00, 0x00, 0x00, 0x00, 0x00, 0x00, 0x00, 0x00, 0x00, 0x00, 0x00, 0x00, 0x00, 0x00, 0x00, 0x00, 0x00, 0x00, 0x00, 0x00,
  0x00, 0x00, 0x00, 0x00, 0x00, 0x00, 0x00, 0x00, 0x00, 0x00, 0x00, 0x00, 0x00, 0x00, 0x00, 0x00, 0x00, 0x00, 0x00, 0x00, 0x00, 0x00, 0x00, 0x00,
  0x00, 0x00, 0x00, 0x00, 0x00, 0x00, 0x00, 0x00, 0x00, 0x00, 0x00, 0x00, 0x00, 0x00, 0x00, 0x00, 0x00, 0x00, 0x00, 0x00, 0x00, 0x00, 0x00, 0x00,
  0x00, 0x00, 0x00, 0x00, 0x00, 0x00, 0x00, 0x00, 0x00, 0x00, 0x00, 0x00, 0x00, 0x00, 0x00, 0x00, 0x00, 0x00, 0x00, 0x00, 0x00, 0x00, 0x00, 0x00,
  0x00, 0x00, 0x00, 0xff, 0xff, 0x01, 0x00, 0x00, 0x00, 0x00, 0x00, 0x00, 0x00, 0x00, 0x00, 0x00, 0x00, 0x00, 0x00, 0x00, 0x00, 0x00, 0x00, 0x00,
  0x00, 0x00, 0x00, 0x00, 0x00, 0x00, 0x00, 0x00, 0x00, 0x00, 0x00, 0x00, 0x00, 0x00, 0x00, 0x00, 0x00, 0x00, 0x00, 0x00, 0x00, 0x00, 0x00, 0x00,
  0x00, 0x00, 0x00, 0x00, 0x00, 0x00, 0x00, 0x00, 0x00, 0x00, 0x00, 0x00, 0x00, 0x00, 0x00, 0x00, 0x00, 0x00, 0x00, 0x00, 0x00, 0x00, 0x00, 0x00,
  0x00, 0x00, 0x00, 0x00, 0x00, 0x00, 0x00, 0x00, 0x00, 0x00, 0x00, 0x00, 0x00, 0x00, 0x00, 0x00, 0x00, 0x00, 0x00, 0x00, 0x00, 0x00, 0x00, 0x00,
  0x00, 0x00, 0x00, 0x00, 0x00, 0x00, 0x00, 0x00, 0x00, 0x00, 0x00, 0x00, 0x00, 0x00, 0x00, 0x00, 0x00, 0x00, 0x00, 0x00, 0x00, 0x00, 0x00, 0x00,
  0x00, 0x00, 0x00, 0x00, 0x00, 0x00, 0x00, 0x00, 0x00, 0x00, 0x00, 0x00, 0x00, 0x00, 0x00, 0x00, 0x00, 0x00, 0x00, 0x00, 0x00, 0x00, 0x00, 0x00,
  0x00, 0x00, 0x00, 0xff, 0xff, 0x03, 0xff, 0xff, 0x01, 0x00, 0x00, 0x00, 0x00, 0x00, 0x00, 0x00, 0x00, 0x00, 0x00, 0x00, 0x00, 0x00, 0x00, 0x00,
  0x00, 0x00, 0x00, 0x00, 0x00, 0x00, 0x00, 0x00, 0x00, 0x00, 0x00, 0x00, 0x00, 0x00, 0x00, 0x00, 0x00, 0x00, 0x00, 0x00, 0x00, 0x00, 0x00, 0x00,
  0x00, 0x00, 0x00, 0x00, 0x00, 0x00, 0x00, 0x00, 0x00, 0x00, 0x00, 0x00, 0x00, 0x00, 0x00, 0x00, 0x00, 0x00, 0x00, 0x00, 0x00, 0x00, 0x00, 0x00,
  0x00, 0x00, 0x00, 0x00, 0x00, 0x00, 0x00, 0x00, 0x00, 0x00, 0x00, 0x00, 0x00, 0x00, 0x00, 0x00, 0x00, 0x00, 0x00, 0x00, 0x00, 0x00, 0x00, 0x00,
  0x00, 0x00, 0x00, 0x00, 0x00, 0x00, 0x00, 0x00, 0x00, 0x00, 0x00, 0x00, 0x00, 0x00, 0x00, 0x00, 0x00, 0x00, 0x00, 0x00, 0x00, 0x00, 0x00, 0x00,
  0x00, 0x00, 0x00, 0x00, 0x00, 0x00, 0x00, 0x00, 0x00, 0x00, 0x00, 0x00, 0x00, 0x00, 0x00, 0x00, 0x00, 0x00, 0x00, 0x00, 0x00, 0x00, 0x00, 0x00,
  0x00, 0x00, 0x00, 0x00, 0x00, 0x00, 0x00, 0x00, 0x00, 0x00, 0x00, 0x00, 0x00, 0x00, 0x00, 0x00, 0x00, 0x00, 0x00, 0x00, 0x00, 0x00, 0x00, 0x00,
  0x00, 0x00, 0x00, 0x00, 0x00, 0x00, 0x00, 0x00, 0x00, 0x00, 0x00, 0x00, 0x00, 0x00, 0x00, 0x00, 0x00, 0x00, 0x00, 0x00, 0x00, 0x00, 0x00, 0x00,
  0x00, 0x00, 0x00, 0x00, 0x00, 0x00, 0x00, 0x00, 0x00, 0x00, 0x00, 0x00, 0x00, 0x00, 0x00, 0x00, 0x00, 0x00, 0x00, 0x00, 0x00, 0x00, 0x00, 0x00,
  0x00, 0x00, 0x00, 0x00, 0x00, 0x00, 0x00, 0x00, 0x00, 0x00, 0x00, 0x00, 0x00, 0x00, 0x00, 0x00, 0x00, 0x00, 0x00, 0x00, 0x00, 0x00, 0x00, 0x00
};
const lv_img_dsc_t wx_snow_L = {
  .header = { .cf = LV_IMG_CF_TRUE_COLOR_ALPHA, .always_zero = 0, .reserved = 0, .w = 52, .h = 52 },
  .data_size = 8112,
  .data = wx_snow_L_map,
};

static const uint8_t wx_thunder_L_map[] = {
  0x00, 0x00, 0x00, 0x00, 0x00, 0x00, 0x00, 0x00, 0x00, 0x00, 0x00, 0x00, 0x00, 0x00, 0x00, 0x00, 0x00, 0x00, 0x00, 0x00, 0x00, 0x00, 0x00, 0x00,
  0x00, 0x00, 0x00, 0x00, 0x00, 0x00, 0x00, 0x00, 0x00, 0x00, 0x00, 0x00, 0x00, 0x00, 0x00, 0x00, 0x00, 0x00, 0x00, 0x00, 0x00, 0x00, 0x00, 0x00,
  0x00, 0x00, 0x00, 0x00, 0x00, 0x00, 0x00, 0x00, 0x00, 0x00, 0x00, 0x00, 0x00, 0x00, 0x00, 0x00, 0x00, 0x00, 0x55, 0xad, 0x03, 0x00, 0x00, 0x00,
  0x00, 0x00, 0x00, 0xf7, 0x7d, 0x04, 0x37, 0x9d, 0x39, 0x57, 0x95, 0x67, 0x57, 0x95, 0x88, 0x16, 0x95, 0x88, 0x17, 0x95, 0x83, 0x57, 0x9d, 0x4a,
  0x37, 0x95, 0x1d, 0x00, 0x00, 0x00, 0x00, 0x00, 0x00, 0xff, 0xff, 0x01, 0xef, 0x7b, 0x02, 0x00, 0x00, 0x00, 0x00, 0x00, 0x00, 0x00, 0x00, 0x00,
  0x00, 0x00, 0x00, 0x00, 0x00, 0x00, 0x00, 0x00, 0x00, 0x00, 0x00, 0x00, 0x00, 0x00, 0x00, 0x00, 0x00, 0x00, 0x00, 0x00, 0x00, 0x00, 0x00, 0x00,
  0x00, 0x00, 0x00, 0x00, 0x00, 0x00, 0x00, 0x00, 0x00, 0x00, 0x00, 0x00, 0x00, 0x00, 0x00, 0x00, 0x00, 0x00, 0x00, 0x00, 0x00, 0x00, 0x00, 0x00,
  0x00, 0x00, 0x00, 0x00, 0x00, 0x00, 0x00, 0x00, 0x00, 0x00, 0x00, 0x00, 0x00, 0x00, 0x00, 0x00, 0x00, 0x00, 0x00, 0x00, 0x00, 0x00, 0x00, 0x00,
  0x00, 0x00, 0x00, 0x00, 0x00, 0x00, 0x00, 0x00, 0x00, 0x00, 0x00, 0x00, 0x00, 0x00, 0x00, 0x00, 0x00, 0x00, 0x00, 0x00, 0x00, 0x00, 0x00, 0x00,
  0x00, 0x00, 0x00, 0xff, 0xff, 0x01, 0x00, 0x00, 0x00, 0x17, 0x95, 0x16, 0x37, 0x95, 0x7e, 0x37, 0x95, 0xd2, 0x37, 0x95, 0xfe, 0x58, 0x9d, 0xff,
  0x78, 0x9d, 0xff, 0x78, 0x9d, 0xff, 0x78, 0x9d, 0xff, 0x57, 0x9d, 0xff, 0x37, 0x95, 0xed, 0x37, 0x9d, 0xae, 0x57, 0x9d, 0x44, 0x00, 0x00, 0x00,
  0x00, 0x00, 0x00, 0xff, 0x7f, 0x02, 0x00, 0x00, 0x00, 0x00, 0x00, 0x00, 0x00, 0x00, 0x00, 0x00, 0x00, 0x00, 0x00, 0x00, 0x00, 0x00, 0x00, 0x00,
  0x00, 0x00, 0x00, 0x00, 0x00, 0x00, 0x00, 0x00, 0x00, 0x00, 0x00, 0x00, 0x00, 0x00, 0x00, 0x00, 0x00, 0x00, 0x00, 0x00, 0x00, 0x00, 0x00, 0x00,
  0x00, 0x00, 0x00, 0x00, 0x00, 0x00, 0x00, 0x00, 0x00, 0x00, 0x00, 0x00, 0x00, 0x00, 0x00, 0x00, 0x00, 0x00, 0x00, 0x00, 0x00, 0x00, 0x00, 0x00,
  0x00, 0x00, 0x00, 0x00, 0x00, 0x00, 0x00, 0x00, 0x00, 0x00, 0x00, 0x00, 0x00, 0x00, 0x00, 0x00, 0x00, 0x00, 0x00, 0x00, 0x00, 0x00, 0x00, 0x00,
  0x00, 0x00, 0x00, 0x00, 0x00, 0x00, 0x00, 0x00, 0x00, 0xff, 0xff, 0x01, 0xff, 0xff, 0x02, 0x00, 0x00, 0x00, 0x37, 0x95, 0x6e, 0x57, 0x9d, 0xea,
  0x78, 0x9d, 0xff, 0x57, 0x9d, 0xff, 0x17, 0x95, 0xff, 0x16, 0x95, 0xfd, 0x17, 0x95, 0xfc, 0x17, 0x95, 0xfc, 0x17, 0x95, 0xfc, 0x16, 0x95, 0xfe,
  0x37, 0x95, 0xff, 0x78, 0x9d, 0xff, 0x58, 0x9d, 0xff, 0x37, 0x95, 0xb7, 0xd5, 0x8c, 0x26, 0x00, 0x00, 0x00, 0x5f, 0xad, 0x03, 0x00, 0x00, 0x00,
  0x00, 0x00, 0x00, 0x00, 0x00, 0x00, 0x00, 0x00, 0x00, 0x00, 0x00, 0x00, 0x00, 0x00, 0x00, 0x00, 0x00, 0x00, 0x00, 0x00, 0x00, 0x00, 0x00, 0x00,
  0x00, 0x00, 0x00, 0x00, 0x00, 0x00, 0x00, 0x00, 0x00, 0x00, 0x00, 0x00, 0x00, 0x00, 0x00, 0x00, 0x00, 0x00, 0x00, 0x00, 0x00, 0x00, 0x00, 0x00,
  0x00, 0x00, 0x00, 0x00, 0x00, 0x00, 0x00, 0x00, 0x00, 0x00, 0x00, 0x00, 0x00, 0x00, 0x00, 0x00, 0x00, 0x00, 0x00, 0x00, 0x00, 0x00, 0x00, 0x00,
  0x00, 0x00, 0x00, 0x00, 0x00, 0x00, 0x00, 0x00, 0x00, 0x00, 0x00, 0x00, 0x00, 0x00, 0x00, 0x00, 0x00, 0x00, 0xff, 0xff, 0x01, 0xff, 0xff, 0x02,
  0x00, 0x00, 0x00, 0x17, 0x95, 0x9a, 0x99, 0xa5, 0xff, 0x37, 0x95, 0xff, 0x16, 0x95, 0xfb, 0x17, 0x95, 0xfd, 0x17, 0x95, 0xff, 0x17, 0x95, 0xff,
  0x17, 0x95, 0xff, 0x17, 0x95, 0xff, 0x17, 0x95, 0xff, 0x17, 0x95, 0xff, 0x16, 0x95, 0xfe, 0x16, 0x95, 0xfc, 0x16, 0x95, 0xfd, 0x78, 0x9d, 0xff,
  0x37, 0x9d, 0xed, 0xf6, 0x94, 0x35, 0x00, 0x00, 0x00, 0x55, 0xad, 0x03, 0x00, 0x00, 0x00, 0x00, 0x00, 0x00, 0x00, 0x00, 0x00, 0x00, 0x00, 0x00,
  0x00, 0x00, 0x00, 0x00, 0x00, 0x00, 0x00, 0x00, 0x00, 0x00, 0x00, 0x00, 0x00, 0x00, 0x00, 0x00, 0x00, 0x00, 0x00, 0x00, 0x00, 0x00, 0x00, 0x00,
  0x00, 0x00, 0x00, 0x00, 0x00, 0x00, 0x00, 0x00, 0x00, 0x00, 0x00, 0x00, 0x00, 0x00, 0x00, 0x00, 0x00, 0x00, 0x00, 0x00, 0x00, 0x00, 0x00, 0x00,
  0x00, 0x00, 0x00, 0x00, 0x00, 0x00, 0x00, 0x00, 0x00, 0x00, 0x00, 0x00, 0x00, 0x00, 0x00, 0x00, 0x00, 0x00, 0x00, 0x00, 0x00, 0x00, 0x00, 0x00,
  0x00, 0x00, 0x00, 0x00, 0x00, 0x01, 0x55, 0xad, 0x03, 0x00, 0x00, 0x00, 0x17, 0x95, 0x9a, 0x98, 0xa5, 0xff, 0x16, 0x95, 0xfa, 0x16, 0x95, 0xfe,
  0x17, 0x95, 0xff, 0x17, 0x95, 0xff, 0x17, 0x95, 0xff, 0x17, 0x95, 0xff, 0x17, 0x95, 0xff, 0x17, 0x95, 0xff, 0x17, 0x95, 0xff, 0x17, 0x95, 0xff,
  0x17, 0x95, 0xff, 0x17, 0x95, 0xff, 0x17, 0x95, 0xff, 0x16, 0x95, 0xfb, 0x57, 0x9d, 0xff, 0x57, 0x9d, 0xee, 0xf6, 0x94, 0x35, 0x00, 0x00, 0x00,
  0xff, 0xff, 0x02, 0x00, 0x00, 0x00, 0x00, 0x00, 0x00, 0x00, 0x00, 0x00, 0x00, 0x00, 0x00, 0x00, 0x00, 0x00, 0x00, 0x00, 0x00, 0x00, 0x00, 0x00,
  0x00, 0x00, 0x00, 0x00, 0x00, 0x00, 0x00, 0x00, 0x00, 0x00, 0x00, 0x00, 0x00, 0x00, 0x00, 0x00, 0x00, 0x00, 0x00, 0x00, 0x00, 0x00, 0x00, 0x00,
  0x00, 0x00, 0x00, 0x00, 0x00, 0x00, 0x00, 0x00, 0x00, 0x00, 0x00, 0x00, 0x00, 0x00, 0x00, 0x00, 0x00, 0x00, 0x00, 0x00, 0x00, 0x00, 0x00, 0x00,
  0x00, 0x00, 0x00, 0x00, 0x00, 0x00, 0x00, 0x00, 0x00, 0x00, 0x00, 0x00, 0x00, 0x00, 0x00, 0x55, 0xad, 0x03, 0x00, 0x00, 0x00, 0x16, 0x95, 0x8f,
  0x99, 0xa5, 0xff, 0x16, 0x95, 0xfa, 0x17, 0x95, 0xff, 0x17, 0x95, 0xff, 0x17, 0x95, 0xff, 0x17, 0x95, 0xff, 0x17, 0x95, 0xff, 0x17, 0x95, 0xff,
  0x17, 0x95, 0xff, 0x17, 0x95, 0xff, 0x17, 0x95, 0xff, 0x17, 0x95, 0xff, 0x17, 0x95, 0xff, 0x17, 0x95, 0xff, 0x17, 0x95, 0xff, 0x17, 0x95, 0xff,
  0x16, 0x95, 0xfc, 0x57, 0x9d, 0xff, 0x37, 0x9d, 0xee, 0x37, 0x9d, 0x23, 0xff, 0xff, 0x01, 0xef, 0x7b, 0x02, 0x00, 0x00, 0x00, 0x00, 0x00, 0x00,
  0x00, 0x00, 0x00, 0x00, 0x00, 0x00, 0x00, 0x00, 0x00, 0x00, 0x00, 0x00, 0x00, 0x00, 0x00, 0x00, 0x00, 0x00, 0x00, 0x00, 0x00, 0x00, 0x00, 0x00,
  0x00, 0x00, 0x00, 0x00, 0x00, 0x00, 0x00, 0x00, 0x00, 0x00, 0x00, 0x00, 0x00, 0x00, 0x00, 0x00, 0x00, 0x00, 0x00, 0x00, 0x00, 0x00, 0x00, 0x00,
  0x00, 0x00, 0x00, 0x00, 0x00, 0x00, 0x00, 0x00, 0x00, 0x00, 0x00, 0x00, 0x00, 0x00, 0x00, 0x00, 0x00, 0x00, 0x00, 0x00, 0x00, 0x00, 0x00, 0x00,
  0x55, 0xad, 0x03, 0x00, 0x00, 0x00, 0x16, 0x95, 0x3f, 0x58, 0x9d, 0xff, 0x17, 0x95, 0xfb, 0x17, 0x95, 0xfe, 0x17, 0x95, 0xff, 0x17, 0x95, 0xff,
  0x17, 0x95, 0xff, 0x17, 0x95, 0xff, 0x17, 0x95, 0xff, 0x17, 0x95, 0xff, 0x17, 0x95, 0xff, 0x17, 0x95, 0xff, 0x17, 0x95, 0xff, 0x17, 0x95, 0xff,
  0x17, 0x95, 0xff, 0x17, 0x95, 0xff, 0x17, 0x95, 0xff, 0x17, 0x95, 0xff, 0x17, 0x95, 0xff, 0x16, 0x95, 0xfb, 0x78, 0x9d, 0xff, 0x16, 0x95, 0xba,
  0x00, 0x00, 0x00, 0xff, 0x7f, 0x02, 0x00, 0x00, 0x00, 0x00, 0x00, 0x00, 0x00, 0x00, 0x00, 0x00, 0x00, 0x00, 0x00, 0x00, 0x00, 0x00, 0x00, 0x00,
  0x00, 0x00, 0x00, 0x00, 0x00, 0x00, 0x00, 0x00, 0x00, 0x00, 0x00, 0x00, 0x00, 0x00, 0x00, 0x00, 0x00, 0x00, 0x00, 0x00, 0x00, 0x00, 0x00, 0x00,
  0x00, 0x00, 0x00, 0x00, 0x00, 0x00, 0x00, 0x00, 0x00, 0x00, 0x00, 0x00, 0x00, 0x00, 0x00, 0x00, 0x00, 0x00, 0x00, 0x00, 0x00, 0x00, 0x00, 0x00,
  0x00, 0x00, 0x00, 0x00, 0x00, 0x00, 0x00, 0x00, 0x00, 0x00, 0x00, 0x00, 0xff, 0x7f, 0x02, 0xef, 0x7b, 0x02, 0x16, 0x95, 0xbf, 0x78, 0x9d, 0xff,
  0x16, 0x95, 0xfc, 0x17, 0x95, 0xff, 0x17, 0x95, 0xff, 0x17, 0x95, 0xff, 0x17, 0x95, 0xff, 0x17, 0x95, 0xff, 0x17, 0x95, 0xff, 0x17, 0x95, 0xff,
  0x17, 0x95, 0xff, 0x17, 0x95, 0xff, 0x17, 0x95, 0xff, 0x17, 0x95, 0xff, 0x17, 0x95, 0xff, 0x17, 0x95, 0xff, 0x17, 0x95, 0xff, 0x17, 0x95, 0xff,
  0x17, 0x95, 0xff, 0x17, 0x95, 0xff, 0x17, 0x95, 0xfc, 0x58, 0x9d, 0xff, 0x37, 0x95, 0x42, 0x00, 0x00, 0x00, 0x55, 0xad, 0x03, 0x00, 0x00, 0x00,
  0x00, 0x00, 0x00, 0x00, 0x00, 0x00, 0x00, 0x00, 0x00, 0x00, 0x00, 0x00, 0x00, 0x00, 0x00, 0x00, 0x00, 0x00, 0x00, 0x00, 0x00, 0x00, 0x00, 0x00,
  0x00, 0x00, 0x00, 0x00, 0x00, 0x00, 0x00, 0x00, 0x00, 0x00, 0x00, 0x00, 0x00, 0x00, 0x00, 0x00, 0x00, 0x00, 0x00, 0x00, 0x00, 0x00, 0x00, 0x00,
  0x00, 0x00, 0x00, 0x00, 0x00, 0x00, 0x00, 0x00, 0x00, 0x00, 0x00, 0x00, 0x00, 0x00, 0x00, 0xff, 0xff, 0x01, 0xf7, 0x7b, 0x04, 0x96, 0x94, 0x07,
  0xef, 0x7b, 0x02, 0x17, 0x95, 0x37, 0x57, 0x9d, 0xff, 0x16, 0x95, 0xfd, 0x17, 0x95, 0xff, 0x17, 0x95, 0xff, 0x17, 0x95, 0xff, 0x17, 0x95, 0xff,
  0x17, 0x95, 0xff, 0x17, 0x95, 0xff, 0x17, 0x95, 0xff, 0x17, 0x95, 0xff, 0x17, 0x95, 0xff, 0x17, 0x95, 0xff, 0x17, 0x95, 0xff, 0x17, 0x95, 0xff,
  0x17, 0x95, 0xff, 0x17, 0x95, 0xff, 0x17, 0x95, 0xff, 0x17, 0x95, 0xff, 0x17, 0x95, 0xff, 0x17, 0x95, 0xff, 0x17, 0x95, 0xfc, 0x78, 0x9d, 0xff,
  0x16, 0x95, 0xb6, 0x00, 0x00, 0x00, 0x55, 0xad, 0x03, 0x00, 0x00, 0x00, 0x00, 0x00, 0x00, 0x00, 0x00, 0x00, 0x00, 0x00, 0x00, 0x00, 0x00, 0x00,
  0x00, 0x00, 0x00, 0x00, 0x00, 0x00, 0x00, 0x00, 0x00, 0x00, 0x00, 0x00, 0x00, 0x00, 0x00, 0x00, 0x00, 0x00, 0x00, 0x00, 0x00, 0x00, 0x00, 0x00,
  0x00, 0x00, 0x00, 0x00, 0x00, 0x00, 0x00, 0x00, 0x00, 0x00, 0x00, 0x00, 0x00, 0x00, 0x00, 0x00, 0x00, 0x00, 0x00, 0x00, 0x00, 0x00, 0x00, 0x00,
  0x55, 0xad, 0x03, 0x00, 0x00, 0x00, 0x00, 0x00, 0x00, 0x00, 0x00, 0x00, 0x00, 0x00, 0x00, 0x16, 0x95, 0x8b, 0x78, 0x9d, 0xff, 0x16, 0x95, 0xfb,
  0x17, 0x95, 0xff, 0x17, 0x95, 0xff, 0x17, 0x95, 0xff, 0x17, 0x95, 0xff, 0x17, 0x95, 0xff, 0x17, 0x95, 0xff, 0x17, 0x95, 0xff, 0x17, 0x95, 0xff,
  0x17, 0x95, 0xff, 0x17, 0x95, 0xff, 0x17, 0x95, 0xff, 0x17, 0x95, 0xff, 0x17, 0x95, 0xff, 0x17, 0x95, 0xff, 0x17, 0x95, 0xff, 0x17, 0x95, 0xff,
  0x17, 0x95, 0xff, 0x17, 0x95, 0xff, 0x16, 0x95, 0xfe, 0x37, 0x95, 0xfe, 0x37, 0x95, 0xf1, 0x37, 0x95, 0x1d, 0x00, 0x00, 0x00, 0xff, 0xff, 0x01,
  0x00, 0x00, 0x00, 0x00, 0x00, 0x00, 0x00, 0x00, 0x00, 0x00, 0x00, 0x00, 0x00, 0x00, 0x00, 0x00, 0x00, 0x00, 0x00, 0x00, 0x00, 0x00, 0x00, 0x00,
  0x00, 0x00, 0x00, 0x00, 0x00, 0x00, 0x00, 0x00, 0x00, 0x00, 0x00, 0x00, 0x00, 0x00, 0x00, 0x00, 0x00, 0x00, 0x00, 0x00, 0x00, 0x00, 0x00, 0x00,
  0x00, 0x00, 0x00, 0x00, 0x00, 0x00, 0xff, 0xff, 0x01, 0xff, 0xff, 0x01, 0x00, 0x00, 0x00, 0xd6, 0x94, 0x17, 0x57, 0x9d, 0x61, 0x57, 0x9d, 0x8f,
  0x37, 0x95, 0xbd, 0x17, 0x95, 0xf1, 0x37, 0x95, 0xff, 0x17, 0x95, 0xfe, 0x17, 0x95, 0xff, 0x17, 0x95, 0xff, 0x17, 0x95, 0xff, 0x17, 0x95, 0xff,
  0x17, 0x95, 0xff, 0x17, 0x95, 0xff, 0x17, 0x95, 0xff, 0x17, 0x95, 0xff, 0x17, 0x95, 0xff, 0x17, 0x95, 0xff, 0x17, 0x95, 0xff, 0x17, 0x95, 0xff,
  0x17, 0x95, 0xff, 0x17, 0x95, 0xff, 0x17, 0x95, 0xff, 0x17, 0x95, 0xff, 0x17, 0x95, 0xff, 0x17, 0x95, 0xff, 0x17, 0x95, 0xff, 0x16, 0x95, 0xfd,
  0x58, 0x9d, 0xff, 0x37, 0x95, 0x41, 0x00, 0x00, 0x00, 0x55, 0xad, 0x03, 0x00, 0x00, 0x00, 0x00, 0x00, 0x00, 0x00, 0x00, 0x00, 0x00, 0x00, 0x00,
  0x00, 0x00, 0x00, 0x00, 0x00, 0x00, 0x00, 0x00, 0x00, 0x00, 0x00, 0x00, 0x00, 0x00, 0x00, 0x00, 0x00, 0x00, 0x00, 0x00, 0x00, 0x00, 0x00, 0x00,
  0x00, 0x00, 0x00, 0x00, 0x00, 0x00, 0x00, 0x00, 0x00, 0x00, 0x00, 0x00, 0x00, 0x00, 0x00, 0xff, 0xff, 0x01, 0x00, 0x00, 0x00, 0x00, 0x00, 0x00,
  0x37, 0x95, 0x7d, 0x37, 0x9d, 0xe9, 0x78, 0x9d, 0xff, 0x78, 0x9d, 0xff, 0x78, 0x9d, 0xff, 0x37, 0x95, 0xff, 0x16, 0x95, 0xff, 0x17, 0x95, 0xff,
  0x17, 0x95, 0xff, 0x17, 0x95, 0xff, 0x17, 0x95, 0xff, 0x17, 0x95, 0xff, 0x17, 0x95, 0xff, 0x17, 0x95, 0xff, 0x17, 0x95, 0xff, 0x17, 0x95, 0xff,
  0x17, 0x95, 0xff, 0x17, 0x95, 0xff, 0x17, 0x95, 0xff, 0x17, 0x95, 0xff, 0x17, 0x95, 0xff, 0x17, 0x95, 0xff, 0x17, 0x95, 0xff, 0x17, 0x95, 0xff,
  0x17, 0x95, 0xff, 0x17, 0x95, 0xff, 0x17, 0x95, 0xff, 0x16, 0x95, 0xfc, 0x78, 0x9d, 0xff, 0x16, 0x95, 0x6f, 0x00, 0x00, 0x00, 0xf7, 0xbd, 0x04,
  0x00, 0x00, 0x00, 0x00, 0x00, 0x00, 0x00, 0x00, 0x00, 0x00, 0x00, 0x00, 0x00, 0x00, 0x00, 0x00, 0x00, 0x00, 0x00, 0x00, 0x00, 0x00, 0x00, 0x00,
  0x00, 0x00, 0x00, 0x00, 0x00, 0x00, 0x00, 0x00, 0x00, 0x00, 0x00, 0x00, 0x00, 0x00, 0x00, 0x00, 0x00, 0x00, 0x00, 0x00, 0x00, 0x00, 0x00, 0x00,
  0xff, 0xff, 0x01, 0xff, 0xff, 0x01, 0x57, 0x8d, 0x12, 0x37, 0x95, 0xb8, 0x78, 0xa5, 0xff, 0x37, 0x95, 0xff, 0x16, 0x95, 0xfb, 0x16, 0x95, 0xfb,
  0x17, 0x95, 0xfc, 0x16, 0x95, 0xfe, 0x17, 0x95, 0xff, 0x17, 0x95, 0xff, 0x17, 0x95, 0xff, 0x17, 0x95, 0xff, 0x17, 0x95, 0xff, 0x17, 0x95, 0xff,
  0x17, 0x95, 0xff, 0x17, 0x95, 0xff, 0x17, 0x95, 0xff, 0x17, 0x95, 0xff, 0x17, 0x95, 0xff, 0x17, 0x95, 0xff, 0x17, 0x95, 0xff, 0x17, 0x95, 0xff,
  0x17, 0x95, 0xff, 0x17, 0x95, 0xff, 0x17, 0x95, 0xff, 0x17, 0x95, 0xff, 0x17, 0x95, 0xff, 0x17, 0x95, 0xff, 0x17, 0x95, 0xff, 0x16, 0x95, 0xfb,
  0x78, 0x9d, 0xff, 0x36, 0x95, 0x84, 0x00, 0x00, 0x00, 0xf7, 0xbd, 0x04, 0x00, 0x00, 0x00, 0x00, 0x00, 0x00, 0x00, 0x00, 0x00, 0x00, 0x00, 0x00,
  0x00, 0x00, 0x00, 0x00, 0x00, 0x00, 0x00, 0x00, 0x00, 0x00, 0x00, 0x00, 0x00, 0x00, 0x00, 0x00, 0x00, 0x00, 0x00, 0x00, 0x00, 0x00, 0x00, 0x00,
  0x00, 0x00, 0x00, 0x00, 0x00, 0x00, 0x00, 0x00, 0x00, 0xff, 0xff, 0x01, 0xff, 0xff, 0x02, 0x55, 0xad, 0x03, 0x17, 0x95, 0xc7, 0x99, 0xa5, 0xff,
  0x16, 0x95, 0xfa, 0x16, 0x95, 0xfe, 0x17, 0x95, 0xff, 0x17, 0x95, 0xff, 0x17, 0x95, 0xff, 0x17, 0x95, 0xff, 0x17, 0x95, 0xff, 0x17, 0x95, 0xff,
  0x17, 0x95, 0xff, 0x17, 0x95, 0xff, 0x17, 0x95, 0xff, 0x17, 0x95, 0xff, 0x17, 0x95, 0xff, 0x17, 0x95, 0xff, 0x17, 0x95, 0xff, 0x17, 0x95, 0xff,
  0x17, 0x95, 0xff, 0x17, 0x95, 0xff, 0x17, 0x95, 0xff, 0x17, 0x95, 0xff, 0x17, 0x95, 0xff, 0x17, 0x95, 0xff, 0x17, 0x95, 0xff, 0x17, 0x95, 0xff,
  0x17, 0x95, 0xff, 0x17, 0x95, 0xff, 0x17, 0x95, 0xff, 0x16, 0x95, 0xfb, 0x78, 0x9d, 0xff, 0x16, 0x95, 0x7b, 0xef, 0x7b, 0x02, 0x79, 0xce, 0x05,
  0x00, 0x00, 0x00, 0x00, 0x00, 0x00, 0x00, 0x00, 0x00, 0x00, 0x00, 0x00, 0x00, 0x00, 0x00, 0x00, 0x00, 0x00, 0x00, 0x00, 0x00, 0x00, 0x00, 0x00,
  0x00, 0x00, 0x00, 0x00, 0x00, 0x00, 0x00, 0x00, 0x00, 0x00, 0x00, 0x00, 0x00, 0x00, 0x00, 0x00, 0x00, 0x00, 0x00, 0x00, 0x00, 0x55, 0xad, 0x03,
  0x00, 0x00, 0x00, 0x16, 0x95, 0x8f, 0x98, 0xa5, 0xff, 0x16, 0x95, 0xfa, 0x17, 0x95, 0xff, 0x17, 0x95, 0xff, 0x17, 0x95, 0xff, 0x17, 0x95, 0xff,
  0x17, 0x95, 0xff, 0x17, 0x95, 0xff, 0x17, 0x95, 0xff, 0x17, 0x95, 0xff, 0x17, 0x95, 0xff, 0x17, 0x95, 0xff, 0x17, 0x95, 0xff, 0x17, 0x95, 0xff,
  0x17, 0x95, 0xff, 0x17, 0x95, 0xff, 0x17, 0x95, 0xff, 0x17, 0x95, 0xff, 0x17, 0x95, 0xff, 0x17, 0x95, 0xff, 0x17, 0x95, 0xff, 0x17, 0x95, 0xff,
  0x17, 0x95, 0xff, 0x17, 0x95, 0xff, 0x17, 0x95, 0xff, 0x17, 0x95, 0xff, 0x17, 0x95, 0xff, 0x17, 0x95, 0xff, 0x17, 0x95, 0xff, 0x16, 0x95, 0xfb,
  0x78, 0x9d, 0xff, 0x16, 0x95, 0x94, 0x00, 0x00, 0x00, 0x00, 0x00, 0x00, 0xef, 0x7b, 0x02, 0x00, 0x00, 0x00, 0x00, 0x00, 0x00, 0x00, 0x00, 0x00,
  0x00, 0x00, 0x00, 0x00, 0x00, 0x00, 0x00, 0x00, 0x00, 0x00, 0x00, 0x00, 0x00, 0x00, 0x00, 0x00, 0x00, 0x00, 0x00, 0x00, 0x00, 0x00, 0x00, 0x00,
  0x00, 0x00, 0x00, 0x00, 0x00, 0x00, 0xff, 0xff, 0x02, 0x00, 0x00, 0x00, 0x16, 0x95, 0x29, 0x37, 0x95, 0xfc, 0x37, 0x95, 0xfc, 0x17, 0x95, 0xfe,
  0x17, 0x95, 0xff, 0x17, 0x95, 0xff, 0x17, 0x95, 0xff, 0x17, 0x95, 0xff, 0x17, 0x95, 0xff, 0x17, 0x95, 0xff, 0x17, 0x95, 0xff, 0x17, 0x95, 0xff,
  0x17, 0x95, 0xff, 0x17, 0x95, 0xff, 0x17, 0x95, 0xff, 0x17, 0x95, 0xff, 0x17, 0x95, 0xff, 0x17, 0x95, 0xff, 0x17, 0x95, 0xff, 0x17, 0x95, 0xff,
  0x17, 0x95, 0xff, 0x17, 0x95, 0xff, 0x17, 0x95, 0xff, 0x17, 0x95, 0xff, 0x17, 0x95, 0xff, 0x17, 0x95, 0xff, 0x17, 0x95, 0xff, 0x17, 0x95, 0xff,
  0x17, 0x95, 0xff, 0x17, 0x95, 0xff, 0x17, 0x95, 0xff, 0x17, 0x95, 0xff, 0x17, 0x95, 0xfd, 0x37, 0x9d, 0xfd, 0x37, 0x9d, 0xa7, 0xd5, 0x8c, 0x12,
  0x00, 0x00, 0x00, 0xef, 0x7b, 0x02, 0x00, 0x00, 0x00, 0x00, 0x00, 0x00, 0x00, 0x00, 0x00, 0x00, 0x00, 0x00, 0x00, 0x00, 0x00, 0x00, 0x00, 0x00,
  0x00, 0x00, 0x00, 0x00, 0x00, 0x00, 0x00, 0x00, 0x00, 0x00, 0x00, 0x00, 0x00, 0x00, 0x00, 0x00, 0x00, 0x00, 0xf7, 0xbd, 0x04, 0x00, 0x00, 0x00,
  0x16, 0x95, 0x8f, 0x78, 0x9d, 0xff, 0x16, 0x95, 0xfb, 0x17, 0x95, 0xff, 0x17, 0x95, 0xff, 0x17, 0x95, 0xff, 0x17, 0x95, 0xff, 0x17, 0x95, 0xff,
  0x17, 0x95, 0xff, 0x17, 0x95, 0xff, 0x17, 0x95, 0xff, 0x17, 0x95, 0xff, 0x17, 0x95, 0xff, 0x17, 0x95, 0xff, 0x17, 0x95, 0xff, 0x17, 0x95, 0xff,
  0x17, 0x95, 0xff, 0x17, 0x95, 0xff, 0x17, 0x95, 0xff, 0x17, 0x95, 0xff, 0x17, 0x95, 0xff, 0x17, 0x95, 0xff, 0x17, 0x95, 0xff, 0x17, 0x95, 0xff,
  0x17, 0x95, 0xff, 0x17, 0x95, 0xff, 0x17, 0x95, 0xff, 0x17, 0x95, 0xff, 0x17, 0x95, 0xff, 0x17, 0x95, 0xff, 0x17, 0x95, 0xff, 0x17, 0x95, 0xff,
  0x17, 0x95, 0xff, 0x16, 0x95, 0xfe, 0x99, 0xa5, 0xff, 0x37, 0x95, 0xca, 0x57, 0x8d, 0x12, 0xff, 0x7b, 0x02, 0xff, 0xff, 0x01, 0x00, 0x00, 0x00,
  0x00, 0x00, 0x00, 0x00, 0x00, 0x00, 0x00, 0x00, 0x00, 0x00, 0x00, 0x00, 0x00, 0x00, 0x00, 0x00, 0x00, 0x00, 0x00, 0x00, 0x00, 0x00, 0x00, 0x00,
  0x00, 0x00, 0x00, 0x00, 0x00, 0x00, 0xff, 0x7f, 0x02, 0xff, 0xff, 0x01, 0x16, 0x95, 0xc4, 0x58, 0x9d, 0xfe, 0x17, 0x95, 0xfc, 0x17, 0x95, 0xff,
  0x17, 0x95, 0xff, 0x17, 0x95, 0xff, 0x17, 0x95, 0xff, 0x17, 0x95, 0xff, 0x17, 0x95, 0xff, 0x17, 0x95, 0xff, 0x17, 0x95, 0xff, 0x17, 0x95, 0xff,
  0x17, 0x95, 0xff, 0x17, 0x95, 0xff, 0x17, 0x95, 0xff, 0x17, 0x95, 0xff, 0x17, 0x95, 0xff, 0x17, 0x95, 0xff, 0x17, 0x95, 0xff, 0x17, 0x95, 0xff,
  0x17, 0x95, 0xff, 0x17, 0x95, 0xff, 0x17, 0x95, 0xff, 0x17, 0x95, 0xff, 0x17, 0x95, 0xff, 0x17, 0x95, 0xff, 0x17, 0x95, 0xff, 0x17, 0x95, 0xff,
  0x17, 0x95, 0xff, 0x17, 0x95, 0xff, 0x17, 0x95, 0xff, 0x17, 0x95, 0xff, 0x17, 0x95, 0xff, 0x17, 0x95, 0xff, 0x16, 0x95, 0xf9, 0x99, 0xa5, 0xff,
  0x16, 0x95, 0xaa, 0x00, 0x00, 0x00, 0x55, 0xad, 0x03, 0x00, 0x00, 0x00, 0x00, 0x00, 0x00, 0x00, 0x00, 0x00, 0x00, 0x00, 0x00, 0x00, 0x00, 0x00,
  0x00, 0x00, 0x00, 0x00, 0x00, 0x00, 0x00, 0x00, 0x00, 0x00, 0x00, 0x00, 0x00, 0x00, 0x00, 0xff, 0xff, 0x01, 0x00, 0x00, 0x00, 0xf5, 0x8c, 0x10,
  0x17, 0x95, 0xea, 0x37, 0x95, 0xff, 0x16, 0x95, 0xfe, 0x17, 0x95, 0xff, 0x17, 0x95, 0xff, 0x17, 0x95, 0xff, 0x17, 0x95, 0xff, 0x17, 0x95, 0xff,
  0x17, 0x95, 0xff, 0x17, 0x95, 0xff, 0x17, 0x95, 0xff, 0x17, 0x95, 0xff, 0x17, 0x95, 0xff, 0x17, 0x95, 0xff, 0x17, 0x95, 0xff, 0x17, 0x95, 0xff,
  0x17, 0x95, 0xff, 0x17, 0x95, 0xff, 0x17, 0x95, 0xff, 0x17, 0x95, 0xff, 0x17, 0x95, 0xff, 0x17, 0x95, 0xff, 0x17, 0x95, 0xff, 0x17, 0x95, 0xff,
  0x17, 0x95, 0xff, 0x17, 0x95, 0xff, 0x17, 0x95, 0xff, 0x17, 0x95, 0xff, 0x17, 0x95, 0xff, 0x17, 0x95, 0xff, 0x17, 0x95, 0xff, 0x17, 0x95, 0xff,
  0x17, 0x95, 0xff, 0x17, 0x95, 0xff, 0x17, 0x95, 0xff, 0x16, 0x95, 0xfb, 0x58, 0x9d, 0xff, 0x16, 0x95, 0x42, 0x00, 0x00, 0x00, 0x55, 0xad, 0x03,
  0x00, 0x00, 0x00, 0x00, 0x00, 0x00, 0x00, 0x00, 0x00, 0x00, 0x00, 0x00, 0x00, 0x00, 0x00, 0x00, 0x00, 0x00, 0x00, 0x00, 0x00, 0x00, 0x00, 0x00,
  0x00, 0x00, 0x00, 0xff, 0xff, 0x01, 0x00, 0x00, 0x00, 0x57, 0x9d, 0x12, 0x17, 0x95, 0xef, 0x37, 0x95, 0xff, 0x16, 0x95, 0xfe, 0x17, 0x95, 0xff,
  0x17, 0x95, 0xff, 0x17, 0x95, 0xff, 0x17, 0x95, 0xff, 0x17, 0x95, 0xff, 0x17, 0x95, 0xff, 0x17, 0x95, 0xff, 0x17, 0x95, 0xff, 0x17, 0x95, 0xff,
  0x17, 0x95, 0xff, 0x17, 0x95, 0xff, 0x17, 0x95, 0xff, 0x17, 0x95, 0xff, 0x17, 0x95, 0xff, 0x17, 0x95, 0xff, 0x17, 0x95, 0xff, 0x17, 0x95, 0xff,
  0x17, 0x95, 0xff, 0x17, 0x95, 0xff, 0x17, 0x95, 0xff, 0x17, 0x95, 0xff, 0x17, 0x95, 0xff, 0x17, 0x95, 0xff, 0x17, 0x95, 0xff, 0x17, 0x95, 0xff,
  0x17, 0x95, 0xff, 0x17, 0x95, 0xff, 0x17, 0x95, 0xff, 0x17, 0x95, 0xff, 0x17, 0x95, 0xff, 0x17, 0x95, 0xff, 0x17, 0x95, 0xff, 0x16, 0x95, 0xfb,
  0x78, 0x9d, 0xfe, 0x16, 0x95, 0xa1, 0x00, 0x00, 0x00, 0xff, 0xaf, 0x03, 0x00, 0x00, 0x00, 0x00, 0x00, 0x00, 0x00, 0x00, 0x00, 0x00, 0x00, 0x00,
  0x00, 0x00, 0x00, 0x00, 0x00, 0x00, 0x00, 0x00, 0x00, 0x00, 0x00, 0x00, 0x00, 0x00, 0x00, 0xff, 0xff, 0x01, 0x00, 0x00, 0x00, 0xf4, 0x7b, 0x0e,
  0xf6, 0x94, 0xed, 0x37, 0x9d, 0xff, 0x16, 0x95, 0xfe, 0x17, 0x95, 0xff, 0x17, 0x95, 0xff, 0x17, 0x95, 0xff, 0x17, 0x95, 0xff, 0x17, 0x95, 0xff,
  0x17, 0x95, 0xff, 0x17, 0x95, 0xff, 0x17, 0x95, 0xff, 0x17, 0x95, 0xff, 0x17, 0x95, 0xff, 0x17, 0x95, 0xff, 0x17, 0x95, 0xff, 0x17, 0x95, 0xff,
  0x17, 0x95, 0xff, 0x17, 0x95, 0xff, 0x17, 0x95, 0xff, 0x17, 0x95, 0xff, 0x17, 0x95, 0xff, 0x17, 0x95, 0xff, 0x17, 0x95, 0xff, 0x17, 0x95, 0xff,
  0x17, 0x95, 0xff, 0x17, 0x95, 0xff, 0x17, 0x95, 0xff, 0x17, 0x95, 0xff, 0x17, 0x95, 0xff, 0x17, 0x95, 0xff, 0x17, 0x95, 0xff, 0x17, 0x95, 0xff,
  0x17, 0x95, 0xff, 0x17, 0x95, 0xff, 0x17, 0x95, 0xff, 0x17, 0x95, 0xfd, 0x57, 0x9d, 0xff, 0x17, 0x95, 0xd9, 0x75, 0x8c, 0x09, 0xff, 0x07, 0x01,
  0xff, 0x07, 0x01, 0x00, 0x00, 0x00, 0x00, 0x00, 0x00, 0x00, 0x00, 0x00, 0x00, 0x00, 0x00, 0x00, 0x00, 0x00, 0x00, 0x00, 0x00, 0x00, 0x00, 0x00,
  0x00, 0x00, 0x00, 0xef, 0x7b, 0x02, 0x00, 0x00, 0x00, 0x53, 0x74, 0x1c, 0x16, 0x95, 0xf2, 0x37, 0x95, 0xfe, 0x16, 0x95, 0xfe, 0x17, 0x95, 0xff,
  0x17, 0x95, 0xff, 0x17, 0x95, 0xff, 0x17, 0x95, 0xff, 0x17, 0x95, 0xff, 0x17, 0x95, 0xff, 0x17, 0x95, 0xff, 0x17, 0x95, 0xff, 0x17, 0x95, 0xff,
  0x17, 0x95, 0xff, 0x17, 0x95, 0xff, 0x17, 0x95, 0xff, 0x17, 0x95, 0xff, 0x17, 0x95, 0xff, 0x17, 0x95, 0xff, 0x17, 0x95, 0xff, 0x17, 0x95, 0xff,
  0x17, 0x95, 0xff, 0x17, 0x95, 0xff, 0x17, 0x95, 0xff, 0x17, 0x95, 0xff, 0x17, 0x95, 0xff, 0x17, 0x95, 0xff, 0x17, 0x95, 0xff, 0x17, 0x95, 0xff,
  0x17, 0x95, 0xff, 0x17, 0x95, 0xff, 0x17, 0x95, 0xff, 0x17, 0x95, 0xff, 0x17, 0x95, 0xff, 0x17, 0x95, 0xff, 0x17, 0x95, 0xff, 0x16, 0x95, 0xfe,
  0x37, 0x95, 0xff, 0x17, 0x95, 0xf1, 0x57, 0x9d, 0x12, 0x00, 0x00, 0x00, 0xff, 0xff, 0x01, 0x00, 0x00, 0x00, 0x00, 0x00, 0x00, 0x00, 0x00, 0x00,
  0x00, 0x00, 0x00, 0x00, 0x00, 0x00, 0x00, 0x00, 0x00, 0x00, 0x00, 0x00, 0x00, 0x00, 0x00, 0xff, 0x7f, 0x02, 0xff, 0xff, 0x02, 0x16, 0x95, 0xba,
  0x78, 0x9d, 0xff, 0x17, 0x95, 0xfc, 0x17, 0x95, 0xff, 0x17, 0x95, 0xff, 0x17, 0x95, 0xff, 0x17, 0x95, 0xff, 0x17, 0x95, 0xff, 0x17, 0x95, 0xff,
  0x17, 0x95, 0xff, 0x17, 0x95, 0xff, 0x17, 0x95, 0xff, 0x17, 0x95, 0xff, 0x17, 0x95, 0xff, 0x17, 0x95, 0xff, 0x17, 0x95, 0xff, 0x17, 0x95, 0xff,
  0x17, 0x95, 0xff, 0x17, 0x95, 0xff, 0x17, 0x95, 0xff, 0x17, 0x95, 0xff, 0x17, 0x95, 0xff, 0x17, 0x95, 0xff, 0x17, 0x95, 0xff, 0x17, 0x95, 0xff,
  0x17, 0x95, 0xff, 0x17, 0x95, 0xff, 0x17, 0x95, 0xff, 0x17, 0x95, 0xff, 0x17, 0x95, 0xff, 0x17, 0x95, 0xff, 0x17, 0x95, 0xff, 0x17, 0x95, 0xff,
  0x17, 0x95, 0xff, 0x17, 0x95, 0xff, 0x17, 0x95, 0xff, 0x16, 0x95, 0xfe, 0x37, 0x95, 0xff, 0x16, 0x95, 0xed, 0xd5, 0x8c, 0x12, 0x00, 0x00, 0x00,
  0xff, 0xff, 0x01, 0x00, 0x00, 0x00, 0x00, 0x00, 0x00, 0x00, 0x00, 0x00, 0x00, 0x00, 0x00, 0x00, 0x00, 0x00, 0x00, 0x00, 0x00, 0x00, 0x00, 0x00,
  0xff, 0xaf, 0x03, 0x00, 0x00, 0x00, 0x16, 0x95, 0x5f, 0x78, 0x9d, 0xff, 0x16, 0x95, 0xfc, 0x17, 0x95, 0xff, 0x17, 0x95, 0xff, 0x17, 0x95, 0xff,
  0x17, 0x95, 0xff, 0x17, 0x95, 0xff, 0x17, 0x95, 0xff, 0x17, 0x95, 0xff, 0x17, 0x95, 0xff, 0x17, 0x95, 0xff, 0x17, 0x95, 0xff, 0x17, 0x95, 0xff,
  0x17, 0x95, 0xff, 0x17, 0x95, 0xff, 0x17, 0x95, 0xff, 0x17, 0x95, 0xff, 0x17, 0x95, 0xff, 0x17, 0x95, 0xff, 0x17, 0x95, 0xff, 0x17, 0x95, 0xff,
  0x17, 0x95, 0xff, 0x17, 0x95, 0xff, 0x17, 0x95, 0xff, 0x17, 0x95, 0xff, 0x17, 0x95, 0xff, 0x17, 0x95, 0xff, 0x17, 0x95, 0xff, 0x17, 0x95, 0xff,
  0x17, 0x95, 0xff, 0x17, 0x95, 0xff, 0x17, 0x95, 0xff, 0x17, 0x95, 0xff, 0x17, 0x95, 0xff, 0x17, 0x95, 0xff, 0x17, 0x95, 0xff, 0x16, 0x95, 0xfe,
  0x57, 0x9d, 0xff, 0xd5, 0x8c, 0xed, 0x4d, 0x32, 0x0e, 0x00, 0x00, 0x00, 0xff, 0x07, 0x01, 0x00, 0x00, 0x00, 0x00, 0x00, 0x00, 0x00, 0x00, 0x00,
  0x00, 0x00, 0x00, 0x00, 0x00, 0x00, 0x00, 0x00, 0x00, 0x00, 0x00, 0x00, 0xff, 0xff, 0x01, 0xd3, 0x9c, 0x05, 0x16, 0x95, 0xd6, 0x57, 0x9d, 0xfe,
  0x16, 0x95, 0xfd, 0x17, 0x95, 0xff, 0x17, 0x95, 0xff, 0x17, 0x95, 0xff, 0x17, 0x95, 0xff, 0x17, 0x95, 0xff, 0x17, 0x95, 0xff, 0x17, 0x95, 0xff,
  0x17, 0x95, 0xff, 0x17, 0x95, 0xff, 0x17, 0x95, 0xff, 0x17, 0x95, 0xff, 0x17, 0x95, 0xff, 0x17, 0x95, 0xff, 0x17, 0x95, 0xff, 0x17, 0x95, 0xff,
  0x17, 0x95, 0xff, 0x17, 0x95, 0xff, 0x17, 0x95, 0xff, 0x17, 0x95, 0xff, 0x17, 0x95, 0xff, 0x17, 0x95, 0xff, 0x17, 0x95, 0xff, 0x17, 0x95, 0xff,
  0x17, 0x95, 0xff, 0x17, 0x95, 0xff, 0x17, 0x95, 0xff, 0x17, 0x95, 0xff, 0x17, 0x95, 0xff, 0x17, 0x95, 0xff, 0x17, 0x95, 0xff, 0x17, 0x95, 0xff,
  0x17, 0x95, 0xff, 0x17, 0x95, 0xff, 0x17, 0x95, 0xff, 0x17, 0x95, 0xff, 0x37, 0x95, 0xfe, 0x37, 0x95, 0xf7, 0x17, 0x95, 0x24, 0x00, 0x00, 0x00,
  0xef, 0x7b, 0x02, 0x00, 0x00, 0x00, 0x00, 0x00, 0x00, 0x00, 0x00, 0x00, 0x00, 0x00, 0x00, 0x00, 0x00, 0x00, 0x00, 0x00, 0x00, 0xff, 0xff, 0x02,
  0x00, 0x00, 0x00, 0x16, 0x95, 0x2a, 0x37, 0x95, 0xfa, 0x17, 0x95, 0xfe, 0x17, 0x95, 0xff, 0x17, 0x95, 0xff, 0x17, 0x95, 0xff, 0x17, 0x95, 0xff,
  0x17, 0x95, 0xff, 0x17, 0x95, 0xff, 0x17, 0x95, 0xff, 0x17, 0x95, 0xff, 0x17, 0x95, 0xff, 0x17, 0x95, 0xff, 0x17, 0x95, 0xff, 0x17, 0x95, 0xff,
  0x17, 0x95, 0xff, 0x17, 0x95, 0xff, 0x17, 0x95, 0xff, 0x17, 0x95, 0xff, 0x17, 0x95, 0xff, 0x17, 0x95, 0xff, 0x17, 0x95, 0xff, 0x17, 0x95, 0xff,
  0x17, 0x95, 0xff, 0x17, 0x95, 0xff, 0x17, 0x95, 0xff, 0x17, 0x95, 0xff, 0x17, 0x95, 0xff, 0x17, 0x95, 0xff, 0x17, 0x95, 0xff, 0x17, 0x95, 0xff,
  0x17, 0x95, 0xff, 0x17, 0x95, 0xff, 0x17, 0x95, 0xff, 0x17, 0x95, 0xff, 0x17, 0x95, 0xff, 0x17, 0x95, 0xff, 0x17, 0x95, 0xff, 0x17, 0x95, 0xff,
  0x16, 0x95, 0xfc, 0x78, 0x9d, 0xff, 0x16, 0x95, 0x64, 0x00, 0x00, 0x00, 0xf7, 0xbd, 0x04, 0x00, 0x00, 0x00, 0x00, 0x00, 0x00, 0x00, 0x00, 0x00,
  0x00, 0x00, 0x00, 0x00, 0x00, 0x00, 0x00, 0x00, 0x00, 0x55, 0xad, 0x03, 0x00, 0x00, 0x00, 0x37, 0x95, 0x44, 0x58, 0x9d, 0xff, 0x16, 0x95, 0xfd,
  0x17, 0x95, 0xff, 0x17, 0x95, 0xff, 0x17, 0x95, 0xff, 0x17, 0x95, 0xff, 0x17, 0x95, 0xff, 0x17, 0x95, 0xff, 0x17, 0x95, 0xff, 0x17, 0x95, 0xff,
  0x17, 0x95, 0xff, 0x17, 0x95, 0xff, 0x17, 0x95, 0xff, 0x17, 0x95, 0xff, 0x17, 0x95, 0xff, 0x17, 0x95, 0xff, 0x17, 0x95, 0xff, 0x17, 0x95, 0xff,
  0x17, 0x95, 0xff, 0x17, 0x95, 0xff, 0x17, 0x95, 0xff, 0x17, 0x95, 0xff, 0x17, 0x95, 0xff, 0x17, 0x95, 0xff, 0x17, 0x95, 0xff, 0x17, 0x95, 0xff,
  0x17, 0x95, 0xff, 0x17, 0x95, 0xff, 0x17, 0x95, 0xff, 0x17, 0x95, 0xff, 0x17, 0x95, 0xff, 0x17, 0x95, 0xff, 0x17, 0x95, 0xff, 0x17, 0x95, 0xff,
  0x17, 0x95, 0xff, 0x17, 0x95, 0xff, 0x17, 0x95, 0xff, 0x17, 0x95, 0xff, 0x16, 0x95, 0xfb, 0x78, 0x9d, 0xff, 0x36, 0x95, 0x84, 0x00, 0x00, 0x00,
  0xf7, 0xbd, 0x04, 0x00, 0x00, 0x00, 0x00, 0x00, 0x00, 0x00, 0x00, 0x00, 0x00, 0x00, 0x00, 0x00, 0x00, 0x00, 0x00, 0x00, 0x00, 0x55, 0xad, 0x03,
  0x00, 0x00, 0x00, 0x36, 0x95, 0x3f, 0x57, 0x9d, 0xfe, 0x16, 0x95, 0xfd, 0x17, 0x95, 0xff, 0x17, 0x95, 0xff, 0x17, 0x95, 0xff, 0x17, 0x95, 0xff,
  0x17, 0x95, 0xff, 0x17, 0x95, 0xff, 0x17, 0x95, 0xff, 0x17, 0x95, 0xff, 0x17, 0x95, 0xff, 0x17, 0x95, 0xff, 0x17, 0x95, 0xff, 0x17, 0x95, 0xff,
  0x17, 0x95, 0xff, 0x17, 0x95, 0xff, 0x17, 0x95, 0xff, 0x17, 0x95, 0xff, 0x17, 0x95, 0xff, 0x17, 0x95, 0xff, 0x17, 0x95, 0xff, 0x17, 0x95, 0xff,
  0x16, 0x95, 0xff, 0x16, 0x95, 0xff, 0x16, 0x95, 0xff, 0x16, 0x95, 0xff, 0x17, 0x95, 0xff, 0x17, 0x95, 0xff, 0x17, 0x95, 0xff, 0x17, 0x95, 0xff,
  0x17, 0x95, 0xff, 0x17, 0x95, 0xff, 0x17, 0x95, 0xff, 0x17, 0x95, 0xff, 0x17, 0x95, 0xff, 0x17, 0x95, 0xff, 0x17, 0x95, 0xff, 0x17, 0x95, 0xff,
  0x16, 0x95, 0xfb, 0x78, 0x9d, 0xff, 0x16, 0x95, 0x7e, 0x00, 0x00, 0x00, 0xf7, 0xbd, 0x04, 0x00, 0x00, 0x00, 0x00, 0x00, 0x00, 0x00, 0x00, 0x00,
  0x00, 0x00, 0x00, 0x00, 0x00, 0x00, 0x00, 0x00, 0x00, 0x55, 0x55, 0x03, 0x00, 0x00, 0x00, 0x13, 0x74, 0x44, 0x37, 0x95, 0xff, 0x17, 0x95, 0xfd,
  0x17, 0x95, 0xff, 0x17, 0x95, 0xff, 0x17, 0x95, 0xff, 0x17, 0x95, 0xff, 0x17, 0x95, 0xff, 0x17, 0x95, 0xff, 0x17, 0x95, 0xff, 0x17, 0x95, 0xff,
  0x17, 0x95, 0xff, 0x17, 0x95, 0xff, 0x17, 0x95, 0xff, 0x17, 0x95, 0xff, 0x17, 0x95, 0xff, 0x17, 0x95, 0xff, 0x17, 0x95, 0xff, 0x17, 0x95, 0xff,
  0x17, 0x95, 0xff, 0x17, 0x95, 0xff, 0x17, 0x95, 0xff, 0x16, 0x95, 0xff, 0x17, 0x95, 0xff, 0x17, 0x95, 0xff, 0x17, 0x95, 0xff, 0x17, 0x95, 0xff,
  0x17, 0x95, 0xff, 0x17, 0x95, 0xff, 0x17, 0x95, 0xff, 0x17, 0x95, 0xff, 0x17, 0x95, 0xff, 0x17, 0x95, 0xff, 0x17, 0x95, 0xff, 0x17, 0x95, 0xff,
  0x17, 0x95, 0xff, 0x17, 0x95, 0xff, 0x17, 0x95, 0xff, 0x17, 0x95, 0xff, 0x16, 0x95, 0xfb, 0x78, 0x9d, 0xfe, 0x54, 0x7c, 0x84, 0x00, 0x00, 0x00,
  0xf7, 0x7d, 0x04, 0x00, 0x00, 0x00, 0x00, 0x00, 0x00, 0x00, 0x00, 0x00, 0x00, 0x00, 0x00, 0x00, 0x00, 0x00, 0x00, 0x00, 0x00, 0xff, 0x03, 0x02,
  0x00, 0x00, 0x00, 0x2f, 0x53, 0x2a, 0xb5, 0x84, 0xfa, 0x37, 0x95, 0xfe, 0x16, 0x95, 0xff, 0x17, 0x95, 0xff, 0x17, 0x95, 0xff, 0x17, 0x95, 0xff,
  0x17, 0x95, 0xff, 0x17, 0x95, 0xff, 0x17, 0x95, 0xff, 0x17, 0x95, 0xff, 0x17, 0x95, 0xff, 0x17, 0x95, 0xff, 0x17, 0x95, 0xff, 0x17, 0x95, 0xff,
  0x17, 0x95, 0xff, 0x17, 0x95, 0xff, 0x17, 0x95, 0xff, 0x17, 0x95, 0xff, 0x17, 0x95, 0xff, 0x17, 0x95, 0xff, 0x16, 0x95, 0xff, 0x17, 0x95, 0xff,
  0x35, 0x9d, 0xff, 0x35, 0x9d, 0xff, 0x35, 0x9d, 0xff, 0x35, 0x9d, 0xff, 0x17, 0x95, 0xff, 0x17, 0x95, 0xff, 0x17, 0x95, 0xff, 0x17, 0x95, 0xff,
  0x17, 0x95, 0xff, 0x17, 0x95, 0xff, 0x17, 0x95, 0xff, 0x17, 0x95, 0xff, 0x17, 0x95, 0xff, 0x17, 0x95, 0xff, 0x17, 0x95, 0xff, 0x16, 0x95, 0xff,
  0x37, 0x95, 0xfc, 0x37, 0x95, 0xff, 0xb1, 0x63, 0x64, 0x00, 0x00, 0x00, 0xf7, 0x7b, 0x04, 0x00, 0x00, 0x00, 0x00, 0x00, 0x00, 0x00, 0x00, 0x00,
  0x00, 0x00, 0x00, 0x00, 0x00, 0x00, 0x00, 0x00, 0x00, 0x00, 0x00, 0x00, 0xff, 0xff, 0x01, 0x86, 0x01, 0x05, 0xd2, 0x6b, 0xd6, 0x37, 0x95, 0xfe,
  0x37, 0x95, 0xfd, 0x16, 0x95, 0xff, 0x17, 0x95, 0xff, 0x17, 0x95, 0xff, 0x17, 0x95, 0xff, 0x17, 0x95, 0xff, 0x17, 0x95, 0xff, 0x17, 0x95, 0xff,
  0x17, 0x95, 0xff, 0x17, 0x95, 0xff, 0x17, 0x95, 0xff, 0x17, 0x95, 0xff, 0x17, 0x95, 0xff, 0x17, 0x95, 0xff, 0x17, 0x95, 0xff, 0x17, 0x95, 0xff,
  0x17, 0x95, 0xff, 0x16, 0x95, 0xff, 0x18, 0x8d, 0xff, 0x71, 0xad, 0xff, 0x43, 0xf6, 0xff, 0x44, 0xf6, 0xff, 0x62, 0xfe, 0xff, 0xcb, 0xcd, 0xff,
  0x18, 0x8d, 0xff, 0x16, 0x95, 0xff, 0x17, 0x95, 0xff, 0x17, 0x95, 0xff, 0x17, 0x95, 0xff, 0x17, 0x95, 0xff, 0x17, 0x95, 0xff, 0x17, 0x95, 0xff,
  0x17, 0x95, 0xff, 0x17, 0x95, 0xff, 0x17, 0x95, 0xff, 0x16, 0x95, 0xfe, 0x37, 0x9d, 0xfd, 0x33, 0x74, 0xf8, 0xee, 0x52, 0x23, 0x00, 0x00, 0x00,
  0xef, 0x03, 0x02, 0x00, 0x00, 0x00, 0x00, 0x00, 0x00, 0x00, 0x00, 0x00, 0x00, 0x00, 0x00, 0x00, 0x00, 0x00, 0x00, 0x00, 0x00, 0x00, 0x00, 0x00,
  0x55, 0x55, 0x03, 0x00, 0x00, 0x00, 0x50, 0x5b, 0x5f, 0x74, 0x7c, 0xff, 0x37, 0x95, 0xf9, 0x37, 0x95, 0xff, 0x16, 0x95, 0xff, 0x16, 0x95, 0xff,
  0x16, 0x95, 0xff, 0x16, 0x95, 0xff, 0x16, 0x95, 0xff, 0x16, 0x95, 0xff, 0x16, 0x95, 0xff, 0x16, 0x95, 0xff, 0x16, 0x95, 0xff, 0x16, 0x95, 0xff,
  0x16, 0x95, 0xff, 0x16, 0x95, 0xff, 0x16, 0x95, 0xff, 0x16, 0x95, 0xff, 0x16, 0x95, 0xff, 0x17, 0x95, 0xff, 0x36, 0x95, 0xff, 0x25, 0xee, 0xff,
  0x61, 0xfe, 0xff, 0x62, 0xfe, 0xff, 0x62, 0xfe, 0xff, 0x53, 0xa5, 0xff, 0x17, 0x8d, 0xff, 0x16, 0x95, 0xff, 0x16, 0x95, 0xff, 0x16, 0x95, 0xff,
  0x16, 0x95, 0xff, 0x16, 0x95, 0xff, 0x16, 0x95, 0xff, 0x16, 0x95, 0xff, 0x16, 0x95, 0xff, 0x16, 0x95, 0xff, 0x37, 0x95, 0xff, 0x57, 0x9d, 0xfa,
  0xd6, 0x8c, 0xff, 0x70, 0x5b, 0xa0, 0x00, 0x00, 0x00, 0xb5, 0x52, 0x03, 0x00, 0x00, 0x00, 0x00, 0x00, 0x00, 0x00, 0x00, 0x00, 0x00, 0x00, 0x00,
  0x00, 0x00, 0x00, 0x00, 0x00, 0x00, 0x00, 0x00, 0x00, 0x00, 0x00, 0x00, 0x00, 0x00, 0x00, 0xef, 0x7b, 0x02, 0xff, 0x7b, 0x02, 0x70, 0x63, 0xbb,
  0x54, 0x7c, 0xff, 0xf6, 0x8c, 0xfa, 0x37, 0x9d, 0xfd, 0x37, 0x95, 0xfe, 0x37, 0x95, 0xff, 0x37, 0x95, 0xff, 0x37, 0x95, 0xff, 0x37, 0x95, 0xff,
  0x37, 0x95, 0xff, 0x37, 0x95, 0xff, 0x37, 0x95, 0xff, 0x37, 0x95, 0xff, 0x37, 0x95, 0xff, 0x37, 0x95, 0xff, 0x37, 0x95, 0xff, 0x37, 0x95, 0xff,
  0x37, 0x9d, 0xff, 0x18, 0x8d, 0xff, 0xcb, 0xd5, 0xff, 0x61, 0xfe, 0xff, 0x43, 0xf6, 0xff, 0x61, 0xfe, 0xff, 0xea, 0xd5, 0xff, 0x18, 0x8d, 0xff,
  0x37, 0x9d, 0xff, 0x37, 0x95, 0xff, 0x37, 0x95, 0xff, 0x37, 0x95, 0xff, 0x37, 0x95, 0xff, 0x37, 0x95, 0xff, 0x37, 0x95, 0xff, 0x37, 0x95, 0xff,
  0x37, 0x95, 0xff, 0x37, 0x95, 0xfe, 0x16, 0x95, 0xfa, 0x74, 0x7c, 0xff, 0xb1, 0x63, 0xe9, 0xb1, 0x5b, 0x18, 0xff, 0xff, 0x01, 0xef, 0x03, 0x02,
  0x00, 0x00, 0x00, 0x00, 0x00, 0x00, 0x00, 0x00, 0x00, 0x00, 0x00, 0x00, 0x00, 0x00, 0x00, 0x00, 0x00, 0x00, 0x00, 0x00, 0x00, 0x00, 0x00, 0x00,
  0x00, 0x00, 0x00, 0xff, 0x07, 0x01, 0x1f, 0x00, 0x01, 0xd2, 0x6b, 0x13, 0x91, 0x63, 0xb8, 0xf2, 0x6b, 0xff, 0x54, 0x7c, 0xff, 0x95, 0x84, 0xff,
  0xb5, 0x8c, 0xfd, 0xb5, 0x8c, 0xfd, 0xb5, 0x8c, 0xfd, 0xb5, 0x8c, 0xfd, 0xb5, 0x8c, 0xfd, 0xb5, 0x8c, 0xfd, 0xb5, 0x8c, 0xfd, 0xb5, 0x8c, 0xfd,
  0xb5, 0x8c, 0xfd, 0xb5, 0x8c, 0xfd, 0xb5, 0x8c, 0xfd, 0xd5, 0x8c, 0xfd, 0x96, 0x84, 0xff, 0x50, 0xad, 0xff, 0x61, 0xfe, 0xff, 0x42, 0xfe, 0xff,
  0x62, 0xfe, 0xfe, 0x62, 0xfe, 0xfc, 0xf2, 0x9c, 0xfd, 0xb6, 0x84, 0xfd, 0xb5, 0x8c, 0xfd, 0xb5, 0x8c, 0xfd, 0xb5, 0x8c, 0xfd, 0xb5, 0x8c, 0xfd,
  0xb5, 0x8c, 0xfd, 0xb5, 0x8c, 0xfd, 0xb5, 0x8c, 0xfd, 0xb5, 0x8c, 0xfd, 0xb5, 0x84, 0xfe, 0x54, 0x7c, 0xff, 0x13, 0x74, 0xff, 0xb1, 0x63, 0xd9,
  0xb1, 0x63, 0x36, 0x00, 0x00, 0x00, 0xef, 0x7b, 0x02, 0x00, 0x00, 0x00, 0x00, 0x00, 0x00, 0x00, 0x00, 0x00, 0x00, 0x00, 0x00, 0x00, 0x00, 0x00,
  0x00, 0x00, 0x00, 0x00, 0x00, 0x00, 0x00, 0x00, 0x00, 0x00, 0x00, 0x00, 0x00, 0x00, 0x00, 0x00, 0x00, 0x00, 0xff, 0x07, 0x01, 0x00, 0x00, 0x00,
  0x00, 0x00, 0x00, 0xb1, 0x63, 0x62, 0x91, 0x63, 0xd2, 0x91, 0x63, 0xfb, 0xd2, 0x63, 0xff, 0xb1, 0x63, 0xff, 0xb1, 0x63, 0xff, 0xb1, 0x63, 0xff,
  0xb1, 0x63, 0xff, 0xb1, 0x63, 0xff, 0xb1, 0x63, 0xff, 0xb1, 0x63, 0xff, 0xb1, 0x63, 0xff, 0xb1, 0x63, 0xff, 0xb1, 0x63, 0xff, 0xb2, 0x63, 0xff,
  0xb0, 0x63, 0xff, 0xe4, 0xe5, 0xff, 0x62, 0xfe, 0xff, 0x43, 0xf6, 0xff, 0x81, 0xfe, 0xff, 0x89, 0xc5, 0xff, 0x93, 0x5b, 0xff, 0xd1, 0x6b, 0xff,
  0xb1, 0x63, 0xff, 0xb1, 0x63, 0xff, 0xb1, 0x63, 0xff, 0xb1, 0x63, 0xff, 0xb1, 0x63, 0xff, 0xb1, 0x63, 0xff, 0xb1, 0x63, 0xff, 0xd2, 0x63, 0xff,
  0xb1, 0x63, 0xff, 0x91, 0x63, 0xe1, 0xb1, 0x63, 0x80, 0xb1, 0x63, 0x0f, 0x00, 0x00, 0x00, 0xef, 0x7b, 0x02, 0x00, 0x00, 0x00, 0x00, 0x00, 0x00,
  0x00, 0x00, 0x00, 0x00, 0x00, 0x00, 0x00, 0x00, 0x00, 0x00, 0x00, 0x00, 0x00, 0x00, 0x00, 0x00, 0x00, 0x00, 0x00, 0x00, 0x00, 0x00, 0x00, 0x00,
  0x00, 0x00, 0x00, 0x00, 0x00, 0x00, 0x00, 0x00, 0x00, 0xff, 0x07, 0x01, 0x1f, 0x00, 0x01, 0x00, 0x00, 0x00, 0xff, 0x7b, 0x02, 0xf2, 0x6b, 0x29,
  0xf2, 0x6b, 0x41, 0xb1, 0x63, 0x41, 0xb1, 0x63, 0x41, 0xb1, 0x63, 0x41, 0xb1, 0x63, 0x41, 0xb1, 0x63, 0x41, 0xb1, 0x63, 0x41, 0xb1, 0x63, 0x41,
  0xb1, 0x63, 0x41, 0xb1, 0x63, 0x41, 0xd0, 0x73, 0x44, 0x53, 0x4b, 0x3d, 0xa6, 0xd5, 0xb2, 0xc2, 0xfe, 0xff, 0x42, 0xfe, 0xfc, 0x62, 0xfe, 0xff,
  0x82, 0xfe, 0xfb, 0xca, 0xac, 0x5b, 0x91, 0x63, 0x44, 0xf0, 0x6b, 0x45, 0xd1, 0x6b, 0x43, 0xb1, 0x63, 0x41, 0xb1, 0x63, 0x41, 0xb1, 0x63, 0x41,
  0xb1, 0x63, 0x41, 0xb1, 0x63, 0x41, 0xb1, 0x63, 0x41, 0xd2, 0x6b, 0x41, 0xd2, 0x6b, 0x35, 0xf3, 0x7b, 0x0a, 0x00, 0x00, 0x00, 0x00, 0x00, 0x00,
  0xef, 0x7b, 0x02, 0x00, 0x00, 0x00, 0x00, 0x00, 0x00, 0x00, 0x00, 0x00, 0x00, 0x00, 0x00, 0x00, 0x00, 0x00, 0x00, 0x00, 0x00, 0x00, 0x00, 0x00,
  0x00, 0x00, 0x00, 0x00, 0x00, 0x00, 0x00, 0x00, 0x00, 0x00, 0x00, 0x00, 0x00, 0x00, 0x00, 0x00, 0x00, 0x00, 0x00, 0x00, 0x00, 0x00, 0x00, 0x00,
  0x00, 0x00, 0x00, 0x55, 0x55, 0x03, 0x00, 0x00, 0x00, 0x00, 0x00, 0x00, 0x00, 0x00, 0x00, 0x00, 0x00, 0x00, 0x00, 0x00, 0x00, 0x00, 0x00, 0x00,
  0x00, 0x00, 0x00, 0x00, 0x00, 0x00, 0x00, 0x00, 0x00, 0x00, 0x00, 0x00, 0x00, 0x00, 0x00, 0x00, 0x00, 0x00, 0x00, 0x00, 0x00, 0x40, 0xff, 0x24,
  0xa2, 0xfe, 0xef, 0x62, 0xfe, 0xfd, 0x62, 0xfe, 0xfb, 0xc2, 0xfe, 0xff, 0x42, 0xfe, 0x94, 0x00, 0x00, 0x00, 0x00, 0x00, 0x00, 0x00, 0x00, 0x00,
  0x00, 0x00, 0x00, 0x00, 0x00, 0x00, 0x00, 0x00, 0x00, 0x00, 0x00, 0x00, 0x00, 0x00, 0x00, 0x00, 0x00, 0x00, 0x00, 0x00, 0x00, 0x00, 0x00, 0x00,
  0x00, 0x00, 0x00, 0x00, 0x00, 0x00, 0x55, 0x55, 0x03, 0x1f, 0x00, 0x01, 0x00, 0x00, 0x00, 0x00, 0x00, 0x00, 0x00, 0x00, 0x00, 0x00, 0x00, 0x00,
  0x00, 0x00, 0x00, 0x00, 0x00, 0x00, 0x00, 0x00, 0x00, 0x00, 0x00, 0x00, 0x00, 0x00, 0x00, 0x00, 0x00, 0x00, 0x00, 0x00, 0x00, 0x00, 0x00, 0x00,
  0x00, 0x00, 0x00, 0x00, 0x00, 0x00, 0x00, 0x00, 0x00, 0x00, 0x00, 0x00, 0x00, 0x00, 0x00, 0x00, 0x00, 0x00, 0x00, 0x00, 0x01, 0xef, 0x7b, 0x02,
  0xb5, 0x52, 0x03, 0xb5, 0x52, 0x03, 0xb5, 0x52, 0x03, 0xb5, 0x52, 0x03, 0xb5, 0x52, 0x03, 0xb5, 0x52, 0x03, 0xb5, 0x52, 0x03, 0xb5, 0x52, 0x03,
  0xef, 0x7b, 0x04, 0x4a, 0xad, 0x06, 0xe7, 0xbc, 0x08, 0x42, 0xf6, 0xd1, 0xa2, 0xfe, 0xff, 0x42, 0xfe, 0xfd, 0x42, 0xfe, 0xfe, 0x62, 0xfe, 0xff,
  0x62, 0xfe, 0xcd, 0x42, 0xfe, 0xc0, 0x42, 0xf6, 0xc1, 0x62, 0xfe, 0xbe, 0x82, 0xfe, 0xc2, 0x23, 0xf6, 0x35, 0x55, 0x55, 0x03, 0xcc, 0x9c, 0x05,
  0xb5, 0x52, 0x03, 0xb5, 0x52, 0x03, 0xb5, 0x52, 0x03, 0xb5, 0x52, 0x03, 0xaa, 0x52, 0x03, 0x00, 0x00, 0x01, 0x00, 0x00, 0x00, 0x00, 0x00, 0x00,
  0x00, 0x00, 0x00, 0x00, 0x00, 0x00, 0x00, 0x00, 0x00, 0x00, 0x00, 0x00, 0x00, 0x00, 0x00, 0x00, 0x00, 0x00, 0x00, 0x00, 0x00, 0x00, 0x00, 0x00,
  0x00, 0x00, 0x00, 0x00, 0x00, 0x00, 0x00, 0x00, 0x00, 0x00, 0x00, 0x00, 0x00, 0x00, 0x00, 0x00, 0x00, 0x00, 0x00, 0x00, 0x00, 0x00, 0x00, 0x00,
  0x00, 0x00, 0x00, 0x00, 0x00, 0x00, 0x00, 0x00, 0x00, 0x00, 0x00, 0x00, 0x00, 0x00, 0x00, 0x00, 0x00, 0x00, 0x00, 0x00, 0x00, 0x00, 0x00, 0x00,
  0x00, 0x00, 0x00, 0x00, 0x00, 0x00, 0x00, 0x00, 0x00, 0x00, 0x00, 0x00, 0xe0, 0xfd, 0x04, 0x00, 0x00, 0x00, 0x42, 0xf6, 0x80, 0xc2, 0xfe, 0xff,
  0x42, 0xfe, 0xfb, 0x62, 0xfe, 0xff, 0x62, 0xfe, 0xff, 0x42, 0xfe, 0xff, 0xa2, 0xfe, 0xff, 0xa2, 0xfe, 0xff, 0x82, 0xfe, 0xff, 0x23, 0xff, 0xff,
  0x42, 0xfe, 0x9d, 0xe0, 0xff, 0x01, 0x40, 0xfd, 0x03, 0x00, 0x00, 0x00, 0x00, 0x00, 0x00, 0x00, 0x00, 0x00, 0x00, 0x00, 0x00, 0x00, 0x00, 0x00,
  0x00, 0x00, 0x00, 0x00, 0x00, 0x00, 0x00, 0x00, 0x00, 0x00, 0x00, 0x00, 0x00, 0x00, 0x00, 0x00, 0x00, 0x00, 0x00, 0x00, 0x00, 0x00, 0x00, 0x00,
  0x00, 0x00, 0x00, 0x00, 0x00, 0x00, 0x00, 0x00, 0x00, 0x00, 0x00, 0x00, 0x00, 0x00, 0x00, 0x00, 0x00, 0x00, 0x00, 0x00, 0x00, 0x00, 0x00, 0x00,
  0x00, 0x00, 0x00, 0x00, 0x00, 0x00, 0x00, 0x00, 0x00, 0x00, 0x00, 0x00, 0x00, 0x00, 0x00, 0x00, 0x00, 0x00, 0x00, 0x00, 0x00, 0x00, 0x00, 0x00,
  0x00, 0x00, 0x00, 0x00, 0x00, 0x00, 0x00, 0x00, 0x00, 0x00, 0x00, 0x00, 0x00, 0x00, 0x00, 0x00, 0x00, 0x00, 0x00, 0x00, 0x00, 0xe0, 0xff, 0x02,
  0x00, 0x00, 0x00, 0x42, 0xfe, 0x2f, 0x82, 0xfe, 0xf8, 0x62, 0xfe, 0xfa, 0x62, 0xfe, 0xfc, 0x42, 0xfe, 0xfe, 0x62, 0xfe, 0xff, 0x62, 0xfe, 0xff,
  0x62, 0xfe, 0xfd, 0x42, 0xfe, 0xf8, 0xc2, 0xfe, 0xff, 0x62, 0xfe, 0xa9, 0x00, 0x00, 0x00, 0xe0, 0xff, 0x02, 0x00, 0xf8, 0x01, 0x00, 0x00, 0x00,
  0x00, 0x00, 0x00, 0x00, 0x00, 0x00, 0x00, 0x00, 0x00, 0x00, 0x00, 0x00, 0x00, 0x00, 0x00, 0x00, 0x00, 0x00, 0x00, 0x00, 0x00, 0x00, 0x00, 0x00,
  0x00, 0x00, 0x00, 0x00, 0x00, 0x00, 0x00, 0x00, 0x00, 0x00, 0x00, 0x00, 0x00, 0x00, 0x00, 0x00, 0x00, 0x00, 0x00, 0x00, 0x00, 0x00, 0x00, 0x00,
  0x00, 0x00, 0x00, 0x00, 0x00, 0x00, 0x00, 0x00, 0x00, 0x00, 0x00, 0x00, 0x00, 0x00, 0x00, 0x00, 0x00, 0x00, 0x00, 0x00, 0x00, 0x00, 0x00, 0x00,
  0x00, 0x00, 0x00, 0x00, 0x00, 0x00, 0x00, 0x00, 0x00, 0x00, 0x00, 0x00, 0x00, 0x00, 0x00, 0x00, 0x00, 0x00, 0x00, 0x00, 0x00, 0x00, 0x00, 0x00,
  0x00, 0x00, 0x00, 0x00, 0x00, 0x00, 0xe0, 0xff, 0x01, 0xe0, 0xfb, 0x02, 0x42, 0xfe, 0x0e, 0x62, 0xfe, 0xd9, 0xe2, 0xfe, 0xff, 0x82, 0xfe, 0xff,
  0xa2, 0xfe, 0xff, 0x82, 0xfe, 0xff, 0x42, 0xfe, 0xfe, 0x62, 0xfe, 0xff, 0x42, 0xfe, 0xfc, 0xa2, 0xfe, 0xff, 0x82, 0xfe, 0xca, 0x01, 0xfe, 0x11,
  0xe0, 0xfb, 0x02, 0xe0, 0xff, 0x01, 0x00, 0x00, 0x00, 0x00, 0x00, 0x00, 0x00, 0x00, 0x00, 0x00, 0x00, 0x00, 0x00, 0x00, 0x00, 0x00, 0x00, 0x00,
  0x00, 0x00, 0x00, 0x00, 0x00, 0x00, 0x00, 0x00, 0x00, 0x00, 0x00, 0x00, 0x00, 0x00, 0x00, 0x00, 0x00, 0x00, 0x00, 0x00, 0x00, 0x00, 0x00, 0x00,
  0x00, 0x00, 0x00, 0x00, 0x00, 0x00, 0x00, 0x00, 0x00, 0x00, 0x00, 0x00, 0x00, 0x00, 0x00, 0x00, 0x00, 0x00, 0x00, 0x00, 0x00, 0x00, 0x00, 0x00,
  0x00, 0x00, 0x00, 0x00, 0x00, 0x00, 0x00, 0x00, 0x00, 0x00, 0x00, 0x00, 0x00, 0x00, 0x00, 0x00, 0x00, 0x00, 0x00, 0x00, 0x00, 0x00, 0x00, 0x00,
  0x00, 0x00, 0x00, 0x00, 0x00, 0x00, 0x00, 0x00, 0x00, 0x00, 0x00, 0x00, 0x00, 0x00, 0x00, 0x00, 0x00, 0x00, 0xe0, 0xff, 0x01, 0x00, 0x00, 0x00,
  0x62, 0xfe, 0x0f, 0x82, 0xfe, 0x46, 0x42, 0xfe, 0x40, 0x62, 0xfe, 0x43, 0x62, 0xf6, 0x42, 0x42, 0xfe, 0x67, 0x82, 0xfe, 0xfb, 0x62, 0xfe, 0xfb,
  0x82, 0xfe, 0xff, 0x82, 0xfe, 0xea, 0xc1, 0xe5, 0x16, 0x00, 0x00, 0x00, 0xe0, 0xff, 0x02, 0x00, 0x00, 0x00, 0x00, 0x00, 0x00, 0x00, 0x00, 0x00,
  0x00, 0x00, 0x00, 0x00, 0x00, 0x00, 0x00, 0x00, 0x00, 0x00, 0x00, 0x00, 0x00, 0x00, 0x00, 0x00, 0x00, 0x00, 0x00, 0x00, 0x00, 0x00, 0x00, 0x00,
  0x00, 0x00, 0x00, 0x00, 0x00, 0x00, 0x00, 0x00, 0x00, 0x00, 0x00, 0x00, 0x00, 0x00, 0x00, 0x00, 0x00, 0x00, 0x00, 0x00, 0x00, 0x00, 0x00, 0x00,
  0x00, 0x00, 0x00, 0x00, 0x00, 0x00, 0x00, 0x00, 0x00, 0x00, 0x00, 0x00, 0x00, 0x00, 0x00, 0x00, 0x00, 0x00, 0x00, 0x00, 0x00, 0x00, 0x00, 0x00,
  0x00, 0x00, 0x00, 0x00, 0x00, 0x00, 0x00, 0x00, 0x00, 0x00, 0x00, 0x00, 0x00, 0x00, 0x00, 0x00, 0x00, 0x00, 0x00, 0x00, 0x00, 0x00, 0x00, 0x00,
  0x00, 0x00, 0x00, 0x00, 0x00, 0x00, 0x00, 0x00, 0x00, 0x00, 0x00, 0x00, 0x00, 0x00, 0x00, 0x00, 0x00, 0x00, 0x00, 0x00, 0x00, 0x00, 0x00, 0x00,
  0x00, 0x00, 0x00, 0x42, 0xfe, 0x80, 0xc2, 0xfe, 0xff, 0x62, 0xfe, 0xfb, 0x82, 0xfe, 0xf5, 0x22, 0xf6, 0x36, 0x00, 0x00, 0x00, 0x40, 0xfd, 0x03,
  0x00, 0x00, 0x00, 0x00, 0x00, 0x00, 0x00, 0x00, 0x00, 0x00, 0x00, 0x00, 0x00, 0x00, 0x00, 0x00, 0x00, 0x00, 0x00, 0x00, 0x00, 0x00, 0x00, 0x00,
  0x00, 0x00, 0x00, 0x00, 0x00, 0x00, 0x00, 0x00, 0x00, 0x00, 0x00, 0x00, 0x00, 0x00, 0x00, 0x00, 0x00, 0x00, 0x00, 0x00, 0x00, 0x00, 0x00, 0x00,
  0x00, 0x00, 0x00, 0x00, 0x00, 0x00, 0x00, 0x00, 0x00, 0x00, 0x00, 0x00, 0x00, 0x00, 0x00, 0x00, 0x00, 0x00, 0x00, 0x00, 0x00, 0x00, 0x00, 0x00,
  0x00, 0x00, 0x00, 0x00, 0x00, 0x00, 0x00, 0x00, 0x00, 0x00, 0x00, 0x00, 0x00, 0x00, 0x00, 0x00, 0x00, 0x00, 0x00, 0x00, 0x00, 0x00, 0x00, 0x00,
  0x00, 0x00, 0x00, 0x00, 0x00, 0x00, 0x00, 0x00, 0x00, 0x00, 0x00, 0x00, 0x00, 0x00, 0x00, 0x00, 0x00, 0x00, 0x00, 0x00, 0x00, 0x00, 0x00, 0x00,
  0x00, 0xf8, 0x01, 0x40, 0xfd, 0x03, 0xe0, 0xfd, 0x04, 0xe0, 0xfd, 0x04, 0x62, 0xfe, 0x0f, 0x62, 0xfe, 0xe8, 0x82, 0xfe, 0xfd, 0xa2, 0xfe, 0xff,
  0x22, 0xf6, 0x60, 0x00, 0x00, 0x00, 0xe0, 0xfd, 0x04, 0x00, 0x00, 0x00, 0x00, 0x00, 0x00, 0x00, 0x00, 0x00, 0x00, 0x00, 0x00, 0x00, 0x00, 0x00,
  0x00, 0x00, 0x00, 0x00, 0x00, 0x00, 0x00, 0x00, 0x00, 0x00, 0x00, 0x00, 0x00, 0x00, 0x00, 0x00, 0x00, 0x00, 0x00, 0x00, 0x00, 0x00, 0x00, 0x00,
  0x00, 0x00, 0x00, 0x00, 0x00, 0x00, 0x00, 0x00, 0x00, 0x00, 0x00, 0x00, 0x00, 0x00, 0x00, 0x00, 0x00, 0x00, 0x00, 0x00, 0x00, 0x00, 0x00, 0x00,
  0x00, 0x00, 0x00, 0x00, 0x00, 0x00, 0x00, 0x00, 0x00, 0x00, 0x00, 0x00, 0x00, 0x00, 0x00, 0x00, 0x00, 0x00, 0x00, 0x00, 0x00, 0x00, 0x00, 0x00,
  0x00, 0x00, 0x00, 0x00, 0x00, 0x00, 0x00, 0x00, 0x00, 0x00, 0x00, 0x00, 0x00, 0x00, 0x00, 0x00, 0x00, 0x00, 0x00, 0x00, 0x00, 0x00, 0x00, 0x00,
  0x00, 0x00, 0x00, 0x00, 0x00, 0x00, 0x00, 0x00, 0x00, 0x00, 0x00, 0x00, 0x00, 0x00, 0x00, 0x00, 0x00, 0x00, 0xe0, 0xfd, 0x04, 0x00, 0x00, 0x00,
  0x62, 0xfe, 0x58, 0xa2, 0xfe, 0xfe, 0xc2, 0xfe, 0xff, 0x42, 0xfe, 0x70, 0x00, 0x00, 0x00, 0x60, 0xfe, 0x05, 0x00, 0x00, 0x00, 0x00, 0x00, 0x00,
  0x00, 0x00, 0x00, 0x00, 0x00, 0x00, 0x00, 0x00, 0x00, 0x00, 0x00, 0x00, 0x00, 0x00, 0x00, 0x00, 0x00, 0x00, 0x00, 0x00, 0x00, 0x00, 0x00, 0x00,
  0x00, 0x00, 0x00, 0x00, 0x00, 0x00, 0x00, 0x00, 0x00, 0x00, 0x00, 0x00, 0x00, 0x00, 0x00, 0x00, 0x00, 0x00, 0x00, 0x00, 0x00, 0x00, 0x00, 0x00,
  0x00, 0x00, 0x00, 0x00, 0x00, 0x00, 0x00, 0x00, 0x00, 0x00, 0x00, 0x00, 0x00, 0x00, 0x00, 0x00, 0x00, 0x00, 0x00, 0x00, 0x00, 0x00, 0x00, 0x00,
  0x00, 0x00, 0x00, 0x00, 0x00, 0x00, 0x00, 0x00, 0x00, 0x00, 0x00, 0x00, 0x00, 0x00, 0x00, 0x00, 0x00, 0x00, 0x00, 0x00, 0x00, 0x00, 0x00, 0x00,
  0x00, 0x00, 0x00, 0x00, 0x00, 0x00, 0x00, 0x00, 0x00, 0x00, 0x00, 0x00, 0x00, 0x00, 0x00, 0x00, 0x00, 0x00, 0x00, 0x00, 0x00, 0x00, 0x00, 0x00,
  0x00, 0x00, 0x00, 0x00, 0x00, 0x00, 0xe0, 0xff, 0x02, 0xe0, 0xff, 0x02, 0x42, 0xfe, 0xbb, 0x22, 0xff, 0xff, 0x42, 0xfe, 0x98, 0x00, 0x00, 0x00,
  0xe0, 0xfd, 0x04, 0x00, 0x00, 0x00, 0x00, 0x00, 0x00, 0x00, 0x00, 0x00, 0x00, 0x00, 0x00, 0x00, 0x00, 0x00, 0x00, 0x00, 0x00, 0x00, 0x00, 0x00,
  0x00, 0x00, 0x00, 0x00, 0x00, 0x00, 0x00, 0x00, 0x00, 0x00, 0x00, 0x00, 0x00, 0x00, 0x00, 0x00, 0x00, 0x00, 0x00, 0x00, 0x00, 0x00, 0x00, 0x00,
  0x00, 0x00, 0x00, 0x00, 0x00, 0x00, 0x00, 0x00, 0x00, 0x00, 0x00, 0x00, 0x00, 0x00, 0x00, 0x00, 0x00, 0x00, 0x00, 0x00, 0x00, 0x00, 0x00, 0x00,
  0x00, 0x00, 0x00, 0x00, 0x00, 0x00, 0x00, 0x00, 0x00, 0x00, 0x00, 0x00, 0x00, 0x00, 0x00, 0x00, 0x00, 0x00, 0x00, 0x00, 0x00, 0x00, 0x00, 0x00,
  0x00, 0x00, 0x00, 0x00, 0x00, 0x00, 0x00, 0x00, 0x00, 0x00, 0x00, 0x00, 0x00, 0x00, 0x00, 0x00, 0x00, 0x00, 0x00, 0x00, 0x00, 0x00, 0x00, 0x00,
  0x00, 0x00, 0x00, 0x00, 0x00, 0x00, 0x00, 0x00, 0x00, 0x00, 0x00, 0x00, 0x00, 0x00, 0x00, 0x40, 0xfd, 0x03, 0xe0, 0xff, 0x01, 0x62, 0xfe, 0x30,
  0x02, 0xff, 0xff, 0x62, 0xfe, 0xc5, 0x00, 0x00, 0x00, 0xe0, 0xff, 0x02, 0xe0, 0xff, 0x01, 0x00, 0x00, 0x00, 0x00, 0x00, 0x00, 0x00, 0x00, 0x00,
  0x00, 0x00, 0x00, 0x00, 0x00, 0x00, 0x00, 0x00, 0x00, 0x00, 0x00, 0x00, 0x00, 0x00, 0x00, 0x00, 0x00, 0x00, 0x00, 0x00, 0x00, 0x00, 0x00, 0x00,
  0x00, 0x00, 0x00, 0x00, 0x00, 0x00, 0x00, 0x00, 0x00, 0x00, 0x00, 0x00, 0x00, 0x00, 0x00, 0x00, 0x00, 0x00, 0x00, 0x00, 0x00, 0x00, 0x00, 0x00,
  0x00, 0x00, 0x00, 0x00, 0x00, 0x00, 0x00, 0x00, 0x00, 0x00, 0x00, 0x00, 0x00, 0x00, 0x00, 0x00, 0x00, 0x00, 0x00, 0x00, 0x00, 0x00, 0x00, 0x00,
  0x00, 0x00, 0x00, 0x00, 0x00, 0x00, 0x00, 0x00, 0x00, 0x00, 0x00, 0x00, 0x00, 0x00, 0x00, 0x00, 0x00, 0x00, 0x00, 0x00, 0x00, 0x00, 0x00, 0x00,
  0x00, 0x00, 0x00, 0x00, 0x00, 0x00, 0x00, 0x00, 0x00, 0x00, 0x00, 0x00, 0x00, 0x00, 0x00, 0x00, 0x00, 0x00, 0x00, 0x00, 0x00, 0x00, 0x00, 0x00,
  0x00, 0x00, 0x00, 0xe0, 0xff, 0x03, 0x00, 0x00, 0x00, 0x42, 0xfe, 0xa7, 0xa2, 0xfe, 0xdd, 0x62, 0xfe, 0x0f, 0xe0, 0xff, 0x02, 0xe0, 0xfb, 0x02,
  0x00, 0x00, 0x00, 0x00, 0x00, 0x00, 0x00, 0x00, 0x00, 0x00, 0x00, 0x00, 0x00, 0x00, 0x00, 0x00, 0x00, 0x00, 0x00, 0x00, 0x00, 0x00, 0x00, 0x00,
  0x00, 0x00, 0x00, 0x00, 0x00, 0x00, 0x00, 0x00, 0x00, 0x00, 0x00, 0x00, 0x00, 0x00, 0x00, 0x00, 0x00, 0x00, 0x00, 0x00, 0x00, 0x00, 0x00, 0x00,
  0x00, 0x00, 0x00, 0x00, 0x00, 0x00, 0x00, 0x00, 0x00, 0x00, 0x00, 0x00, 0x00, 0x00, 0x00, 0x00, 0x00, 0x00, 0x00, 0x00, 0x00, 0x00, 0x00, 0x00,
  0x00, 0x00, 0x00, 0x00, 0x00, 0x00, 0x00, 0x00, 0x00, 0x00, 0x00, 0x00, 0x00, 0x00, 0x00, 0x00, 0x00, 0x00, 0x00, 0x00, 0x00, 0x00, 0x00, 0x00,
  0x00, 0x00, 0x00, 0x00, 0x00, 0x00, 0x00, 0x00, 0x00, 0x00, 0x00, 0x00, 0x00, 0x00, 0x00, 0x00, 0x00, 0x00, 0x00, 0x00, 0x00, 0x00, 0x00, 0x00,
  0x00, 0x00, 0x00, 0x00, 0x00, 0x00, 0x00, 0x00, 0x00, 0x00, 0x00, 0x00, 0xe0, 0xff, 0x01, 0x00, 0x00, 0x00, 0x62, 0xf6, 0x19, 0x42, 0xfe, 0xe4,
  0x42, 0xfe, 0x33, 0x00, 0x00, 0x00, 0x40, 0xfd, 0x03, 0x00, 0x00, 0x00, 0x00, 0x00, 0x00, 0x00, 0x00, 0x00, 0x00, 0x00, 0x00, 0x00, 0x00, 0x00,
  0x00, 0x00, 0x00, 0x00, 0x00, 0x00, 0x00, 0x00, 0x00, 0x00, 0x00, 0x00, 0x00, 0x00, 0x00, 0x00, 0x00, 0x00, 0x00, 0x00, 0x00, 0x00, 0x00, 0x00,
  0x00, 0x00, 0x00, 0x00, 0x00, 0x00, 0x00, 0x00, 0x00, 0x00, 0x00, 0x00, 0x00, 0x00, 0x00, 0x00, 0x00, 0x00, 0x00, 0x00, 0x00, 0x00, 0x00, 0x00,
  0x00, 0x00, 0x00, 0x00, 0x00, 0x00, 0x00, 0x00, 0x00, 0x00, 0x00, 0x00, 0x00, 0x00, 0x00, 0x00, 0x00, 0x00, 0x00, 0x00, 0x00, 0x00, 0x00, 0x00,
  0x00, 0x00, 0x00, 0x00, 0x00, 0x00, 0x00, 0x00, 0x00, 0x00, 0x00, 0x00, 0x00, 0x00, 0x00, 0x00, 0x00, 0x00, 0x00, 0x00, 0x00, 0x00, 0x00, 0x00,
  0x00, 0x00, 0x00, 0x00, 0x00, 0x00, 0x00, 0x00, 0x00, 0x00, 0x00, 0x00, 0x00, 0x00, 0x00, 0x00, 0x00, 0x00, 0x00, 0x00, 0x00, 0x00, 0x00, 0x00,
  0x40, 0xfd, 0x03, 0x00, 0x00, 0x00, 0x62, 0xfe, 0x73, 0x42, 0xfe, 0x54, 0x00, 0x00, 0x00, 0xe0, 0xfd, 0x04, 0x00, 0x00, 0x00, 0x00, 0x00, 0x00,
  0x00, 0x00, 0x00, 0x00, 0x00, 0x00, 0x00, 0x00, 0x00, 0x00, 0x00, 0x00, 0x00, 0x00, 0x00, 0x00, 0x00, 0x00, 0x00, 0x00, 0x00, 0x00, 0x00, 0x00,
  0x00, 0x00, 0x00, 0x00, 0x00, 0x00, 0x00, 0x00, 0x00, 0x00, 0x00, 0x00, 0x00, 0x00, 0x00, 0x00, 0x00, 0x00, 0x00, 0x00, 0x00, 0x00, 0x00, 0x00,
  0x00, 0x00, 0x00, 0x00, 0x00, 0x00, 0x00, 0x00, 0x00, 0x00, 0x00, 0x00, 0x00, 0x00, 0x00, 0x00, 0x00, 0x00, 0x00, 0x00, 0x00, 0x00, 0x00, 0x00,
  0x00, 0x00, 0x00, 0x00, 0x00, 0x00, 0x00, 0x00, 0x00, 0x00, 0x00, 0x00, 0x00, 0x00, 0x00, 0x00, 0x00, 0x00, 0x00, 0x00, 0x00, 0x00, 0x00, 0x00,
  0x00, 0x00, 0x00, 0x00, 0x00, 0x00, 0x00, 0x00, 0x00, 0x00, 0x00, 0x00, 0x00, 0x00, 0x00, 0x00, 0x00, 0x00, 0x00, 0x00, 0x00, 0x00, 0x00, 0x00,
  0x00, 0x00, 0x00, 0x00, 0x00, 0x00, 0x00, 0x00, 0x00, 0x00, 0x00, 0x00, 0x00, 0x00, 0x00, 0xe0, 0xff, 0x02, 0x62, 0xfe, 0x2f, 0x00, 0x00, 0x00,
  0xe0, 0xff, 0x02, 0x00, 0x00, 0x00, 0x00, 0x00, 0x00, 0x00, 0x00, 0x00, 0x00, 0x00, 0x00, 0x00, 0x00, 0x00, 0x00, 0x00, 0x00, 0x00, 0x00, 0x00,
  0x00, 0x00, 0x00, 0x00, 0x00, 0x00, 0x00, 0x00, 0x00, 0x00, 0x00, 0x00, 0x00, 0x00, 0x00, 0x00, 0x00, 0x00, 0x00, 0x00, 0x00, 0x00, 0x00, 0x00,
  0x00, 0x00, 0x00, 0x00, 0x00, 0x00, 0x00, 0x00, 0x00, 0x00, 0x00, 0x00, 0x00, 0x00, 0x00, 0x00, 0x00, 0x00, 0x00, 0x00, 0x00, 0x00, 0x00, 0x00,
  0x00, 0x00, 0x00, 0x00, 0x00, 0x00, 0x00, 0x00, 0x00, 0x00, 0x00, 0x00, 0x00, 0x00, 0x00, 0x00, 0x00, 0x00, 0x00, 0x00, 0x00, 0x00, 0x00, 0x00,
  0x00, 0x00, 0x00, 0x00, 0x00, 0x00, 0x00, 0x00, 0x00, 0x00, 0x00, 0x00, 0x00, 0x00, 0x00, 0x00, 0x00, 0x00, 0x00, 0x00, 0x00, 0x00, 0x00, 0x00,
  0x00, 0x00, 0x00, 0x00, 0x00, 0x00, 0x00, 0x00, 0x00, 0x00, 0x00, 0x00, 0x00, 0x00, 0x00, 0x00, 0x00, 0x00, 0x00, 0x00, 0x00, 0x00, 0x00, 0x00,
  0x00, 0x00, 0x00, 0x00, 0x00, 0x00, 0x00, 0x00, 0x00, 0xe0, 0xff, 0x01, 0x00, 0x00, 0x00, 0x00, 0x00, 0x00, 0x00, 0x00, 0x00, 0x00, 0x00, 0x00,
  0x00, 0x00, 0x00, 0x00, 0x00, 0x00, 0x00, 0x00, 0x00, 0x00, 0x00, 0x00, 0x00, 0x00, 0x00, 0x00, 0x00, 0x00, 0x00, 0x00, 0x00, 0x00, 0x00, 0x00,
  0x00, 0x00, 0x00, 0x00, 0x00, 0x00, 0x00, 0x00, 0x00, 0x00, 0x00, 0x00, 0x00, 0x00, 0x00, 0x00, 0x00, 0x00, 0x00, 0x00, 0x00, 0x00, 0x00, 0x00,
  0x00, 0x00, 0x00, 0x00, 0x00, 0x00, 0x00, 0x00, 0x00, 0x00, 0x00, 0x00, 0x00, 0x00, 0x00, 0x00, 0x00, 0x00, 0x00, 0x00, 0x00, 0x00, 0x00, 0x00
};
const lv_img_dsc_t wx_thunder_L = {
  .header = { .cf = LV_IMG_CF_TRUE_COLOR_ALPHA, .always_zero = 0, .reserved = 0, .w = 52, .h = 52 },
  .data_size = 8112,
  .data = wx_thunder_L_map,
};

static const uint8_t wx_fog_L_map[] = {
  0x00, 0x00, 0x00, 0x00, 0x00, 0x00, 0x00, 0x00, 0x00, 0x00, 0x00, 0x00, 0x00, 0x00, 0x00, 0x00, 0x00, 0x00, 0x00, 0x00, 0x00, 0x00, 0x00, 0x00,
  0x00, 0x00, 0x00, 0x00, 0x00, 0x00, 0x00, 0x00, 0x00, 0x00, 0x00, 0x00, 0x00, 0x00, 0x00, 0x00, 0x00, 0x00, 0x00, 0x00, 0x00, 0x00, 0x00, 0x00,
  0x00, 0x00, 0x00, 0x00, 0x00, 0x00, 0x00, 0x00, 0x00, 0x00, 0x00, 0x00, 0x00, 0x00, 0x00, 0x00, 0x00, 0x00, 0xff, 0xff, 0x01, 0xf7, 0xbd, 0x04,
  0x00, 0x00, 0x00, 0x00, 0x00, 0x00, 0x00, 0x00, 0x00, 0xff, 0xff, 0x03, 0x1e, 0xe7, 0x12, 0x1c, 0xd7, 0x12, 0x7c, 0xce, 0x0a, 0x00, 0x00, 0x00,
  0x00, 0x00, 0x00, 0x00, 0x00, 0x00, 0xff, 0xff, 0x03, 0xff, 0xff, 0x02, 0x00, 0x00, 0x00, 0x00, 0x00, 0x00, 0x00, 0x00, 0x00, 0x00, 0x00, 0x00,
  0x00, 0x00, 0x00, 0x00, 0x00, 0x00, 0x00, 0x00, 0x00, 0x00, 0x00, 0x00, 0x00, 0x00, 0x00, 0x00, 0x00, 0x00, 0x00, 0x00, 0x00, 0x00, 0x00, 0x00,
  0x00, 0x00, 0x00, 0x00, 0x00, 0x00, 0x00, 0x00, 0x00, 0x00, 0x00, 0x00, 0x00, 0x00, 0x00, 0x00, 0x00, 0x00, 0x00, 0x00, 0x00, 0x00, 0x00, 0x00,
  0x00, 0x00, 0x00, 0x00, 0x00, 0x00, 0x00, 0x00, 0x00, 0x00, 0x00, 0x00, 0x00, 0x00, 0x00, 0x00, 0x00, 0x00, 0x00, 0x00, 0x00, 0x00, 0x00, 0x00,
  0x00, 0x00, 0x00, 0x00, 0x00, 0x00, 0x00, 0x00, 0x00, 0x00, 0x00, 0x00, 0x00, 0x00, 0x00, 0x00, 0x00, 0x00, 0x00, 0x00, 0x00, 0x00, 0x00, 0x00,
  0x00, 0x00, 0x00, 0xff, 0xff, 0x02, 0x00, 0x00, 0x00, 0x00, 0x00, 0x00, 0xfc, 0xd6, 0x16, 0xfd, 0xd6, 0x60, 0xdc, 0xd6, 0xaa, 0xdc, 0xce, 0xd2,
  0xbc, 0xce, 0xea, 0xbc, 0xce, 0xea, 0xbc, 0xce, 0xde, 0xbc, 0xce, 0xb6, 0xfd, 0xd6, 0x72, 0xbc, 0xce, 0x27, 0x00, 0x00, 0x00, 0x00, 0x00, 0x00,
  0xff, 0xff, 0x03, 0x00, 0x00, 0x00, 0x00, 0x00, 0x00, 0x00, 0x00, 0x00, 0x00, 0x00, 0x00, 0x00, 0x00, 0x00, 0x00, 0x00, 0x00, 0x00, 0x00, 0x00,
  0x00, 0x00, 0x00, 0x00, 0x00, 0x00, 0x00, 0x00, 0x00, 0x00, 0x00, 0x00, 0x00, 0x00, 0x00, 0x00, 0x00, 0x00, 0x00, 0x00, 0x00, 0x00, 0x00, 0x00,
  0x00, 0x00, 0x00, 0x00, 0x00, 0x00, 0x00, 0x00, 0x00, 0x00, 0x00, 0x00, 0x00, 0x00, 0x00, 0x00, 0x00, 0x00, 0x00, 0x00, 0x00, 0x00, 0x00, 0x00,
  0x00, 0x00, 0x00, 0x00, 0x00, 0x00, 0x00, 0x00, 0x00, 0x00, 0x00, 0x00, 0x00, 0x00, 0x00, 0x00, 0x00, 0x00, 0x00, 0x00, 0x00, 0x00, 0x00, 0x00,
  0x00, 0x00, 0x00, 0x00, 0x00, 0x00, 0x00, 0x00, 0x00, 0x00, 0x00, 0x00, 0xff, 0xaf, 0x03, 0x00, 0x00, 0x00, 0x59, 0xb6, 0x0e, 0xfd, 0xd6, 0x80,
  0xdc, 0xce, 0xe9, 0x3e, 0xdf, 0xff, 0x1d, 0xdf, 0xff, 0xfd, 0xd6, 0xff, 0xdc, 0xce, 0xff, 0xdc, 0xce, 0xff, 0xdd, 0xd6, 0xff, 0x1d, 0xd7, 0xff,
  0x3e, 0xdf, 0xff, 0xdc, 0xce, 0xf9, 0xdd, 0xd6, 0x9f, 0x9b, 0xc6, 0x26, 0x00, 0x00, 0x00, 0xff, 0xff, 0x03, 0x00, 0x00, 0x00, 0x00, 0x00, 0x00,
  0x00, 0x00, 0x00, 0x00, 0x00, 0x00, 0x00, 0x00, 0x00, 0x00, 0x00, 0x00, 0x00, 0x00, 0x00, 0x00, 0x00, 0x00, 0x00, 0x00, 0x00, 0x00, 0x00, 0x00,
  0x00, 0x00, 0x00, 0x00, 0x00, 0x00, 0x00, 0x00, 0x00, 0x00, 0x00, 0x00, 0x00, 0x00, 0x00, 0x00, 0x00, 0x00, 0x00, 0x00, 0x00, 0x00, 0x00, 0x00,
  0x00, 0x00, 0x00, 0x00, 0x00, 0x00, 0x00, 0x00, 0x00, 0x00, 0x00, 0x00, 0x00, 0x00, 0x00, 0x00, 0x00, 0x00, 0x00, 0x00, 0x00, 0x00, 0x00, 0x00,
  0x00, 0x00, 0x00, 0x00, 0x00, 0x00, 0x00, 0x00, 0x00, 0x00, 0x00, 0x00, 0x00, 0x00, 0x00, 0x00, 0x00, 0x00, 0x00, 0x00, 0x00, 0xff, 0xaf, 0x03,
  0x00, 0x00, 0x00, 0x9b, 0xc6, 0x31, 0xfd, 0xd6, 0xce, 0x3e, 0xdf, 0xff, 0xdc, 0xce, 0xff, 0x9b, 0xce, 0xfc, 0xbc, 0xce, 0xfc, 0xbc, 0xce, 0xfd,
  0xbc, 0xce, 0xfe, 0xbc, 0xce, 0xfe, 0xbc, 0xce, 0xfd, 0xbc, 0xce, 0xfc, 0xbc, 0xce, 0xfb, 0xbc, 0xce, 0xff, 0x3e, 0xdf, 0xff, 0xdc, 0xd6, 0xed,
  0x9b, 0xce, 0x56, 0x00, 0x00, 0x00, 0xff, 0xaf, 0x03, 0x00, 0x00, 0x00, 0x00, 0x00, 0x00, 0x00, 0x00, 0x00, 0x00, 0x00, 0x00, 0x00, 0x00, 0x00,
  0x00, 0x00, 0x00, 0x00, 0x00, 0x00, 0x00, 0x00, 0x00, 0x00, 0x00, 0x00, 0x00, 0x00, 0x00, 0x00, 0x00, 0x00, 0x00, 0x00, 0x00, 0x00, 0x00, 0x00,
  0x00, 0x00, 0x00, 0x00, 0x00, 0x00, 0x00, 0x00, 0x00, 0x00, 0x00, 0x00, 0x00, 0x00, 0x00, 0x00, 0x00, 0x00, 0x00, 0x00, 0x00, 0x00, 0x00, 0x00,
  0x00, 0x00, 0x00, 0x00, 0x00, 0x00, 0x00, 0x00, 0x00, 0x00, 0x00, 0x00, 0x00, 0x00, 0x00, 0x00, 0x00, 0x00, 0x00, 0x00, 0x00, 0x00, 0x00, 0x00,
  0x00, 0x00, 0x00, 0x00, 0x00, 0x00, 0xff, 0xff, 0x02, 0x00, 0x00, 0x00, 0x9b, 0xce, 0x35, 0xfd, 0xd6, 0xee, 0x1d, 0xd7, 0xff, 0xbb, 0xce, 0xfa,
  0xbc, 0xce, 0xfe, 0xbc, 0xce, 0xff, 0xbc, 0xce, 0xff, 0xbc, 0xce, 0xff, 0xbc, 0xce, 0xff, 0xbc, 0xce, 0xff, 0xbc, 0xce, 0xff, 0xbc, 0xce, 0xff,
  0xbc, 0xce, 0xff, 0xbc, 0xce, 0xfe, 0xbb, 0xce, 0xfb, 0xdc, 0xce, 0xff, 0x1d, 0xd7, 0xff, 0xbb, 0xce, 0x65, 0x00, 0x00, 0x00, 0xff, 0xaf, 0x03,
  0x00, 0x00, 0x00, 0x00, 0x00, 0x00, 0x00, 0x00, 0x00, 0x00, 0x00, 0x00, 0x00, 0x00, 0x00, 0x00, 0x00, 0x00, 0x00, 0x00, 0x00, 0x00, 0x00, 0x00,
  0x00, 0x00, 0x00, 0x00, 0x00, 0x00, 0x00, 0x00, 0x00, 0x00, 0x00, 0x00, 0x00, 0x00, 0x00, 0x00, 0x00, 0x00, 0x00, 0x00, 0x00, 0x00, 0x00, 0x00,
  0x00, 0x00, 0x00, 0x00, 0x00, 0x00, 0x00, 0x00, 0x00, 0x00, 0x00, 0x00, 0x00, 0x00, 0x00, 0x00, 0x00, 0x00, 0x00, 0x00, 0x00, 0x00, 0x00, 0x00,
  0x00, 0x00, 0x00, 0x00, 0x00, 0x00, 0x00, 0x00, 0x00, 0x00, 0x00, 0x00, 0x00, 0x00, 0x00, 0xff, 0x7f, 0x02, 0xff, 0xff, 0x01, 0xbb, 0xce, 0x18,
  0xdc, 0xce, 0xe9, 0xfd, 0xd6, 0xff, 0xbb, 0xce, 0xfb, 0xbc, 0xce, 0xff, 0xbc, 0xce, 0xff, 0xbc, 0xce, 0xff, 0xbc, 0xce, 0xff, 0xbc, 0xce, 0xff,
  0xbc, 0xce, 0xff, 0xbc, 0xce, 0xff, 0xbc, 0xce, 0xff, 0xbc, 0xce, 0xff, 0xbc, 0xce, 0xff, 0xbc, 0xce, 0xff, 0xbc, 0xce, 0xff, 0xbc, 0xce, 0xfd,
  0xbc, 0xce, 0xfc, 0x1d, 0xd7, 0xff, 0x9b, 0xc6, 0x45, 0x00, 0x00, 0x00, 0xff, 0xaf, 0x03, 0x00, 0x00, 0x00, 0x00, 0x00, 0x00, 0x00, 0x00, 0x00,
  0x00, 0x00, 0x00, 0x00, 0x00, 0x00, 0x00, 0x00, 0x00, 0x00, 0x00, 0x00, 0x00, 0x00, 0x00, 0x00, 0x00, 0x00, 0x00, 0x00, 0x00, 0x00, 0x00, 0x00,
  0x00, 0x00, 0x00, 0x00, 0x00, 0x00, 0x00, 0x00, 0x00, 0x00, 0x00, 0x00, 0x00, 0x00, 0x00, 0x00, 0x00, 0x00, 0x00, 0x00, 0x00, 0x00, 0x00, 0x00,
  0x00, 0x00, 0x00, 0x00, 0x00, 0x00, 0x00, 0x00, 0x00, 0x00, 0x00, 0x00, 0x00, 0x00, 0x00, 0x00, 0x00, 0x00, 0x00, 0x00, 0x00, 0x00, 0x00, 0x00,
  0x00, 0x00, 0x00, 0xff, 0xff, 0x02, 0x00, 0x00, 0x00, 0x9b, 0xce, 0xb9, 0x1d, 0xdf, 0xff, 0x9b, 0xce, 0xfb, 0xbc, 0xce, 0xff, 0xbc, 0xce, 0xff,
  0xbc, 0xce, 0xff, 0xbc, 0xce, 0xff, 0xbc, 0xce, 0xff, 0xbc, 0xce, 0xff, 0xbc, 0xce, 0xff, 0xbc, 0xce, 0xff, 0xbc, 0xce, 0xff, 0xbc, 0xce, 0xff,
  0xbc, 0xce, 0xff, 0xbc, 0xce, 0xff, 0xbc, 0xce, 0xff, 0xbc, 0xce, 0xff, 0xbc, 0xce, 0xfd, 0xdc, 0xce, 0xfe, 0xbc, 0xce, 0xe8, 0xbc, 0xce, 0x13,
  0xff, 0xff, 0x01, 0xff, 0xff, 0x01, 0x00, 0x00, 0x00, 0x00, 0x00, 0x00, 0x00, 0x00, 0x00, 0x00, 0x00, 0x00, 0x00, 0x00, 0x00, 0x00, 0x00, 0x00,
  0x00, 0x00, 0x00, 0x00, 0x00, 0x00, 0x00, 0x00, 0x00, 0x00, 0x00, 0x00, 0x00, 0x00, 0x00, 0x00, 0x00, 0x00, 0x00, 0x00, 0x00, 0x00, 0x00, 0x00,
  0x00, 0x00, 0x00, 0x00, 0x00, 0x00, 0x00, 0x00, 0x00, 0x00, 0x00, 0x00, 0x00, 0x00, 0x00, 0x00, 0x00, 0x00, 0x00, 0x00, 0x00, 0x00, 0x00, 0x00,
  0x00, 0x00, 0x00, 0x00, 0x00, 0x00, 0x00, 0x00, 0x00, 0x00, 0x00, 0x00, 0xff, 0xaf, 0x03, 0x00, 0x00, 0x00, 0xdc, 0xce, 0x42, 0x1d, 0xd7, 0xff,
  0xbc, 0xce, 0xfc, 0xbc, 0xce, 0xff, 0xbc, 0xce, 0xff, 0xbc, 0xce, 0xff, 0xbc, 0xce, 0xff, 0xbc, 0xce, 0xff, 0xbc, 0xce, 0xff, 0xbc, 0xce, 0xff,
  0xbc, 0xce, 0xff, 0xbc, 0xce, 0xff, 0xbc, 0xce, 0xff, 0xbc, 0xce, 0xff, 0xbc, 0xce, 0xff, 0xbc, 0xce, 0xff, 0xbc, 0xce, 0xff, 0xbc, 0xce, 0xff,
  0xbc, 0xce, 0xff, 0x9b, 0xce, 0xfb, 0x3e, 0xdf, 0xff, 0xbc, 0xce, 0x80, 0x00, 0x00, 0x00, 0xff, 0xff, 0x03, 0x00, 0x00, 0x00, 0x00, 0x00, 0x00,
  0x00, 0x00, 0x00, 0x00, 0x00, 0x00, 0x00, 0x00, 0x00, 0x00, 0x00, 0x00, 0x00, 0x00, 0x00, 0x00, 0x00, 0x00, 0x00, 0x00, 0x00, 0x00, 0x00, 0x00,
  0x00, 0x00, 0x00, 0x00, 0x00, 0x00, 0x00, 0x00, 0x00, 0x00, 0x00, 0x00, 0x00, 0x00, 0x00, 0x00, 0x00, 0x00, 0x00, 0x00, 0x00, 0x00, 0x00, 0x00,
  0x00, 0x00, 0x00, 0x00, 0x00, 0x00, 0x00, 0x00, 0x00, 0x00, 0x00, 0x00, 0x00, 0x00, 0x00, 0x00, 0x00, 0x00, 0xff, 0xff, 0x02, 0xff, 0xff, 0x04,
  0xff, 0xff, 0x05, 0x00, 0x00, 0x00, 0x9b, 0xce, 0xb6, 0x1d, 0xd7, 0xff, 0x9b, 0xce, 0xfc, 0xbc, 0xce, 0xff, 0xbc, 0xce, 0xff, 0xbc, 0xce, 0xff,
  0xbc, 0xce, 0xff, 0xbc, 0xce, 0xff, 0xbc, 0xce, 0xff, 0xbc, 0xce, 0xff, 0xbc, 0xce, 0xff, 0xbc, 0xce, 0xff, 0xbc, 0xce, 0xff, 0xbc, 0xce, 0xff,
  0xbc, 0xce, 0xff, 0xbc, 0xce, 0xff, 0xbc, 0xce, 0xff, 0xbc, 0xce, 0xff, 0xbc, 0xce, 0xff, 0xbc, 0xce, 0xfe, 0xdc, 0xce, 0xfe, 0xbc, 0xce, 0xe8,
  0xba, 0xc6, 0x0d, 0x00, 0x00, 0x00, 0xff, 0xff, 0x01, 0x00, 0x00, 0x00, 0x00, 0x00, 0x00, 0x00, 0x00, 0x00, 0x00, 0x00, 0x00, 0x00, 0x00, 0x00,
  0x00, 0x00, 0x00, 0x00, 0x00, 0x00, 0x00, 0x00, 0x00, 0x00, 0x00, 0x00, 0x00, 0x00, 0x00, 0x00, 0x00, 0x00, 0x00, 0x00, 0x00, 0x00, 0x00, 0x00,
  0x00, 0x00, 0x00, 0x00, 0x00, 0x00, 0x00, 0x00, 0x00, 0x00, 0x00, 0x00, 0x00, 0x00, 0x00, 0x00, 0x00, 0x00, 0x00, 0x00, 0x00, 0x00, 0x00, 0x00,
  0xff, 0x7b, 0x02, 0xff, 0xff, 0x01, 0x00, 0x00, 0x00, 0x00, 0x00, 0x00, 0x00, 0x00, 0x00, 0xdc, 0xce, 0x14, 0xdc, 0xce, 0xf1, 0xbc, 0xce, 0xfe,
  0xbc, 0xce, 0xfe, 0xbc, 0xce, 0xff, 0xbc, 0xce, 0xff, 0xbc, 0xce, 0xff, 0xbc, 0xce, 0xff, 0xbc, 0xce, 0xff, 0xbc, 0xce, 0xff, 0xbc, 0xce, 0xff,
  0xbc, 0xce, 0xff, 0xbc, 0xce, 0xff, 0xbc, 0xce, 0xff, 0xbc, 0xce, 0xff, 0xbc, 0xce, 0xff, 0xbc, 0xce, 0xff, 0xbc, 0xce, 0xff, 0xbc, 0xce, 0xff,
  0xbc, 0xce, 0xff, 0xbc, 0xce, 0xff, 0x9b, 0xce, 0xfd, 0x1d, 0xd7, 0xff, 0xbc, 0xce, 0x4e, 0x00, 0x00, 0x00, 0xff, 0xaf, 0x03, 0x00, 0x00, 0x00,
  0x00, 0x00, 0x00, 0x00, 0x00, 0x00, 0x00, 0x00, 0x00, 0x00, 0x00, 0x00, 0x00, 0x00, 0x00, 0x00, 0x00, 0x00, 0x00, 0x00, 0x00, 0x00, 0x00, 0x00,
  0x00, 0x00, 0x00, 0x00, 0x00, 0x00, 0x00, 0x00, 0x00, 0x00, 0x00, 0x00, 0x00, 0x00, 0x00, 0x00, 0x00, 0x00, 0x00, 0x00, 0x00, 0x00, 0x00, 0x00,
  0x00, 0x00, 0x00, 0x00, 0x00, 0x00, 0x00, 0x00, 0x00, 0xff, 0xff, 0x02, 0x00, 0x00, 0x00, 0x00, 0x00, 0x00, 0xfd, 0xd6, 0x2e, 0xfd, 0xd6, 0x7c,
  0xbc, 0xce, 0xad, 0xdc, 0xce, 0xd0, 0xdc, 0xce, 0xff, 0xbc, 0xce, 0xfe, 0xbc, 0xce, 0xff, 0xbc, 0xce, 0xff, 0xbc, 0xce, 0xff, 0xbc, 0xce, 0xff,
  0xbc, 0xce, 0xff, 0xbc, 0xce, 0xff, 0xbc, 0xce, 0xff, 0xbc, 0xce, 0xff, 0xbc, 0xce, 0xff, 0xbc, 0xce, 0xff, 0xbc, 0xce, 0xff, 0xbc, 0xce, 0xff,
  0xbc, 0xce, 0xff, 0xbc, 0xce, 0xff, 0xbc, 0xce, 0xff, 0xbc, 0xce, 0xff, 0xbc, 0xce, 0xff, 0xbc, 0xce, 0xff, 0xbc, 0xce, 0xfb, 0x3e, 0xdf, 0xff,
  0xbc, 0xce, 0x87, 0x00, 0x00, 0x00, 0xff, 0xbf, 0x04, 0x00, 0x00, 0x00, 0x00, 0x00, 0x00, 0x00, 0x00, 0x00, 0x00, 0x00, 0x00, 0x00, 0x00, 0x00,
  0x00, 0x00, 0x00, 0x00, 0x00, 0x00, 0x00, 0x00, 0x00, 0x00, 0x00, 0x00, 0x00, 0x00, 0x00, 0x00, 0x00, 0x00, 0x00, 0x00, 0x00, 0x00, 0x00, 0x00,
  0x00, 0x00, 0x00, 0x00, 0x00, 0x00, 0x00, 0x00, 0x00, 0x00, 0x00, 0x00, 0x00, 0x00, 0x00, 0x00, 0x00, 0x00, 0xff, 0xaf, 0x03, 0x00, 0x00, 0x00,
  0x9a, 0xc6, 0x26, 0xdd, 0xd6, 0xb6, 0xdc, 0xd6, 0xfc, 0x3e, 0xdf, 0xff, 0x1d, 0xd7, 0xff, 0xfd, 0xd6, 0xff, 0xbc, 0xce, 0xff, 0xbc, 0xce, 0xff,
  0xbc, 0xce, 0xff, 0xbc, 0xce, 0xff, 0xbc, 0xce, 0xff, 0xbc, 0xce, 0xff, 0xbc, 0xce, 0xff, 0xbc, 0xce, 0xff, 0xbc, 0xce, 0xff, 0xbc, 0xce, 0xff,
  0xbc, 0xce, 0xff, 0xbc, 0xce, 0xff, 0xbc, 0xce, 0xff, 0xbc, 0xce, 0xff, 0xbc, 0xce, 0xff, 0xbc, 0xce, 0xff, 0xbc, 0xce, 0xff, 0xbc, 0xce, 0xff,
  0xbc, 0xce, 0xff, 0xbc, 0xce, 0xff, 0xbc, 0xce, 0xfc, 0x1d, 0xd7, 0xff, 0xbc, 0xce, 0xb9, 0x00, 0x00, 0x00, 0xff, 0xff, 0x02, 0x00, 0x00, 0x00,
  0x00, 0x00, 0x00, 0x00, 0x00, 0x00, 0x00, 0x00, 0x00, 0x00, 0x00, 0x00, 0x00, 0x00, 0x00, 0x00, 0x00, 0x00, 0x00, 0x00, 0x00, 0x00, 0x00, 0x00,
  0x00, 0x00, 0x00, 0x00, 0x00, 0x00, 0x00, 0x00, 0x00, 0x00, 0x00, 0x00, 0x00, 0x00, 0x00, 0x00, 0x00, 0x00, 0x00, 0x00, 0x00, 0x00, 0x00, 0x00,
  0x00, 0x00, 0x00, 0xff, 0xff, 0x02, 0x00, 0x00, 0x00, 0x7b, 0xc6, 0x35, 0xdd, 0xd6, 0xed, 0x1d, 0xdf, 0xff, 0xbc, 0xce, 0xff, 0xbc, 0xce, 0xfb,
  0xbc, 0xce, 0xfc, 0xbc, 0xce, 0xfd, 0xbc, 0xce, 0xff, 0xbc, 0xce, 0xff, 0xbc, 0xce, 0xff, 0xbc, 0xce, 0xff, 0xbc, 0xce, 0xff, 0xbc, 0xce, 0xff,
  0xbc, 0xce, 0xff, 0xbc, 0xce, 0xff, 0xbc, 0xce, 0xff, 0xbc, 0xce, 0xff, 0xbc, 0xce, 0xff, 0xbc, 0xce, 0xff, 0xbc, 0xce, 0xff, 0xbc, 0xce, 0xff,
  0xbc, 0xce, 0xff, 0xbc, 0xce, 0xff, 0xbc, 0xce, 0xff, 0xbc, 0xce, 0xff, 0xbc, 0xce, 0xff, 0xbc, 0xce, 0xff, 0xbc, 0xce, 0xfc, 0x1d, 0xd7, 0xff,
  0xbc, 0xce, 0xc0, 0xff, 0xff, 0x02, 0xff, 0xff, 0x02, 0x00, 0x00, 0x00, 0x00, 0x00, 0x00, 0x00, 0x00, 0x00, 0x00, 0x00, 0x00, 0x00, 0x00, 0x00,
  0x00, 0x00, 0x00, 0x00, 0x00, 0x00, 0x00, 0x00, 0x00, 0x00, 0x00, 0x00, 0x00, 0x00, 0x00, 0x00, 0x00, 0x00, 0x00, 0x00, 0x00, 0x00, 0x00, 0x00,
  0x00, 0x00, 0x00, 0x00, 0x00, 0x00, 0x00, 0x00, 0x00, 0x00, 0x00, 0x00, 0xff, 0xff, 0x02, 0x00, 0x00, 0x00, 0x9c, 0xc6, 0x2e, 0xfd, 0xd6, 0xee,
  0xdd, 0xd6, 0xff, 0x9b, 0xce, 0xfb, 0xbc, 0xce, 0xff, 0xbc, 0xce, 0xff, 0xbc, 0xce, 0xff, 0xbc, 0xce, 0xff, 0xbc, 0xce, 0xff, 0xbc, 0xce, 0xff,
  0xbc, 0xce, 0xff, 0xbc, 0xce, 0xff, 0xbc, 0xce, 0xff, 0xbc, 0xce, 0xff, 0xbc, 0xce, 0xff, 0xbc, 0xce, 0xff, 0xbc, 0xce, 0xff, 0xbc, 0xce, 0xff,
  0xbc, 0xce, 0xff, 0xbc, 0xce, 0xff, 0xbc, 0xce, 0xff, 0xbc, 0xce, 0xff, 0xbc, 0xce, 0xff, 0xbc, 0xce, 0xff, 0xbc, 0xce, 0xff, 0xbc, 0xce, 0xff,
  0xbc, 0xce, 0xff, 0xbc, 0xce, 0xff, 0xbc, 0xce, 0xfc, 0x1d, 0xd7, 0xff, 0x9b, 0xce, 0xb9, 0x00, 0x00, 0x00, 0x79, 0xce, 0x05, 0x00, 0x00, 0x00,
  0x00, 0x00, 0x00, 0x00, 0x00, 0x00, 0x00, 0x00, 0x00, 0x00, 0x00, 0x00, 0x00, 0x00, 0x00, 0x00, 0x00, 0x00, 0x00, 0x00, 0x00, 0x00, 0x00, 0x00,
  0x00, 0x00, 0x00, 0x00, 0x00, 0x00, 0x00, 0x00, 0x00, 0x00, 0x00, 0x00, 0x00, 0x00, 0x00, 0x00, 0x00, 0x00, 0x00, 0x00, 0x00, 0xff, 0x07, 0x01,
  0xff, 0x7f, 0x02, 0xdb, 0xde, 0x07, 0xbc, 0xce, 0xcf, 0x1d, 0xd7, 0xff, 0xbb, 0xce, 0xfb, 0xbc, 0xce, 0xff, 0xbc, 0xce, 0xff, 0xbc, 0xce, 0xff,
  0xbc, 0xce, 0xff, 0xbc, 0xce, 0xff, 0xbc, 0xce, 0xff, 0xbc, 0xce, 0xff, 0xbc, 0xce, 0xff, 0xbc, 0xce, 0xff, 0xbc, 0xce, 0xff, 0xbc, 0xce, 0xff,
  0xbc, 0xce, 0xff, 0xbc, 0xce, 0xff, 0xbc, 0xce, 0xff, 0xbc, 0xce, 0xff, 0xbc, 0xce, 0xff, 0xbc, 0xce, 0xff, 0xbc, 0xce, 0xff, 0xbc, 0xce, 0xff,
  0xbc, 0xce, 0xff, 0xbc, 0xce, 0xff, 0xbc, 0xce, 0xff, 0xbc, 0xce, 0xff, 0xbc, 0xce, 0xff, 0xbc, 0xce, 0xff, 0xbc, 0xce, 0xfd, 0xdc, 0xd6, 0xfe,
  0xbc, 0xce, 0xdb, 0x9b, 0xce, 0x26, 0x00, 0x00, 0x00, 0xff, 0xaf, 0x03, 0x00, 0x00, 0x00, 0x00, 0x00, 0x00, 0x00, 0x00, 0x00, 0x00, 0x00, 0x00,
  0x00, 0x00, 0x00, 0x00, 0x00, 0x00, 0x00, 0x00, 0x00, 0x00, 0x00, 0x00, 0x00, 0x00, 0x00, 0x00, 0x00, 0x00, 0x00, 0x00, 0x00, 0x00, 0x00, 0x00,
  0x00, 0x00, 0x00, 0x00, 0x00, 0x00, 0x00, 0x00, 0x00, 0xff, 0xbf, 0x04, 0x00, 0x00, 0x00, 0xdc, 0xce, 0x5c, 0x3e, 0xdf, 0xff, 0x9b, 0xce, 0xfb,
  0xbc, 0xce, 0xff, 0xbc, 0xce, 0xff, 0xbc, 0xce, 0xff, 0xbc, 0xce, 0xff, 0xbc, 0xce, 0xff, 0xbc, 0xce, 0xff, 0xbc, 0xce, 0xff, 0xbc, 0xce, 0xff,
  0xbc, 0xce, 0xff, 0xbc, 0xce, 0xff, 0xbc, 0xce, 0xff, 0xbc, 0xce, 0xff, 0xbc, 0xce, 0xff, 0xbc, 0xce, 0xff, 0xbc, 0xce, 0xff, 0xbc, 0xce, 0xff,
  0xbc, 0xce, 0xff, 0xbc, 0xce, 0xff, 0xbc, 0xce, 0xff, 0xbc, 0xce, 0xff, 0xbc, 0xce, 0xff, 0xbc, 0xce, 0xff, 0xbc, 0xce, 0xff, 0xbc, 0xce, 0xff,
  0xbc, 0xce, 0xff, 0xbc, 0xce, 0xff, 0xbc, 0xce, 0xff, 0x9b, 0xce, 0xfe, 0xdc, 0xd6, 0xff, 0xfd, 0xd6, 0xf1, 0x9b, 0xce, 0x62, 0x00, 0x00, 0x00,
  0xff, 0xaf, 0x03, 0x00, 0x00, 0x00, 0x00, 0x00, 0x00, 0x00, 0x00, 0x00, 0x00, 0x00, 0x00, 0x00, 0x00, 0x00, 0x00, 0x00, 0x00, 0x00, 0x00, 0x00,
  0x00, 0x00, 0x00, 0x00, 0x00, 0x00, 0x00, 0x00, 0x00, 0x00, 0x00, 0x00, 0x00, 0x00, 0x00, 0x00, 0x00, 0x00, 0x00, 0x00, 0x00, 0xff, 0xaf, 0x03,
  0x00, 0x00, 0x00, 0x9c, 0xce, 0xb1, 0x1d, 0xd7, 0xfe, 0xbc, 0xce, 0xfb, 0xbc, 0xce, 0xff, 0xbc, 0xce, 0xff, 0xbc, 0xce, 0xff, 0xbc, 0xce, 0xff,
  0xbc, 0xce, 0xff, 0xbc, 0xce, 0xff, 0xbc, 0xce, 0xff, 0xbc, 0xce, 0xff, 0xbc, 0xce, 0xff, 0xbc, 0xce, 0xff, 0xbc, 0xce, 0xff, 0xbc, 0xce, 0xff,
  0xbc, 0xce, 0xff, 0xbc, 0xce, 0xff, 0xbc, 0xce, 0xff, 0xbc, 0xce, 0xff, 0xbc, 0xce, 0xff, 0xbc, 0xce, 0xff, 0xbc, 0xce, 0xff, 0xbc, 0xce, 0xff,
  0xbc, 0xce, 0xff, 0xbc, 0xce, 0xff, 0xbc, 0xce, 0xff, 0xbc, 0xce, 0xff, 0xbc, 0xce, 0xff, 0xbc, 0xce, 0xff, 0xbc, 0xce, 0xff, 0xbc, 0xce, 0xff,
  0xbc, 0xce, 0xfd, 0xbc, 0xce, 0xff, 0x1d, 0xdf, 0xff, 0xbc, 0xce, 0x54, 0x00, 0x00, 0x00, 0xff, 0xaf, 0x03, 0x00, 0x00, 0x00, 0x00, 0x00, 0x00,
  0x00, 0x00, 0x00, 0x00, 0x00, 0x00, 0x00, 0x00, 0x00, 0x00, 0x00, 0x00, 0x00, 0x00, 0x00, 0x00, 0x00, 0x00, 0x00, 0x00, 0x00, 0x00, 0x00, 0x00,
  0x00, 0x00, 0x00, 0x00, 0x00, 0x00, 0xff, 0xff, 0x01, 0x00, 0x00, 0x00, 0x3a, 0xc6, 0x0d, 0xbc, 0xce, 0xe4, 0xdc, 0xd6, 0xff, 0xbc, 0xce, 0xfe,
  0xbc, 0xce, 0xff, 0xbc, 0xce, 0xff, 0xbc, 0xce, 0xff, 0xbc, 0xce, 0xff, 0xbc, 0xce, 0xff, 0xbc, 0xce, 0xff, 0xbc, 0xce, 0xff, 0xbc, 0xce, 0xff,
  0xbc, 0xce, 0xff, 0xbc, 0xce, 0xff, 0xbc, 0xce, 0xff, 0xbc, 0xce, 0xff, 0xbc, 0xce, 0xff, 0xbc, 0xce, 0xff, 0xbc, 0xce, 0xff, 0xbc, 0xce, 0xff,
  0xbc, 0xce, 0xff, 0xbc, 0xce, 0xff, 0xbc, 0xce, 0xff, 0xbc, 0xce, 0xff, 0xbc, 0xce, 0xff, 0xbc, 0xce, 0xff, 0xbc, 0xce, 0xff, 0xbc, 0xce, 0xff,
  0xbc, 0xce, 0xff, 0xbc, 0xce, 0xff, 0xbc, 0xce, 0xff, 0xbc, 0xce, 0xff, 0xbc, 0xce, 0xff, 0xbc, 0xce, 0xfc, 0xdc, 0xce, 0xfe, 0xbc, 0xce, 0xea,
  0xbc, 0xce, 0x13, 0xff, 0xff, 0x01, 0xff, 0xff, 0x01, 0x00, 0x00, 0x00, 0x00, 0x00, 0x00, 0x00, 0x00, 0x00, 0x00, 0x00, 0x00, 0x00, 0x00, 0x00,
  0x00, 0x00, 0x00, 0x00, 0x00, 0x00, 0x00, 0x00, 0x00, 0x00, 0x00, 0x00, 0x00, 0x00, 0x00, 0x00, 0x00, 0x00, 0xff, 0xff, 0x01, 0x00, 0x00, 0x00,
  0xbc, 0xc6, 0x12, 0xbc, 0xce, 0xf0, 0xdc, 0xce, 0xff, 0xbc, 0xce, 0xfe, 0xbc, 0xce, 0xff, 0xbc, 0xce, 0xff, 0xbc, 0xce, 0xff, 0xbc, 0xce, 0xff,
  0xbc, 0xce, 0xff, 0xbc, 0xce, 0xff, 0xbc, 0xce, 0xff, 0xbc, 0xce, 0xff, 0xbc, 0xce, 0xff, 0xbc, 0xce, 0xff, 0xbc, 0xce, 0xff, 0xbc, 0xce, 0xff,
  0xbc, 0xce, 0xff, 0xbc, 0xce, 0xff, 0xbc, 0xce, 0xff, 0xbc, 0xce, 0xff, 0xbc, 0xce, 0xff, 0xbc, 0xce, 0xff, 0xbc, 0xce, 0xff, 0xbc, 0xce, 0xff,
  0xbc, 0xce, 0xff, 0xbc, 0xce, 0xff, 0xbc, 0xce, 0xff, 0xbc, 0xce, 0xff, 0xbc, 0xce, 0xff, 0xbc, 0xce, 0xff, 0xbc, 0xce, 0xff, 0xbc, 0xce, 0xff,
  0xbc, 0xce, 0xff, 0xbc, 0xce, 0xff, 0x9b, 0xce, 0xfb, 0x3e, 0xdf, 0xff, 0xbc, 0xce, 0x80, 0x00, 0x00, 0x00, 0xff, 0xff, 0x03, 0x00, 0x00, 0x00,
  0x00, 0x00, 0x00, 0x00, 0x00, 0x00, 0x00, 0x00, 0x00, 0x00, 0x00, 0x00, 0x00, 0x00, 0x00, 0x00, 0x00, 0x00, 0x00, 0x00, 0x00, 0x00, 0x00, 0x00,
  0x00, 0x00, 0x00, 0x00, 0x00, 0x00, 0xff, 0xff, 0x01, 0x00, 0x00, 0x00, 0xbc, 0xc6, 0x12, 0xbc, 0xce, 0xed, 0xdc, 0xce, 0xff, 0xbc, 0xce, 0xfe,
  0xbc, 0xce, 0xff, 0xbc, 0xce, 0xff, 0xbc, 0xce, 0xff, 0xbc, 0xce, 0xff, 0xbc, 0xce, 0xff, 0xbc, 0xce, 0xff, 0xbc, 0xce, 0xff, 0xbc, 0xce, 0xff,
  0xbc, 0xce, 0xff, 0xbc, 0xce, 0xff, 0xbc, 0xce, 0xff, 0xbc, 0xce, 0xff, 0xbc, 0xce, 0xff, 0xbc, 0xce, 0xff, 0xbc, 0xce, 0xff, 0xbc, 0xce, 0xff,
  0xbc, 0xce, 0xff, 0xbc, 0xce, 0xff, 0xbc, 0xce, 0xff, 0xbc, 0xce, 0xff, 0xbc, 0xce, 0xff, 0xbc, 0xce, 0xff, 0xbc, 0xce, 0xff, 0xbc, 0xce, 0xff,
  0xbc, 0xce, 0xff, 0xbc, 0xce, 0xff, 0xbc, 0xce, 0xff, 0xbc, 0xce, 0xff, 0xbc, 0xce, 0xff, 0xbc, 0xce, 0xff, 0xbc, 0xce, 0xfc, 0xfd, 0xd6, 0xfe,
  0xbc, 0xce, 0xd0, 0xff, 0xbf, 0x04, 0xff, 0xff, 0x01, 0x00, 0x00, 0x00, 0x00, 0x00, 0x00, 0x00, 0x00, 0x00, 0x00, 0x00, 0x00, 0x00, 0x00, 0x00,
  0x00, 0x00, 0x00, 0x00, 0x00, 0x00, 0x00, 0x00, 0x00, 0x00, 0x00, 0x00, 0x00, 0x00, 0x00, 0x00, 0x00, 0x00, 0xff, 0xff, 0x01, 0xef, 0x7b, 0x02,
  0xb5, 0x7c, 0x0c, 0x9b, 0xc6, 0xef, 0xdc, 0xce, 0xff, 0xbc, 0xce, 0xfe, 0xbc, 0xce, 0xff, 0xbc, 0xce, 0xff, 0xbc, 0xce, 0xff, 0xbc, 0xce, 0xff,
  0xbc, 0xce, 0xff, 0xbc, 0xce, 0xff, 0xbc, 0xce, 0xff, 0xbc, 0xce, 0xff, 0xbc, 0xce, 0xff, 0xbc, 0xce, 0xff, 0xbc, 0xce, 0xff, 0xbc, 0xce, 0xff,
  0xbc, 0xce, 0xff, 0xbc, 0xce, 0xff, 0xbc, 0xce, 0xff, 0xbc, 0xce, 0xff, 0xbc, 0xce, 0xff, 0xbc, 0xce, 0xff, 0xbc, 0xce, 0xff, 0xbc, 0xce, 0xff,
  0xbc, 0xce, 0xff, 0xbc, 0xce, 0xff, 0xbc, 0xce, 0xff, 0xbc, 0xce, 0xff, 0xbc, 0xce, 0xff, 0xbc, 0xce, 0xff, 0xbc, 0xce, 0xff, 0xbc, 0xce, 0xff,
  0xbc, 0xce, 0xff, 0xbc, 0xce, 0xff, 0xbc, 0xce, 0xfe, 0xdc, 0xce, 0xff, 0xbc, 0xce, 0xef, 0xbc, 0xc6, 0x12, 0x00, 0x00, 0x00, 0xff, 0xff, 0x01,
  0x00, 0x00, 0x00, 0x00, 0x00, 0x00, 0x00, 0x00, 0x00, 0x00, 0x00, 0x00, 0x00, 0x00, 0x00, 0x00, 0x00, 0x00, 0x00, 0x00, 0x00, 0x00, 0x00, 0x00,
  0x00, 0x00, 0x00, 0x00, 0x00, 0x00, 0xff, 0xaf, 0x03, 0x00, 0x00, 0x00, 0x9b, 0xce, 0x8e, 0xfd, 0xd6, 0xfe, 0xbc, 0xce, 0xfc, 0xbc, 0xce, 0xff,
  0xbc, 0xce, 0xff, 0xbc, 0xce, 0xff, 0xbc, 0xce, 0xff, 0xbc, 0xce, 0xff, 0xbc, 0xce, 0xff, 0xbc, 0xce, 0xff, 0xbc, 0xce, 0xff, 0xbc, 0xce, 0xff,
  0xbc, 0xce, 0xff, 0xbc, 0xce, 0xff, 0xbc, 0xce, 0xff, 0xbc, 0xce, 0xff, 0xbc, 0xce, 0xff, 0xbc, 0xce, 0xff, 0xbc, 0xce, 0xff, 0xbc, 0xce, 0xff,
  0xbc, 0xce, 0xff, 0xbc, 0xce, 0xff, 0xbc, 0xce, 0xff, 0xbc, 0xce, 0xff, 0xbc, 0xce, 0xff, 0xbc, 0xce, 0xff, 0xbc, 0xce, 0xff, 0xbc, 0xce, 0xff,
  0xbc, 0xce, 0xff, 0xbc, 0xce, 0xff, 0xbc, 0xce, 0xff, 0xbc, 0xce, 0xff, 0xbc, 0xce, 0xff, 0xbc, 0xce, 0xff, 0xbc, 0xce, 0xfe, 0xdc, 0xce, 0xff,
  0xbc, 0xce, 0xee, 0x1e, 0xd7, 0x11, 0x00, 0x00, 0x00, 0xff, 0xff, 0x01, 0x00, 0x00, 0x00, 0x00, 0x00, 0x00, 0x00, 0x00, 0x00, 0x00, 0x00, 0x00,
  0x00, 0x00, 0x00, 0x00, 0x00, 0x00, 0x00, 0x00, 0x00, 0x00, 0x00, 0x00, 0x00, 0x00, 0x00, 0xff, 0xaf, 0x03, 0x00, 0x00, 0x00, 0xbc, 0xce, 0x55,
  0x1d, 0xd7, 0xff, 0xbc, 0xce, 0xfd, 0xbc, 0xce, 0xff, 0xbc, 0xce, 0xff, 0xbc, 0xce, 0xff, 0xbc, 0xce, 0xff, 0xbc, 0xce, 0xff, 0xbc, 0xce, 0xff,
  0xbc, 0xce, 0xff, 0xbc, 0xce, 0xff, 0xbc, 0xce, 0xff, 0xbc, 0xce, 0xff, 0xbc, 0xce, 0xff, 0xbc, 0xce, 0xff, 0xbc, 0xce, 0xff, 0xbc, 0xce, 0xff,
  0xbc, 0xce, 0xff, 0xbc, 0xce, 0xff, 0xbc, 0xce, 0xff, 0xbc, 0xce, 0xff, 0xbc, 0xce, 0xff, 0xbc, 0xce, 0xff, 0xbc, 0xce, 0xff, 0xbc, 0xce, 0xff,
  0xbc, 0xce, 0xff, 0xbc, 0xce, 0xff, 0xbc, 0xce, 0xff, 0xbc, 0xce, 0xff, 0xbc, 0xce, 0xff, 0xbc, 0xce, 0xff, 0xbc, 0xce, 0xff, 0xbc, 0xce, 0xff,
  0xbc, 0xce, 0xff, 0xbc, 0xce, 0xff, 0xbc, 0xce, 0xfe, 0xdc, 0xce, 0xff, 0x9b, 0xc6, 0xed, 0x57, 0x9d, 0x0f, 0x00, 0x00, 0x00, 0xff, 0xff, 0x01,
  0x00, 0x00, 0x00, 0x00, 0x00, 0x00, 0x00, 0x00, 0x00, 0x00, 0x00, 0x00, 0x00, 0x00, 0x00, 0x00, 0x00, 0x00, 0x00, 0x00, 0x00, 0x00, 0x00, 0x00,
  0x00, 0x00, 0x00, 0xff, 0xff, 0x02, 0x1f, 0x00, 0x01, 0x9b, 0xce, 0xcd, 0x1d, 0xd7, 0xff, 0xbc, 0xce, 0xfc, 0xbc, 0xce, 0xff, 0xbc, 0xce, 0xff,
  0xbc, 0xce, 0xff, 0xbc, 0xce, 0xff, 0xbc, 0xce, 0xff, 0xbc, 0xce, 0xff, 0xbc, 0xce, 0xff, 0xbc, 0xce, 0xff, 0xbc, 0xce, 0xff, 0xbc, 0xce, 0xff,
  0xbc, 0xce, 0xff, 0xbc, 0xce, 0xff, 0xbc, 0xce, 0xff, 0xbc, 0xce, 0xff, 0xbc, 0xce, 0xff, 0xbc, 0xce, 0xff, 0xbc, 0xce, 0xff, 0xbc, 0xce, 0xff,
  0xbc, 0xce, 0xff, 0xbc, 0xce, 0xff, 0xbc, 0xce, 0xff, 0xbc, 0xce, 0xff, 0xbc, 0xce, 0xff, 0xbc, 0xce, 0xff, 0xbc, 0xce, 0xff, 0xbc, 0xce, 0xff,
  0xbc, 0xce, 0xff, 0xbc, 0xce, 0xff, 0xbc, 0xce, 0xff, 0xbc, 0xce, 0xff, 0xbc, 0xce, 0xff, 0xbc, 0xce, 0xff, 0xbc, 0xce, 0xfe, 0xdc, 0xce, 0xff,
  0xbc, 0xce, 0xf2, 0x7a, 0xb6, 0x19, 0x00, 0x00, 0x00, 0xff, 0xff, 0x01, 0x00, 0x00, 0x00, 0x00, 0x00, 0x00, 0x00, 0x00, 0x00, 0x00, 0x00, 0x00,
  0x00, 0x00, 0x00, 0x00, 0x00, 0x00, 0x00, 0x00, 0x00, 0x00, 0x00, 0x00, 0xff, 0xff, 0x02, 0x00, 0x00, 0x00, 0xbc, 0xce, 0x2a, 0xdc, 0xce, 0xf8,
  0xbc, 0xce, 0xfe, 0xbc, 0xce, 0xff, 0xbc, 0xce, 0xff, 0xbc, 0xce, 0xff, 0xbc, 0xce, 0xff, 0xbc, 0xce, 0xff, 0xbc, 0xce, 0xff, 0xbc, 0xce, 0xff,
  0xbc, 0xce, 0xff, 0xbc, 0xce, 0xff, 0xbc, 0xce, 0xff, 0xbc, 0xce, 0xff, 0xbc, 0xce, 0xff, 0xbc, 0xce, 0xff, 0xbc, 0xce, 0xff, 0xbc, 0xce, 0xff,
  0xbc, 0xce, 0xff, 0xbc, 0xce, 0xff, 0xbc, 0xce, 0xff, 0xbc, 0xce, 0xff, 0xbc, 0xce, 0xff, 0xbc, 0xce, 0xff, 0xbc, 0xce, 0xff, 0xbc, 0xce, 0xff,
  0xbc, 0xce, 0xff, 0xbc, 0xce, 0xff, 0xbc, 0xce, 0xff, 0xbc, 0xce, 0xff, 0xbc, 0xce, 0xff, 0xbc, 0xce, 0xff, 0xbc, 0xce, 0xff, 0xbc, 0xce, 0xff,
  0xbc, 0xce, 0xff, 0xbc, 0xce, 0xff, 0xbc, 0xce, 0xff, 0xbc, 0xce, 0xfc, 0x1e, 0xdf, 0xff, 0xbc, 0xce, 0x63, 0x00, 0x00, 0x00, 0xff, 0xbf, 0x04,
  0x00, 0x00, 0x00, 0x00, 0x00, 0x00, 0x00, 0x00, 0x00, 0x00, 0x00, 0x00, 0x00, 0x00, 0x00, 0x00, 0x00, 0x00, 0x00, 0x00, 0x00, 0x00, 0x00, 0x00,
  0xff, 0xaf, 0x03, 0x00, 0x00, 0x00, 0xdc, 0xce, 0x44, 0x1d, 0xd7, 0xff, 0xbc, 0xce, 0xfd, 0xbc, 0xce, 0xff, 0xbc, 0xce, 0xff, 0xbc, 0xce, 0xff,
  0xbc, 0xce, 0xff, 0xbc, 0xce, 0xff, 0xbc, 0xce, 0xff, 0xbc, 0xce, 0xff, 0xbc, 0xce, 0xff, 0xbc, 0xce, 0xff, 0xbc, 0xce, 0xff, 0xbc, 0xce, 0xff,
  0xbc, 0xce, 0xff, 0xbc, 0xce, 0xff, 0xbc, 0xce, 0xff, 0xbc, 0xce, 0xff, 0xbc, 0xce, 0xff, 0xbc, 0xce, 0xff, 0xbc, 0xce, 0xff, 0xbc, 0xce, 0xff,
  0xbc, 0xce, 0xff, 0xbc, 0xce, 0xff, 0xbc, 0xce, 0xff, 0xbc, 0xce, 0xff, 0xbc, 0xce, 0xff, 0xbc, 0xce, 0xff, 0xbc, 0xce, 0xff, 0xbc, 0xce, 0xff,
  0xbc, 0xce, 0xff, 0xbc, 0xce, 0xff, 0xbc, 0xce, 0xff, 0xbc, 0xce, 0xff, 0xbc, 0xce, 0xff, 0xbc, 0xce, 0xff, 0xbc, 0xce, 0xff, 0xbc, 0xce, 0xfb,
  0x3e, 0xdf, 0xff, 0xbc, 0xce, 0x84, 0x00, 0x00, 0x00, 0xff, 0xbf, 0x04, 0x00, 0x00, 0x00, 0x00, 0x00, 0x00, 0x00, 0x00, 0x00, 0x00, 0x00, 0x00,
  0x00, 0x00, 0x00, 0x00, 0x00, 0x00, 0x00, 0x00, 0x00, 0x00, 0x00, 0x00, 0xff, 0xaf, 0x03, 0x00, 0x00, 0x00, 0xdc, 0xce, 0x3f, 0xfd, 0xd6, 0xfe,
  0xbc, 0xce, 0xfd, 0xbc, 0xce, 0xff, 0xbc, 0xce, 0xff, 0xbc, 0xce, 0xff, 0xbc, 0xce, 0xff, 0xbc, 0xce, 0xff, 0xbc, 0xce, 0xff, 0xbc, 0xce, 0xff,
  0xbc, 0xce, 0xff, 0xbc, 0xce, 0xff, 0xbc, 0xce, 0xff, 0xbc, 0xce, 0xff, 0xbc, 0xce, 0xff, 0xbc, 0xce, 0xff, 0xbc, 0xce, 0xff, 0xbc, 0xce, 0xff,
  0xbc, 0xce, 0xff, 0xbc, 0xce, 0xff, 0xbc, 0xce, 0xff, 0xbc, 0xce, 0xff, 0xbc, 0xce, 0xff, 0xbc, 0xce, 0xff, 0xbc, 0xce, 0xff, 0xbc, 0xce, 0xff,
  0xbc, 0xce, 0xff, 0xbc, 0xce, 0xff, 0xbc, 0xce, 0xff, 0xbc, 0xce, 0xff, 0xbc, 0xce, 0xff, 0xbc, 0xce, 0xff, 0xbc, 0xce, 0xff, 0xbc, 0xce, 0xff,
  0xbc, 0xce, 0xff, 0xbc, 0xce, 0xff, 0xbc, 0xce, 0xff, 0xbc, 0xce, 0xfb, 0x3e, 0xdf, 0xff, 0xbc, 0xce, 0x7e, 0x00, 0x00, 0x00, 0xff, 0xbf, 0x04,
  0x00, 0x00, 0x00, 0x00, 0x00, 0x00, 0x00, 0x00, 0x00, 0x00, 0x00, 0x00, 0x00, 0x00, 0x00, 0x00, 0x00, 0x00, 0x00, 0x00, 0x00, 0x00, 0x00, 0x00,
  0x55, 0xad, 0x03, 0x00, 0x00, 0x00, 0xd9, 0xad, 0x44, 0xdd, 0xd6, 0xff, 0xbc, 0xce, 0xfd, 0xbc, 0xce, 0xff, 0xbc, 0xce, 0xff, 0xbc, 0xce, 0xff,
  0xbc, 0xce, 0xff, 0xbc, 0xce, 0xff, 0xbc, 0xce, 0xff, 0xbc, 0xce, 0xff, 0xbc, 0xce, 0xff, 0xbc, 0xce, 0xff, 0xbc, 0xce, 0xff, 0xbc, 0xce, 0xff,
  0xbc, 0xce, 0xff, 0xbc, 0xce, 0xff, 0xbc, 0xce, 0xff, 0xbc, 0xce, 0xff, 0xbc, 0xce, 0xff, 0xbc, 0xce, 0xff, 0xbc, 0xce, 0xff, 0xbc, 0xce, 0xff,
  0xbc, 0xce, 0xff, 0xbc, 0xce, 0xff, 0xbc, 0xce, 0xff, 0xbc, 0xce, 0xff, 0xbc, 0xce, 0xff, 0xbc, 0xce, 0xff, 0xbc, 0xce, 0xff, 0xbc, 0xce, 0xff,
  0xbc, 0xce, 0xff, 0xbc, 0xce, 0xff, 0xbc, 0xce, 0xff, 0xbc, 0xce, 0xff, 0xbc, 0xce, 0xff, 0xbc, 0xce, 0xff, 0xbc, 0xce, 0xff, 0xbc, 0xce, 0xfb,
  0x3e, 0xdf, 0xff, 0x1a, 0xb6, 0x84, 0x00, 0x00, 0x00, 0xff, 0xbd, 0x04, 0x00, 0x00, 0x00, 0x00, 0x00, 0x00, 0x00, 0x00, 0x00, 0x00, 0x00, 0x00,
  0x00, 0x00, 0x00, 0x00, 0x00, 0x00, 0x00, 0x00, 0x00, 0x00, 0x00, 0x00, 0xef, 0xfb, 0x02, 0x00, 0x00, 0x00, 0x95, 0x7c, 0x2a, 0x5b, 0xc6, 0xf8,
  0xdc, 0xce, 0xfe, 0xbc, 0xce, 0xff, 0xbc, 0xce, 0xff, 0xbc, 0xce, 0xff, 0xbc, 0xce, 0xff, 0xbc, 0xce, 0xff, 0xbc, 0xce, 0xff, 0xbc, 0xce, 0xff,
  0xbc, 0xce, 0xff, 0xbc, 0xce, 0xff, 0xbc, 0xce, 0xff, 0xbc, 0xce, 0xff, 0xbc, 0xce, 0xff, 0xbc, 0xce, 0xff, 0xbc, 0xce, 0xff, 0xbc, 0xce, 0xff,
  0xbc, 0xce, 0xff, 0xbc, 0xce, 0xff, 0xbc, 0xce, 0xff, 0xbc, 0xce, 0xff, 0xbc, 0xce, 0xff, 0xbc, 0xce, 0xff, 0xbc, 0xce, 0xff, 0xbc, 0xce, 0xff,
  0xbc, 0xce, 0xff, 0xbc, 0xce, 0xff, 0xbc, 0xce, 0xff, 0xbc, 0xce, 0xff, 0xbc, 0xce, 0xff, 0xbc, 0xce, 0xff, 0xbc, 0xce, 0xff, 0xbc, 0xce, 0xff,
  0xbc, 0xce, 0xff, 0xbc, 0xce, 0xff, 0xbc, 0xce, 0xff, 0xbc, 0xce, 0xfc, 0xfd, 0xd6, 0xff, 0x37, 0x95, 0x63, 0x00, 0x00, 0x00, 0xf7, 0xbd, 0x04,
  0x00, 0x00, 0x00, 0x00, 0x00, 0x00, 0x00, 0x00, 0x00, 0x00, 0x00, 0x00, 0x00, 0x00, 0x00, 0x00, 0x00, 0x00, 0x00, 0x00, 0x00, 0x00, 0x00, 0x00,
  0x00, 0x00, 0x00, 0xff, 0xff, 0x02, 0x00, 0x00, 0x01, 0x77, 0x9d, 0xcd, 0xfd, 0xd6, 0xff, 0xbc, 0xce, 0xfc, 0xbc, 0xce, 0xff, 0xbc, 0xce, 0xff,
  0xbc, 0xce, 0xff, 0xbc, 0xce, 0xff, 0xbc, 0xce, 0xff, 0xbc, 0xce, 0xff, 0xbc, 0xce, 0xff, 0xbc, 0xce, 0xff, 0xbc, 0xce, 0xff, 0xbc, 0xce, 0xff,
  0xbc, 0xce, 0xff, 0xbc, 0xce, 0xff, 0xbc, 0xce, 0xff, 0xbc, 0xce, 0xff, 0xbc, 0xce, 0xff, 0xbc, 0xce, 0xff, 0xbc, 0xce, 0xff, 0xbc, 0xce, 0xff,
  0xbc, 0xce, 0xff, 0xbc, 0xce, 0xff, 0xbc, 0xce, 0xff, 0xbc, 0xce, 0xff, 0xbc, 0xce, 0xff, 0xbc, 0xce, 0xff, 0xbc, 0xce, 0xff, 0xbc, 0xce, 0xff,
  0xbc, 0xce, 0xff, 0xbc, 0xce, 0xff, 0xbc, 0xce, 0xff, 0xbc, 0xce, 0xff, 0xbc, 0xce, 0xff, 0xbc, 0xce, 0xff, 0xbc, 0xce, 0xfe, 0xdc, 0xd6, 0xfd,
  0xd9, 0xad, 0xf8, 0x53, 0x74, 0x18, 0x00, 0x00, 0x00, 0xff, 0xff, 0x01, 0x00, 0x00, 0x00, 0x00, 0x00, 0x00, 0x00, 0x00, 0x00, 0x00, 0x00, 0x00,
  0x00, 0x00, 0x00, 0x00, 0x00, 0x00, 0x00, 0x00, 0x00, 0x00, 0x00, 0x00, 0x00, 0x00, 0x00, 0x55, 0xad, 0x03, 0x00, 0x00, 0x00, 0xb5, 0x84, 0x55,
  0xfa, 0xb5, 0xff, 0xdc, 0xce, 0xfa, 0xbc, 0xce, 0xfe, 0xbc, 0xce, 0xff, 0xbc, 0xce, 0xff, 0xbc, 0xce, 0xff, 0xbc, 0xce, 0xff, 0xbc, 0xce, 0xff,
  0xbc, 0xce, 0xff, 0xbc, 0xce, 0xff, 0xbc, 0xce, 0xff, 0xbc, 0xce, 0xff, 0xbc, 0xce, 0xff, 0xbc, 0xce, 0xff, 0xbc, 0xce, 0xff, 0xbc, 0xce, 0xff,
  0xbc, 0xce, 0xff, 0xbc, 0xce, 0xff, 0xbc, 0xce, 0xff, 0xbc, 0xce, 0xff, 0xbc, 0xce, 0xff, 0xbc, 0xce, 0xff, 0xbc, 0xce, 0xff, 0xbc, 0xce, 0xff,
  0xbc, 0xce, 0xff, 0xbc, 0xce, 0xff, 0xbc, 0xce, 0xff, 0xbc, 0xce, 0xff, 0xbc, 0xce, 0xff, 0xbc, 0xce, 0xff, 0xbc, 0xce, 0xff, 0xbc, 0xce, 0xff,
  0xbc, 0xce, 0xff, 0xbc, 0xce, 0xff, 0xdc, 0xce, 0xfa, 0x7b, 0xbe, 0xff, 0xf6, 0x8c, 0x8f, 0x00, 0x00, 0x00, 0x55, 0xad, 0x03, 0x00, 0x00, 0x00,
  0x00, 0x00, 0x00, 0x00, 0x00, 0x00, 0x00, 0x00, 0x00, 0x00, 0x00, 0x00, 0x00, 0x00, 0x00, 0x00, 0x00, 0x00, 0x00, 0x00, 0x00, 0x00, 0x00, 0x00,
  0x00, 0x00, 0x00, 0x00, 0x00, 0x00, 0x55, 0xad, 0x03, 0x00, 0x00, 0x00, 0xf6, 0x8c, 0x8f, 0xfa, 0xad, 0xff, 0x7b, 0xc6, 0xfe, 0xbc, 0xce, 0xfb,
  0xdc, 0xce, 0xfc, 0xdc, 0xce, 0xfc, 0xdc, 0xce, 0xfc, 0xdc, 0xce, 0xfc, 0xdc, 0xce, 0xfc, 0xdc, 0xce, 0xfc, 0xdc, 0xce, 0xfc, 0xdc, 0xce, 0xfc,
  0xdc, 0xce, 0xfc, 0xdc, 0xce, 0xfc, 0xdc, 0xce, 0xfc, 0xdc, 0xce, 0xfc, 0xdc, 0xce, 0xfc, 0xdc, 0xce, 0xfc, 0xdc, 0xce, 0xfc, 0xdc, 0xce, 0xfc,
  0xdc, 0xce, 0xfc, 0xdc, 0xce, 0xfc, 0xdc, 0xce, 0xfc, 0xdc, 0xce, 0xfc, 0xdc, 0xce, 0xfc, 0xdc, 0xce, 0xfc, 0xdc, 0xce, 0xfc, 0xdc, 0xce, 0xfc,
  0xdc, 0xce, 0xfc, 0xdc, 0xce, 0xfc, 0xdc, 0xce, 0xfc, 0xdc, 0xce, 0xfc, 0xdc, 0xce, 0xfb, 0x9b, 0xc6, 0xfc, 0x3b, 0xb6, 0xff, 0xf6, 0x94, 0xc6,
  0x5f, 0xad, 0x03, 0xff, 0x7b, 0x02, 0xff, 0xff, 0x01, 0x00, 0x00, 0x00, 0x00, 0x00, 0x00, 0x00, 0x00, 0x00, 0x00, 0x00, 0x00, 0x00, 0x00, 0x00,
  0x00, 0x00, 0x00, 0x00, 0x00, 0x00, 0x00, 0x00, 0x00, 0x00, 0x00, 0x00, 0x00, 0x00, 0x00, 0x00, 0x00, 0x00, 0x00, 0x00, 0x01, 0x5f, 0xad, 0x03,
  0x00, 0x00, 0x00, 0x16, 0x95, 0x70, 0x37, 0x9d, 0xf9, 0xd9, 0xad, 0xff, 0x3a, 0xb6, 0xff, 0x3a, 0xb6, 0xff, 0x3a, 0xbe, 0xff, 0x3a, 0xb6, 0xff,
  0x3a, 0xb6, 0xff, 0x3a, 0xb6, 0xff, 0x3a, 0xb6, 0xff, 0x3a, 0xb6, 0xff, 0x3a, 0xb6, 0xff, 0x3a, 0xb6, 0xff, 0x3a, 0xb6, 0xff, 0x3a, 0xb6, 0xff,
  0x3a, 0xb6, 0xff, 0x3a, 0xb6, 0xff, 0x3a, 0xb6, 0xff, 0x3a, 0xb6, 0xff, 0x3a, 0xb6, 0xff, 0x3a, 0xb6, 0xff, 0x3a, 0xb6, 0xff, 0x3a, 0xb6, 0xff,
  0x3a, 0xb6, 0xff, 0x3a, 0xb6, 0xff, 0x3a, 0xb6, 0xff, 0x3a, 0xb6, 0xff, 0x3a, 0xb6, 0xff, 0x3a, 0xb6, 0xff, 0x3a, 0xb6, 0xff, 0x3a, 0xbe, 0xff,
  0xfa, 0xad, 0xff, 0x78, 0x9d, 0xff, 0x17, 0x95, 0x9b, 0x16, 0xa5, 0x0e, 0xff, 0x7f, 0x02, 0xff, 0xff, 0x01, 0x00, 0x00, 0x00, 0x00, 0x00, 0x00,
  0x00, 0x00, 0x00, 0x00, 0x00, 0x00, 0x00, 0x00, 0x00, 0x00, 0x00, 0x00, 0x00, 0x00, 0x00, 0x00, 0x00, 0x00, 0x00, 0x00, 0x00, 0x00, 0x00, 0x00,
  0x00, 0x00, 0x00, 0x00, 0x00, 0x00, 0x00, 0x00, 0x00, 0x00, 0x00, 0x00, 0xff, 0xff, 0x01, 0x00, 0x00, 0x00, 0x16, 0x95, 0x2c, 0x17, 0x95, 0x78,
  0x16, 0x95, 0xbd, 0xf6, 0x94, 0xc1, 0xf6, 0x8c, 0xc2, 0xf6, 0x8c, 0xc2, 0xf6, 0x8c, 0xc2, 0xf6, 0x8c, 0xc2, 0xf6, 0x8c, 0xc2, 0xf6, 0x8c, 0xc2,
  0xf6, 0x8c, 0xc2, 0xf6, 0x8c, 0xc2, 0xf6, 0x8c, 0xc2, 0xf6, 0x8c, 0xc2, 0xf6, 0x8c, 0xc2, 0xf6, 0x8c, 0xc2, 0xf6, 0x8c, 0xc2, 0xf6, 0x8c, 0xc2,
  0xf6, 0x8c, 0xc2, 0xf6, 0x8c, 0xc2, 0xf6, 0x8c, 0xc2, 0xf6, 0x8c, 0xc2, 0xf6, 0x8c, 0xc2, 0xf6, 0x8c, 0xc2, 0xf6, 0x8c, 0xc2, 0xf6, 0x8c, 0xc2,
  0xf6, 0x8c, 0xc2, 0xf6, 0x8c, 0xc2, 0xf6, 0x8c, 0xc1, 0x16, 0x95, 0xc1, 0x16, 0x95, 0x8f, 0x37, 0x95, 0x3e, 0x00, 0x00, 0x00, 0x00, 0x00, 0x00,
  0xff, 0xff, 0x01, 0x00, 0x00, 0x00, 0x00, 0x00, 0x00, 0x00, 0x00, 0x00, 0x00, 0x00, 0x00, 0x00, 0x00, 0x00, 0x00, 0x00, 0x00, 0x00, 0x00, 0x00,
  0x00, 0x00, 0x00, 0x00, 0x00, 0x00, 0x00, 0x00, 0x00, 0x00, 0x00, 0x00, 0x00, 0x00, 0x00, 0x00, 0x00, 0x00, 0x00, 0x00, 0x00, 0x00, 0x00, 0x00,
  0xff, 0xff, 0x01, 0x00, 0x00, 0x00, 0x00, 0x00, 0x00, 0x00, 0x00, 0x00, 0x00, 0x00, 0x00, 0x00, 0x00, 0x00, 0x00, 0x00, 0x00, 0x00, 0x00, 0x00,
  0x00, 0x00, 0x00, 0x00, 0x00, 0x00, 0x00, 0x00, 0x00, 0x00, 0x00, 0x00, 0x00, 0x00, 0x00, 0x00, 0x00, 0x00, 0x00, 0x00, 0x00, 0x00, 0x00, 0x00,
  0x00, 0x00, 0x00, 0x00, 0x00, 0x00, 0x00, 0x00, 0x00, 0x00, 0x00, 0x00, 0x00, 0x00, 0x00, 0x00, 0x00, 0x00, 0x00, 0x00, 0x00, 0x00, 0x00, 0x00,
  0x00, 0x00, 0x00, 0x00, 0x00, 0x00, 0x00, 0x00, 0x00, 0x00, 0x00, 0x00, 0x00, 0x00, 0x00, 0x00, 0x00, 0x00, 0x00, 0x00, 0x00, 0x00, 0x00, 0x00,
  0x00, 0x00, 0x00, 0x00, 0x00, 0x00, 0x00, 0x00, 0x00, 0x00, 0x00, 0x00, 0x00, 0x00, 0x00, 0x00, 0x00, 0x00, 0x00, 0x00, 0x00, 0x00, 0x00, 0x00,
  0x00, 0x00, 0x00, 0x00, 0x00, 0x00, 0x00, 0x00, 0x00, 0x00, 0x00, 0x00, 0x00, 0x00, 0x00, 0x00, 0x00, 0x00, 0x00, 0x00, 0x00, 0x00, 0x00, 0x00,
  0x00, 0x00, 0x00, 0x00, 0x00, 0x00, 0x00, 0x00, 0x00, 0xff, 0xff, 0x01, 0x00, 0x00, 0x00, 0x17, 0x95, 0x54, 0x58, 0x9d, 0x81, 0x17, 0x95, 0x82,
  0x17, 0x95, 0x82, 0x17, 0x95, 0x82, 0x17, 0x95, 0x82, 0x17, 0x95, 0x82, 0x17, 0x95, 0x82, 0x17, 0x95, 0x82, 0x17, 0x95, 0x82, 0x17, 0x95, 0x82,
  0x17, 0x95, 0x82, 0x17, 0x95, 0x82, 0x17, 0x95, 0x82, 0x17, 0x95, 0x82, 0x17, 0x95, 0x82, 0x17, 0x95, 0x82, 0x17, 0x95, 0x82, 0x17, 0x95, 0x82,
  0x17, 0x95, 0x82, 0x17, 0x95, 0x82, 0x17, 0x95, 0x82, 0x17, 0x95, 0x82, 0x17, 0x95, 0x82, 0x17, 0x95, 0x82, 0x17, 0x95, 0x82, 0x17, 0x95, 0x82,
  0x17, 0x95, 0x82, 0x17, 0x95, 0x82, 0x17, 0x95, 0x82, 0x17, 0x95, 0x82, 0x17, 0x95, 0x82, 0x57, 0x9d, 0x82, 0x37, 0x95, 0x6d, 0xf7, 0x7d, 0x04,
  0x00, 0x00, 0x00, 0xff, 0xff, 0x01, 0x00, 0x00, 0x00, 0x00, 0x00, 0x00, 0x00, 0x00, 0x00, 0x00, 0x00, 0x00, 0x00, 0x00, 0x00, 0x00, 0x00, 0x00,
  0x00, 0x00, 0x00, 0x00, 0x00, 0x00, 0x00, 0x00, 0x00, 0x00, 0x00, 0x00, 0x00, 0x00, 0x00, 0x00, 0x00, 0x00, 0x55, 0xad, 0x03, 0x00, 0x00, 0x00,
  0x17, 0x95, 0x6a, 0x98, 0xa5, 0xff, 0x78, 0x9d, 0xff, 0x78, 0x9d, 0xff, 0x78, 0x9d, 0xff, 0x78, 0x9d, 0xff, 0x78, 0x9d, 0xff, 0x78, 0x9d, 0xff,
  0x78, 0x9d, 0xff, 0x78, 0x9d, 0xff, 0x78, 0x9d, 0xff, 0x78, 0x9d, 0xff, 0x78, 0x9d, 0xff, 0x78, 0x9d, 0xff, 0x78, 0x9d, 0xff, 0x78, 0x9d, 0xff,
  0x78, 0x9d, 0xff, 0x78, 0x9d, 0xff, 0x78, 0x9d, 0xff, 0x78, 0x9d, 0xff, 0x78, 0x9d, 0xff, 0x78, 0x9d, 0xff, 0x78, 0x9d, 0xff, 0x78, 0x9d, 0xff,
  0x78, 0x9d, 0xff, 0x78, 0x9d, 0xff, 0x78, 0x9d, 0xff, 0x78, 0x9d, 0xff, 0x78, 0x9d, 0xff, 0x78, 0x9d, 0xff, 0x78, 0x9d, 0xff, 0x78, 0x9d, 0xff,
  0x78, 0x9d, 0xff, 0x78, 0x9d, 0xff, 0xb9, 0xa5, 0xff, 0x16, 0x95, 0xa3, 0xf7, 0x7d, 0x04, 0xff, 0xff, 0x02, 0x00, 0x00, 0x00, 0x00, 0x00, 0x00,
  0x00, 0x00, 0x00, 0x00, 0x00, 0x00, 0x00, 0x00, 0x00, 0x00, 0x00, 0x00, 0x00, 0x00, 0x00, 0x00, 0x00, 0x00, 0x00, 0x00, 0x00, 0x00, 0x00, 0x00,
  0x00, 0x00, 0x00, 0x00, 0x00, 0x00, 0xff, 0x7f, 0x02, 0x00, 0x00, 0x00, 0x16, 0x95, 0xcf, 0x78, 0x9d, 0xfc, 0x16, 0x95, 0xf3, 0x16, 0x95, 0xf7,
  0x17, 0x95, 0xf6, 0x17, 0x95, 0xf6, 0x17, 0x95, 0xf6, 0x17, 0x95, 0xf6, 0x17, 0x95, 0xf6, 0x17, 0x95, 0xf6, 0x17, 0x95, 0xf6, 0x17, 0x95, 0xf6,
  0x17, 0x95, 0xf6, 0x17, 0x95, 0xf6, 0x17, 0x95, 0xf6, 0x17, 0x95, 0xf6, 0x17, 0x95, 0xf6, 0x17, 0x95, 0xf6, 0x17, 0x95, 0xf6, 0x17, 0x95, 0xf6,
  0x17, 0x95, 0xf6, 0x17, 0x95, 0xf6, 0x17, 0x95, 0xf6, 0x17, 0x95, 0xf6, 0x17, 0x95, 0xf6, 0x17, 0x95, 0xf6, 0x17, 0x95, 0xf6, 0x17, 0x95, 0xf6,
  0x17, 0x95, 0xf6, 0x17, 0x95, 0xf6, 0x17, 0x95, 0xf6, 0x17, 0x95, 0xf6, 0x17, 0x95, 0xf6, 0x17, 0x95, 0xf5, 0x37, 0x95, 0xf8, 0x17, 0x95, 0xff,
  0x57, 0x9d, 0x12, 0x00, 0x00, 0x00, 0xff, 0xff, 0x01, 0x00, 0x00, 0x00, 0x00, 0x00, 0x00, 0x00, 0x00, 0x00, 0x00, 0x00, 0x00, 0x00, 0x00, 0x00,
  0x00, 0x00, 0x00, 0x00, 0x00, 0x00, 0x00, 0x00, 0x00, 0x00, 0x00, 0x00, 0x00, 0x00, 0x00, 0x00, 0x00, 0x00, 0x55, 0xad, 0x03, 0x00, 0x00, 0x00,
  0x17, 0x95, 0x6a, 0x98, 0xa5, 0xff, 0x78, 0x9d, 0xff, 0x78, 0x9d, 0xff, 0x78, 0x9d, 0xff, 0x78, 0x9d, 0xff, 0x78, 0x9d, 0xff, 0x78, 0x9d, 0xff,
  0x78, 0x9d, 0xff, 0x78, 0x9d, 0xff, 0x78, 0x9d, 0xff, 0x78, 0x9d, 0xff, 0x78, 0x9d, 0xff, 0x78, 0x9d, 0xff, 0x78, 0x9d, 0xff, 0x78, 0x9d, 0xff,
  0x78, 0x9d, 0xff, 0x78, 0x9d, 0xff, 0x78, 0x9d, 0xff, 0x78, 0x9d, 0xff, 0x78, 0x9d, 0xff, 0x78, 0x9d, 0xff, 0x78, 0x9d, 0xff, 0x78, 0x9d, 0xff,
  0x78, 0x9d, 0xff, 0x78, 0x9d, 0xff, 0x78, 0x9d, 0xff, 0x78, 0x9d, 0xff, 0x78, 0x9d, 0xff, 0x78, 0x9d, 0xff, 0x78, 0x9d, 0xff, 0x78, 0x9d, 0xff,
  0x78, 0x9d, 0xff, 0x78, 0x9d, 0xff, 0xb9, 0xa5, 0xff, 0x16, 0x95, 0xa3, 0xf7, 0xbd, 0x04, 0xff, 0xff, 0x02, 0x00, 0x00, 0x00, 0x00, 0x00, 0x00,
  0x00, 0x00, 0x00, 0x00, 0x00, 0x00, 0x00, 0x00, 0x00, 0x00, 0x00, 0x00, 0x00, 0x00, 0x00, 0x00, 0x00, 0x00, 0x00, 0x00, 0x00, 0x00, 0x00, 0x00,
  0x00, 0x00, 0x00, 0x00, 0x00, 0x00, 0x00, 0x00, 0x00, 0xff, 0xff, 0x01, 0x00, 0x00, 0x00, 0x17, 0x95, 0x54, 0x78, 0x9d, 0x7f, 0x17, 0x95, 0x7e,
  0x16, 0x95, 0x80, 0x16, 0x95, 0x83, 0x17, 0x95, 0x82, 0x17, 0x95, 0x82, 0x17, 0x95, 0x82, 0x17, 0x95, 0x82, 0x17, 0x95, 0x82, 0x17, 0x95, 0x82,
  0x17, 0x95, 0x82, 0x17, 0x95, 0x82, 0x17, 0x95, 0x82, 0x17, 0x95, 0x82, 0x17, 0x95, 0x82, 0x17, 0x95, 0x82, 0x17, 0x95, 0x82, 0x17, 0x95, 0x82,
  0x17, 0x95, 0x82, 0x17, 0x95, 0x82, 0x17, 0x95, 0x82, 0x17, 0x95, 0x82, 0x17, 0x95, 0x82, 0x17, 0x95, 0x82, 0x17, 0x95, 0x82, 0x17, 0x95, 0x82,
  0x17, 0x95, 0x82, 0x17, 0x95, 0x82, 0x17, 0x95, 0x82, 0x17, 0x95, 0x82, 0x16, 0x95, 0x81, 0x57, 0x9d, 0x81, 0x37, 0x95, 0x6f, 0x55, 0x7d, 0x06,
  0x00, 0x00, 0x00, 0xff, 0xff, 0x01, 0x00, 0x00, 0x00, 0x00, 0x00, 0x00, 0x00, 0x00, 0x00, 0x00, 0x00, 0x00, 0x00, 0x00, 0x00, 0x00, 0x00, 0x00,
  0x00, 0x00, 0x00, 0x00, 0x00, 0x00, 0x00, 0x00, 0x00, 0x00, 0x00, 0x00, 0x00, 0x00, 0x00, 0x00, 0x00, 0x00, 0x00, 0x00, 0x00, 0x00, 0x00, 0x00,
  0x1f, 0x00, 0x01, 0x00, 0x00, 0x00, 0x00, 0x00, 0x00, 0x00, 0x00, 0x00, 0x00, 0x00, 0x00, 0x00, 0x00, 0x00, 0x00, 0x00, 0x00, 0x00, 0x00, 0x00,
  0x00, 0x00, 0x00, 0x00, 0x00, 0x00, 0x00, 0x00, 0x00, 0x00, 0x00, 0x00, 0x00, 0x00, 0x00, 0x00, 0x00, 0x00, 0x00, 0x00, 0x00, 0x00, 0x00, 0x00,
  0x00, 0x00, 0x00, 0x00, 0x00, 0x00, 0x00, 0x00, 0x00, 0x00, 0x00, 0x00, 0x00, 0x00, 0x00, 0x00, 0x00, 0x00, 0x00, 0x00, 0x00, 0x00, 0x00, 0x00,
  0x00, 0x00, 0x00, 0x00, 0x00, 0x00, 0x00, 0x00, 0x00, 0x00, 0x00, 0x00, 0x00, 0x00, 0x00, 0x00, 0x00, 0x00, 0x00, 0x00, 0x00, 0x00, 0x00, 0x00,
  0x00, 0x00, 0x00, 0x00, 0x00, 0x00, 0x00, 0x00, 0x00, 0x00, 0x00, 0x00, 0x00, 0x00, 0x01, 0x00, 0x00, 0x00, 0x00, 0x00, 0x00, 0x00, 0x00, 0x00,
  0x00, 0x00, 0x00, 0x00, 0x00, 0x00, 0x00, 0x00, 0x00, 0x00, 0x00, 0x00, 0x00, 0x00, 0x00, 0x00, 0x00, 0x00, 0x00, 0x00, 0x00, 0x00, 0x00, 0x00,
  0x00, 0x00, 0x00, 0x00, 0x00, 0x00, 0x00, 0x00, 0x00, 0x00, 0x00, 0x00, 0x00, 0x00, 0x00, 0x55, 0xad, 0x03, 0xf7, 0xbd, 0x04, 0x55, 0xad, 0x06,
  0xef, 0x7b, 0x02, 0x16, 0x95, 0x70, 0x57, 0x9d, 0xc2, 0x16, 0x95, 0xc0, 0x17, 0x95, 0xc2, 0x17, 0x95, 0xc2, 0x17, 0x95, 0xc2, 0x17, 0x95, 0xc2,
  0x17, 0x95, 0xc2, 0x17, 0x95, 0xc2, 0x17, 0x95, 0xc2, 0x17, 0x95, 0xc2, 0x17, 0x95, 0xc2, 0x17, 0x95, 0xc2, 0x17, 0x95, 0xc2, 0x17, 0x95, 0xc2,
  0x17, 0x95, 0xc2, 0x17, 0x95, 0xc2, 0x17, 0x95, 0xc2, 0x17, 0x95, 0xc2, 0x17, 0x95, 0xc2, 0x17, 0x95, 0xc2, 0x17, 0x95, 0xc2, 0x17, 0x95, 0xc2,
  0x17, 0x95, 0xc2, 0x17, 0x95, 0xc2, 0x17, 0x95, 0xc2, 0x17, 0x95, 0xc2, 0x16, 0x95, 0xc1, 0x37, 0x95, 0xc1, 0x57, 0x9d, 0xae, 0x36, 0x95, 0x1f,
  0x00, 0x00, 0x00, 0xef, 0x7b, 0x02, 0x00, 0x00, 0x00, 0x00, 0x00, 0x00, 0x00, 0x00, 0x00, 0x00, 0x00, 0x00, 0x00, 0x00, 0x00, 0x00, 0x00, 0x00,
  0x00, 0x00, 0x00, 0x00, 0x00, 0x00, 0x00, 0x00, 0x00, 0x00, 0x00, 0x00, 0x00, 0x00, 0x00, 0x00, 0x00, 0x00, 0x00, 0x00, 0x00, 0x00, 0x00, 0x00,
  0x00, 0x00, 0x00, 0x00, 0x00, 0x00, 0x55, 0xad, 0x03, 0x00, 0x00, 0x00, 0x36, 0x95, 0x55, 0x78, 0x9d, 0xff, 0x58, 0x9d, 0xff, 0x58, 0x9d, 0xff,
  0x78, 0x9d, 0xff, 0x78, 0x9d, 0xff, 0x78, 0x9d, 0xff, 0x78, 0x9d, 0xff, 0x78, 0x9d, 0xff, 0x78, 0x9d, 0xff, 0x78, 0x9d, 0xff, 0x78, 0x9d, 0xff,
  0x78, 0x9d, 0xff, 0x78, 0x9d, 0xff, 0x78, 0x9d, 0xff, 0x78, 0x9d, 0xff, 0x78, 0x9d, 0xff, 0x78, 0x9d, 0xff, 0x78, 0x9d, 0xff, 0x78, 0x9d, 0xff,
  0x78, 0x9d, 0xff, 0x78, 0x9d, 0xff, 0x78, 0x9d, 0xff, 0x78, 0x9d, 0xff, 0x78, 0x9d, 0xff, 0x78, 0x9d, 0xff, 0x78, 0x9d, 0xff, 0x78, 0x9d, 0xff,
  0x78, 0x9d, 0xff, 0x58, 0x9d, 0xff, 0x99, 0xa5, 0xff, 0x17, 0x95, 0xcb, 0x55, 0x8d, 0x09, 0xef, 0x7b, 0x02, 0xff, 0xff, 0x01, 0x00, 0x00, 0x00,
  0x00, 0x00, 0x00, 0x00, 0x00, 0x00, 0x00, 0x00, 0x00, 0x00, 0x00, 0x00, 0x00, 0x00, 0x00, 0x00, 0x00, 0x00, 0x00, 0x00, 0x00, 0x00, 0x00, 0x00,
  0x00, 0x00, 0x00, 0x00, 0x00, 0x00, 0x00, 0x00, 0x00, 0x00, 0x00, 0x00, 0x00, 0x00, 0x00, 0x00, 0x00, 0x00, 0xf7, 0xbd, 0x04, 0x00, 0x00, 0x00,
  0x16, 0x95, 0x86, 0x99, 0xa5, 0xff, 0x16, 0x95, 0xf5, 0x16, 0x95, 0xfa, 0x16, 0x95, 0xfa, 0x16, 0x95, 0xfa, 0x16, 0x95, 0xfa, 0x16, 0x95, 0xfa,
  0x16, 0x95, 0xfa, 0x16, 0x95, 0xfa, 0x16, 0x95, 0xfa, 0x16, 0x95, 0xfa, 0x16, 0x95, 0xfa, 0x16, 0x95, 0xfa, 0x16, 0x95, 0xfa, 0x16, 0x95, 0xfa,
  0x16, 0x95, 0xfa, 0x16, 0x95, 0xfa, 0x16, 0x95, 0xfa, 0x16, 0x95, 0xfa, 0x16, 0x95, 0xfa, 0x16, 0x95, 0xfa, 0x16, 0x95, 0xfa, 0x16, 0x95, 0xfa,
  0x16, 0x95, 0xfa, 0x16, 0x95, 0xfa, 0x16, 0x95, 0xfa, 0x16, 0x95, 0xfa, 0x16, 0x95, 0xfa, 0x17, 0x95, 0xf8, 0x37, 0x95, 0xfc, 0x16, 0x95, 0xfa,
  0x36, 0x95, 0x11, 0x00, 0x00, 0x00, 0xff, 0xff, 0x01, 0x00, 0x00, 0x00, 0x00, 0x00, 0x00, 0x00, 0x00, 0x00, 0x00, 0x00, 0x00, 0x00, 0x00, 0x00,
  0x00, 0x00, 0x00, 0x00, 0x00, 0x00, 0x00, 0x00, 0x00, 0x00, 0x00, 0x00, 0x00, 0x00, 0x00, 0x00, 0x00, 0x00, 0x00, 0x00, 0x00, 0x00, 0x00, 0x00,
  0x00, 0x00, 0x00, 0x00, 0x00, 0x01, 0xff, 0xff, 0x02, 0xff, 0x7b, 0x02, 0x16, 0x9d, 0x1c, 0x37, 0x95, 0xd6, 0x78, 0x9d, 0xff, 0x58, 0x9d, 0xff,
  0x58, 0x9d, 0xff, 0x58, 0x9d, 0xff, 0x58, 0x9d, 0xff, 0x58, 0x9d, 0xff, 0x58, 0x9d, 0xff, 0x58, 0x9d, 0xff, 0x58, 0x9d, 0xff, 0x58, 0x9d, 0xff,
  0x58, 0x9d, 0xff, 0x58, 0x9d, 0xff, 0x58, 0x9d, 0xff, 0x58, 0x9d, 0xff, 0x58, 0x9d, 0xff, 0x58, 0x9d, 0xff, 0x58, 0x9d, 0xff, 0x58, 0x9d, 0xff,
  0x58, 0x9d, 0xff, 0x58, 0x9d, 0xff, 0x58, 0x9d, 0xff, 0x58, 0x9d, 0xff, 0x58, 0x9d, 0xff, 0x58, 0x9d, 0xff, 0x58, 0x9d, 0xff, 0x58, 0x9d, 0xff,
  0x58, 0x9d, 0xff, 0x58, 0x9d, 0xff, 0x78, 0x9d, 0xff, 0x16, 0x95, 0x74, 0xff, 0xff, 0x01, 0x55, 0xad, 0x03, 0x00, 0x00, 0x00, 0x00, 0x00, 0x00,
  0x00, 0x00, 0x00, 0x00, 0x00, 0x00, 0x00, 0x00, 0x00, 0x00, 0x00, 0x00, 0x00, 0x00, 0x00, 0x00, 0x00, 0x00, 0x00, 0x00, 0x00, 0x00, 0x00, 0x00,
  0x00, 0x00, 0x00, 0x00, 0x00, 0x00, 0x00, 0x00, 0x00, 0x00, 0x00, 0x00, 0xff, 0xff, 0x01, 0x00, 0x00, 0x00, 0x00, 0x00, 0x00, 0x00, 0x00, 0x00,
  0x00, 0x00, 0x00, 0x54, 0x8c, 0x0b, 0x78, 0x9d, 0x3d, 0x16, 0x95, 0x3c, 0x16, 0x95, 0x3d, 0x16, 0x95, 0x3d, 0x16, 0x95, 0x3d, 0x16, 0x95, 0x3d,
  0x16, 0x95, 0x3d, 0x16, 0x95, 0x3d, 0x16, 0x95, 0x3d, 0x16, 0x95, 0x3d, 0x16, 0x95, 0x3d, 0x16, 0x95, 0x3d, 0x16, 0x95, 0x3d, 0x16, 0x95, 0x3d,
  0x16, 0x95, 0x3d, 0x16, 0x95, 0x3d, 0x16, 0x95, 0x3d, 0x16, 0x95, 0x3d, 0x16, 0x95, 0x3d, 0x16, 0x95, 0x3d, 0x16, 0x95, 0x3d, 0x16, 0x95, 0x3d,
  0x16, 0x95, 0x3d, 0x37, 0x95, 0x41, 0x16, 0x95, 0x43, 0x37, 0x95, 0x41, 0x17, 0x95, 0x41, 0x78, 0x9d, 0x41, 0x17, 0x95, 0x33, 0x00, 0x00, 0x00,
  0x00, 0x00, 0x00, 0x00, 0x00, 0x00, 0x00, 0x00, 0x00, 0x00, 0x00, 0x00, 0x00, 0x00, 0x00, 0x00, 0x00, 0x00, 0x00, 0x00, 0x00, 0x00, 0x00, 0x00,
  0x00, 0x00, 0x00, 0x00, 0x00, 0x00, 0x00, 0x00, 0x00, 0x00, 0x00, 0x00, 0x00, 0x00, 0x00, 0x00, 0x00, 0x00, 0x00, 0x00, 0x00, 0x00, 0x00, 0x00,
  0x00, 0x00, 0x00, 0x00, 0x00, 0x01, 0xba, 0xa5, 0x11, 0xf5, 0x8c, 0x10, 0xd7, 0x8c, 0x12, 0x98, 0x9d, 0x0d, 0xaa, 0x52, 0x03, 0x55, 0xad, 0x03,
  0x55, 0xad, 0x03, 0x55, 0xad, 0x03, 0x55, 0xad, 0x03, 0x55, 0xad, 0x03, 0x55, 0xad, 0x03, 0x55, 0xad, 0x03, 0x55, 0xad, 0x03, 0x55, 0xad, 0x03,
  0x55, 0xad, 0x03, 0x55, 0xad, 0x03, 0x55, 0xad, 0x03, 0x55, 0xad, 0x03, 0x55, 0xad, 0x03, 0x55, 0xad, 0x03, 0x55, 0xad, 0x03, 0x55, 0xad, 0x03,
  0x55, 0xad, 0x03, 0x55, 0xad, 0x03, 0x55, 0xad, 0x03, 0xff, 0x7b, 0x02, 0xff, 0xff, 0x03, 0x00, 0x00, 0x00, 0x00, 0x00, 0x00, 0x00, 0x00, 0x00,
  0x00, 0x00, 0x00, 0x00, 0x00, 0x00, 0x00, 0x00, 0x00, 0xef, 0x7b, 0x02, 0x00, 0x00, 0x00, 0x00, 0x00, 0x00, 0x00, 0x00, 0x00, 0x00, 0x00, 0x00,
  0x00, 0x00, 0x00, 0x00, 0x00, 0x00, 0x00, 0x00, 0x00, 0x00, 0x00, 0x00, 0x00, 0x00, 0x00, 0x00, 0x00, 0x00, 0x00, 0x00, 0x00, 0x00, 0x00, 0x00,
  0x00, 0x00, 0x00, 0x00, 0x00, 0x00, 0xef, 0x7b, 0x02, 0xff, 0xff, 0x01, 0x17, 0x95, 0x21, 0x57, 0x9d, 0xc6, 0x37, 0x9d, 0xed, 0x16, 0x95, 0xed,
  0x16, 0x95, 0xef, 0x16, 0x95, 0xf0, 0x16, 0x95, 0xf2, 0x16, 0x95, 0xf2, 0x16, 0x95, 0xf2, 0x16, 0x95, 0xf2, 0x16, 0x95, 0xf2, 0x16, 0x95, 0xf2,
  0x16, 0x95, 0xf2, 0x16, 0x95, 0xf2, 0x16, 0x95, 0xf2, 0x16, 0x95, 0xf2, 0x16, 0x95, 0xf2, 0x16, 0x95, 0xf2, 0x16, 0x95, 0xf2, 0x16, 0x95, 0xf2,
  0x16, 0x95, 0xf2, 0x16, 0x95, 0xf2, 0x16, 0x95, 0xf2, 0x16, 0x95, 0xf2, 0x16, 0x95, 0xf2, 0x16, 0x95, 0xf2, 0x16, 0x95, 0xf2, 0x16, 0x95, 0xf0,
  0x37, 0x9d, 0xf0, 0x57, 0x9d, 0xc9, 0x17, 0x95, 0x24, 0xf7, 0xbd, 0x04, 0xd3, 0x9c, 0x05, 0x55, 0xad, 0x03, 0xff, 0x7f, 0x02, 0x00, 0x00, 0x00,
  0x00, 0x00, 0x00, 0x00, 0x00, 0x00, 0x00, 0x00, 0x00, 0x00, 0x00, 0x00, 0x00, 0x00, 0x00, 0x00, 0x00, 0x00, 0x00, 0x00, 0x00, 0x00, 0x00, 0x00,
  0x00, 0x00, 0x00, 0x00, 0x00, 0x00, 0x00, 0x00, 0x00, 0x00, 0x00, 0x00, 0x00, 0x00, 0x00, 0x00, 0x00, 0x00, 0x55, 0x55, 0x03, 0x00, 0x00, 0x00,
  0x16, 0x95, 0xb2, 0x99, 0xa5, 0xff, 0x16, 0x95, 0xff, 0x37, 0x95, 0xff, 0x37, 0x95, 0xff, 0x37, 0x95, 0xff, 0x37, 0x95, 0xff, 0x37, 0x95, 0xff,
  0x37, 0x95, 0xff, 0x37, 0x95, 0xff, 0x37, 0x95, 0xff, 0x37, 0x95, 0xff, 0x37, 0x95, 0xff, 0x37, 0x95, 0xff, 0x37, 0x95, 0xff, 0x37, 0x95, 0xff,
  0x37, 0x95, 0xff, 0x37, 0x95, 0xff, 0x37, 0x95, 0xff, 0x37, 0x95, 0xff, 0x37, 0x95, 0xff, 0x37, 0x95, 0xff, 0x37, 0x95, 0xff, 0x37, 0x95, 0xff,
  0x37, 0x95, 0xff, 0x37, 0x95, 0xff, 0x37, 0x95, 0xff, 0x37, 0x95, 0xff, 0x16, 0x95, 0xff, 0x99, 0xa5, 0xff, 0x16, 0x95, 0xb2, 0x00, 0x00, 0x00,
  0x55, 0x55, 0x03, 0x00, 0x00, 0x00, 0x00, 0x00, 0x00, 0x00, 0x00, 0x00, 0x00, 0x00, 0x00, 0x00, 0x00, 0x00, 0x00, 0x00, 0x00, 0x00, 0x00, 0x00,
  0x00, 0x00, 0x00, 0x00, 0x00, 0x00, 0x00, 0x00, 0x00, 0x00, 0x00, 0x00, 0x00, 0x00, 0x00, 0x00, 0x00, 0x00, 0x00, 0x00, 0x00, 0x00, 0x00, 0x00,
  0x00, 0x00, 0x00, 0x00, 0x00, 0x00, 0x55, 0x55, 0x03, 0x00, 0x00, 0x00, 0x16, 0x95, 0xb3, 0x99, 0xa5, 0xff, 0x17, 0x95, 0xff, 0x37, 0x95, 0xff,
  0x37, 0x95, 0xff, 0x37, 0x95, 0xff, 0x37, 0x95, 0xff, 0x37, 0x95, 0xff, 0x37, 0x95, 0xff, 0x37, 0x95, 0xff, 0x37, 0x95, 0xff, 0x37, 0x95, 0xff,
  0x37, 0x95, 0xff, 0x37, 0x95, 0xff, 0x37, 0x95, 0xff, 0x37, 0x95, 0xff, 0x37, 0x95, 0xff, 0x37, 0x95, 0xff, 0x37, 0x95, 0xff, 0x37, 0x95, 0xff,
  0x37, 0x95, 0xff, 0x37, 0x95, 0xff, 0x37, 0x95, 0xff, 0x37, 0x95, 0xff, 0x37, 0x95, 0xff, 0x37, 0x95, 0xff, 0x37, 0x95, 0xff, 0x37, 0x95, 0xff,
  0x17, 0x95, 0xff, 0x99, 0xa5, 0xff, 0x16, 0x95, 0xb3, 0x00, 0x00, 0x00, 0x55, 0x55, 0x03, 0x00, 0x00, 0x00, 0x00, 0x00, 0x00, 0x00, 0x00, 0x00,
  0x00, 0x00, 0x00, 0x00, 0x00, 0x00, 0x00, 0x00, 0x00, 0x00, 0x00, 0x00, 0x00, 0x00, 0x00, 0x00, 0x00, 0x00, 0x00, 0x00, 0x00, 0x00, 0x00, 0x00,
  0x00, 0x00, 0x00, 0x00, 0x00, 0x00, 0x00, 0x00, 0x00, 0x00, 0x00, 0x00, 0x00, 0x00, 0x00, 0x00, 0x00, 0x00, 0xef, 0x7b, 0x02, 0xff, 0xff, 0x01,
  0x36, 0x95, 0x20, 0x37, 0x9d, 0xc3, 0x37, 0x9d, 0xe9, 0x16, 0x95, 0xe9, 0x16, 0x95, 0xeb, 0x16, 0x95, 0xeb, 0x16, 0x95, 0xeb, 0x16, 0x95, 0xeb,
  0x16, 0x95, 0xeb, 0x16, 0x95, 0xeb, 0x16, 0x95, 0xeb, 0x16, 0x95, 0xeb, 0x16, 0x95, 0xeb, 0x16, 0x95, 0xeb, 0x16, 0x95, 0xeb, 0x16, 0x95, 0xeb,
  0x16, 0x95, 0xeb, 0x16, 0x95, 0xeb, 0x16, 0x95, 0xeb, 0x16, 0x95, 0xeb, 0x16, 0x95, 0xeb, 0x16, 0x95, 0xeb, 0x16, 0x95, 0xeb, 0x16, 0x95, 0xeb,
  0x16, 0x95, 0xeb, 0x16, 0x95, 0xeb, 0x16, 0x95, 0xeb, 0x16, 0x95, 0xe9, 0x37, 0x9d, 0xe9, 0x37, 0x9d, 0xc3, 0x36, 0x95, 0x20, 0xff, 0xff, 0x01,
  0xef, 0x7b, 0x02, 0x00, 0x00, 0x00, 0x00, 0x00, 0x00, 0x00, 0x00, 0x00, 0x00, 0x00, 0x00, 0x00, 0x00, 0x00, 0x00, 0x00, 0x00, 0x00, 0x00, 0x00,
  0x00, 0x00, 0x00, 0x00, 0x00, 0x00, 0x00, 0x00, 0x00, 0x00, 0x00, 0x00, 0x00, 0x00, 0x00, 0x00, 0x00, 0x00, 0x00, 0x00, 0x00, 0x00, 0x00, 0x00,
  0x00, 0x00, 0x00, 0x00, 0x00, 0x00, 0x00, 0x00, 0x00, 0x00, 0x00, 0x01, 0x00, 0x00, 0x00, 0x00, 0x00, 0x01, 0xda, 0xad, 0x12, 0x36, 0x95, 0x11,
  0xd7, 0x8c, 0x12, 0xd7, 0x8c, 0x12, 0xd7, 0x8c, 0x12, 0xd7, 0x8c, 0x12, 0xd7, 0x8c, 0x12, 0xd7, 0x8c, 0x12, 0xd7, 0x8c, 0x12, 0xd7, 0x8c, 0x12,
  0xd7, 0x8c, 0x12, 0xd7, 0x8c, 0x12, 0xd7, 0x8c, 0x12, 0xd7, 0x8c, 0x12, 0xd7, 0x8c, 0x12, 0xd7, 0x8c, 0x12, 0xd7, 0x8c, 0x12, 0xd7, 0x8c, 0x12,
  0xd7, 0x8c, 0x12, 0xd7, 0x8c, 0x12, 0xd7, 0x8c, 0x12, 0xd7, 0x8c, 0x12, 0xd7, 0x8c, 0x12, 0xd7, 0x8c, 0x12, 0xd7, 0x8c, 0x12, 0x36, 0x95, 0x11,
  0xda, 0xad, 0x12, 0x00, 0x00, 0x01, 0x00, 0x00, 0x00, 0x00, 0x00, 0x01, 0x00, 0x00, 0x00, 0x00, 0x00, 0x00, 0x00, 0x00, 0x00, 0x00, 0x00, 0x00,
  0x00, 0x00, 0x00, 0x00, 0x00, 0x00, 0x00, 0x00, 0x00, 0x00, 0x00, 0x00, 0x00, 0x00, 0x00, 0x00, 0x00, 0x00, 0x00, 0x00, 0x00, 0x00, 0x00, 0x00
};
const lv_img_dsc_t wx_fog_L = {
  .header = { .cf = LV_IMG_CF_TRUE_COLOR_ALPHA, .always_zero = 0, .reserved = 0, .w = 52, .h = 52 },
  .data_size = 8112,
  .data = wx_fog_L_map,
};

